customer_id,snapshot_date,probability_product_acquired,propensity_decile
602,2024-05-30,0.10350166144026729,6
6001,2024-04-30,0.08122361598001777,7
4975,2024-05-30,0.1132290435206296,5
852,2024-05-30,0.18327494943079073,3
3838,2024-04-30,0.0966112108517579,6
8732,2024-05-30,0.16655585828850022,3
8162,2024-05-30,0.17685156431738067,3
1095,2024-01-31,0.03572521490044542,10
6959,2024-05-30,0.0402916469800931,10
8763,2024-01-01,0.11196385665426271,5
8705,2024-04-30,0.11165910073461045,5
3085,2024-05-30,0.19589495474765053,3
4420,2024-01-31,0.12718307567095302,5
2112,2024-04-30,0.16235961995419276,3
5491,2024-03-31,0.04111631509203152,10
1676,2024-01-31,0.04473431433658217,10
5136,2024-01-01,0.07414273428085077,8
6507,2024-03-01,0.1277955725046433,4
5422,2024-03-01,0.18084998726505108,3
6395,2024-01-01,0.03544124377504567,10
3071,2024-03-31,0.19090337414175562,3
1597,2024-03-01,0.0739835133167571,8
5921,2024-01-31,0.21209205502757594,2
6267,2024-01-01,0.041092132776036905,10
3460,2024-04-30,0.14541795689149764,4
8957,2024-03-31,0.03832335630676389,10
2689,2024-01-31,0.3092147981792895,1
2029,2024-01-31,0.16093221983856046,3
2207,2024-01-01,0.1179625614544158,5
506,2024-03-01,0.0914134950936414,6
1878,2024-01-01,0.09293528630505496,6
3813,2024-03-01,0.05170715113650889,9
295,2024-03-31,0.055655904874773766,9
6967,2024-05-30,0.1534232123344834,4
9680,2024-04-30,0.037212348276692765,10
5386,2024-04-30,0.1598756252613259,3
4396,2024-01-01,0.14076526829116884,4
7194,2024-01-01,0.10646647665501495,5
5873,2024-01-31,0.048083566599175946,10
5731,2024-03-01,0.051011372086087,9
9539,2024-04-30,0.21205868749528264,2
8879,2024-01-01,0.09840048164242943,6
3657,2024-01-01,0.15321093261707353,4
1536,2024-04-30,0.19813548579398135,3
6194,2024-01-01,0.10918030648185409,5
4187,2024-03-31,0.058066683210419676,9
6342,2024-03-31,0.21386716443716736,2
9091,2024-01-31,0.0733614936727772,8
9064,2024-04-30,0.043698571516121644,10
27,2024-05-30,0.2588388232172716,2
3239,2024-03-31,0.318201955345909,1
417,2024-03-31,0.1997517799120015,3
7004,2024-01-31,0.06149054337525045,9
6431,2024-03-01,0.10472945899645186,6
5122,2024-05-30,0.12216046061173863,5
7311,2024-01-01,0.06240096031823211,9
1672,2024-03-01,0.072317922891322,8
3587,2024-03-31,0.11043633778369243,5
9980,2024-01-31,0.19259125377685615,3
6272,2024-04-30,0.10145464167083755,6
33,2024-04-30,0.1627916493832525,3
4445,2024-01-01,0.12419228786266451,5
7461,2024-04-30,0.06023618502547885,9
6456,2024-01-01,0.09019628519519926,6
8147,2024-05-30,0.14479938146574048,4
8351,2024-01-01,0.042790773522971365,10
6564,2024-01-31,0.11750089643337508,5
8038,2024-05-30,0.03309016241871839,10
8122,2024-03-31,0.3331146776185908,1
3989,2024-04-30,0.02323602909999629,10
715,2024-04-30,0.18997461284511666,3
1465,2024-01-01,0.28952965036716355,2
2133,2024-01-31,0.10531575960232849,6
4883,2024-03-31,0.09179490333403188,6
2405,2024-04-30,0.07960655978336947,7
9091,2024-05-30,0.07292383809966035,8
7963,2024-01-01,0.0436798586190496,10
2829,2024-03-01,0.2825798943774737,2
6060,2024-01-01,0.10382733986589532,6
4088,2024-04-30,0.07571604327411212,8
5413,2024-04-30,0.10399962319867055,6
8867,2024-04-30,0.17036616926699066,3
9040,2024-01-31,0.06145916571390511,9
1694,2024-01-01,0.2158517344215536,2
807,2024-04-30,0.03388249272892072,10
6076,2024-05-30,0.11514962058464216,5
1668,2024-04-30,0.07144280675815154,8
1757,2024-03-31,0.07735186131903699,7
3195,2024-04-30,0.048167446580949666,10
3706,2024-03-31,0.11787744679257456,5
1542,2024-03-31,0.0635372545531315,9
556,2024-05-30,0.08124849901140896,7
4236,2024-01-31,0.1187516450565632,5
1917,2024-04-30,0.07868776335995138,7
7673,2024-03-31,0.042333821018143744,10
9630,2024-03-31,0.1308303988173524,4
2866,2024-04-30,0.7464400211805009,1
7836,2024-03-31,0.2037382945139715,2
875,2024-05-30,0.0690977122684371,8
5392,2024-01-01,0.33148909217009254,1
6127,2024-04-30,0.0428897473100096,10
4708,2024-04-30,0.09810266773785573,6
8906,2024-04-30,0.0957283220339991,6
9203,2024-05-30,0.09098935905759488,6
5611,2024-03-01,0.2309062801284794,2
1140,2024-03-01,0.07570653251870119,8
4186,2024-01-31,0.323398835989325,1
949,2024-01-01,0.1527323900290249,4
4456,2024-03-01,0.054387423250958467,9
1307,2024-05-30,0.07429886106236847,8
3771,2024-03-01,0.329287594017984,1
5567,2024-03-31,0.0662754661862826,8
6322,2024-01-31,0.12652955405138577,5
1790,2024-01-31,0.08005584686296069,7
9809,2024-04-30,0.08727493003849639,7
3269,2024-05-30,0.118502396565688,5
1465,2024-05-30,0.6317210741867764,1
8634,2024-04-30,0.05374381315029751,9
545,2024-03-01,0.06945300441665007,8
4600,2024-01-31,0.11877636478022957,5
1944,2024-01-31,0.15239114815575372,4
7022,2024-01-01,0.26094561594028276,2
2350,2024-04-30,0.051797458380838275,9
8756,2024-01-31,0.03315123838867896,10
2930,2024-03-01,0.03694401770003677,10
7310,2024-01-01,0.26979998575366604,2
8290,2024-01-01,0.05685869583713167,9
5310,2024-01-31,0.024717887632438866,10
7065,2024-03-01,0.11843101836622233,5
8157,2024-03-01,0.1673826857844484,3
9034,2024-05-30,0.09847120951775461,6
9244,2024-01-31,0.1427784244843166,4
9179,2024-03-01,0.06502128092316475,8
5703,2024-04-30,0.06437983619740317,8
4532,2024-01-31,0.08216983711861382,7
9677,2024-03-31,0.20226293770115503,2
5456,2024-05-30,0.2097245487519885,2
1662,2024-03-31,0.039286495652186115,10
7215,2024-04-30,0.06911801184805136,8
2468,2024-01-01,0.1367198066747932,4
6224,2024-05-30,0.24038225640288904,2
5022,2024-05-30,0.1698829560914993,3
7911,2024-01-01,0.4018773327187249,1
3056,2024-01-31,0.2361115557230735,2
9066,2024-01-31,0.1356815577938819,4
5406,2024-03-31,0.03933734626774578,10
7962,2024-01-01,0.06998691554854726,8
1848,2024-03-01,0.15598599494273468,3
7981,2024-01-31,0.16545653310178252,3
7057,2024-03-01,0.11250117581190894,5
4484,2024-03-01,0.1546076304813116,4
5612,2024-01-31,0.07403741480993206,8
8715,2024-03-31,0.08377521962819263,7
3914,2024-01-01,0.040299844395597875,10
6970,2024-03-31,0.09508300241841548,6
6835,2024-03-31,0.06414421185757262,8
5363,2024-04-30,0.07542154435655073,8
9986,2024-01-31,0.1786526480160349,3
4409,2024-01-01,0.09272660867277985,6
6870,2024-05-30,0.07328381957482921,8
8040,2024-04-30,0.21719984064069503,2
3847,2024-01-31,0.06322539004954633,9
2984,2024-03-31,0.12952867716321426,4
4281,2024-04-30,0.3919405703639562,1
9290,2024-01-01,0.09075996434633565,6
5541,2024-01-01,0.4710577125890199,1
104,2024-04-30,0.094763894152249,6
8028,2024-01-01,0.17470071880927374,3
2412,2024-03-31,0.04173813762332796,10
6360,2024-03-01,0.0860137662910494,7
1229,2024-05-30,0.03849697096615339,10
7974,2024-03-31,0.12767567578722055,4
4976,2024-01-31,0.09604367179537333,6
153,2024-04-30,0.16235962948857927,3
618,2024-05-30,0.2115626705065236,2
5961,2024-04-30,0.08747093199941172,7
2915,2024-01-31,0.4379721144146283,1
7017,2024-04-30,0.07930216360300492,7
2345,2024-04-30,0.08176912933438571,7
902,2024-05-30,0.06869364381094714,8
6454,2024-01-31,0.11344693117371873,5
9594,2024-01-31,0.17941343412266905,3
7087,2024-03-31,0.10288922154387883,6
5364,2024-01-31,0.16281356965950658,3
5806,2024-05-30,0.10580971661572423,6
2124,2024-01-31,0.09659862239842147,6
3163,2024-04-30,0.07023373524079667,8
2140,2024-04-30,0.07297017617546912,8
1595,2024-04-30,0.054536592956390795,9
4096,2024-01-31,0.08796289580666566,7
5313,2024-05-30,0.0445662173368294,10
2148,2024-01-31,0.24122791306292946,2
1132,2024-03-31,0.16081715428177865,3
4432,2024-04-30,0.6826885104736398,1
2002,2024-01-31,0.06735871777612094,8
9466,2024-01-31,0.06063898205892991,9
2427,2024-01-01,0.11574455187165292,5
2177,2024-01-31,0.1396935935959818,4
8839,2024-01-01,0.9795434161159173,1
2621,2024-03-01,0.09465354533002414,6
131,2024-03-31,0.11927319538791503,5
5469,2024-01-01,0.07785703576974856,7
4041,2024-04-30,0.15549486661570433,3
6049,2024-05-30,0.06698319521057554,8
3532,2024-01-31,0.10980266881737856,5
3990,2024-05-30,0.0750209510975051,8
9123,2024-01-31,0.39588094713469096,1
5267,2024-03-01,0.06405054601342793,8
4881,2024-01-31,0.48789947395842015,1
3802,2024-03-31,0.39099741900235113,1
2434,2024-05-30,0.11518505827247384,5
452,2024-01-31,0.11022271422417088,5
1673,2024-04-30,0.05171323964748872,9
3838,2024-03-01,0.06951589835277557,8
1734,2024-04-30,0.2940086894240757,2
3283,2024-04-30,0.1279693357835155,4
3074,2024-01-01,0.17272070879575563,3
8947,2024-01-31,0.04277874098794044,10
1200,2024-04-30,0.045641537358206086,10
2992,2024-03-31,0.202243667565097,2
6810,2024-05-30,0.07716250808256844,7
5730,2024-01-01,0.09491095676944965,6
8904,2024-03-01,0.06708167937352337,8
2758,2024-03-31,0.14398621760664806,4
5557,2024-05-30,0.1014153285267435,6
5359,2024-01-01,0.24247698306586746,2
8861,2024-05-30,0.1310602507312954,4
7506,2024-01-01,0.10304862297423986,6
4292,2024-03-01,0.06302629533158245,9
7630,2024-05-30,0.08459250360479256,7
2300,2024-03-31,0.17819242283222353,3
5842,2024-05-30,0.07450612919718284,8
1705,2024-03-31,0.08657336906229185,7
2148,2024-04-30,0.2683658179272892,2
7372,2024-04-30,0.1952646680161789,3
1505,2024-01-31,0.4364770677593252,1
4442,2024-01-31,0.04465378520451005,10
583,2024-05-30,0.03441431648405592,10
6367,2024-01-01,0.04054622399627451,10
8066,2024-01-01,0.05169797939469504,9
1403,2024-01-31,0.12340222844280625,5
8624,2024-03-31,0.0860020983615311,7
2367,2024-03-31,0.06872025646643452,8
7303,2024-03-31,0.10797002663470104,5
5382,2024-01-31,0.16050885729867967,3
7350,2024-01-01,0.03709350054405027,10
9176,2024-03-01,0.19807030528319075,3
5653,2024-04-30,0.206213037520207,2
7259,2024-01-31,0.077471283723945,7
957,2024-01-01,0.05166903037537435,9
1453,2024-03-31,0.1480835894837419,4
845,2024-03-31,0.06686195153144392,8
4406,2024-01-01,0.10072318991318774,6
1881,2024-03-31,0.09332888400293395,6
8433,2024-04-30,0.04123360473017212,10
6754,2024-03-31,0.12396725985580681,5
2695,2024-03-31,0.07549353153021512,8
909,2024-04-30,0.06178213779062002,9
576,2024-03-01,0.6979445409533807,1
6797,2024-03-01,0.13958468146412514,4
1060,2024-01-31,0.08874295316561101,7
4049,2024-01-31,0.21482427027110176,2
1022,2024-03-01,0.40278338007047504,1
1621,2024-03-01,0.05970960942028038,9
4151,2024-01-31,0.03457934860675836,10
3955,2024-03-01,0.14536421682352355,4
7364,2024-01-31,0.07998814147255869,7
5102,2024-04-30,0.08607681416770681,7
7717,2024-03-31,0.10079067969839582,6
5852,2024-04-30,0.08662148456009637,7
1227,2024-03-01,0.1129928723188445,5
7897,2024-03-01,0.2208137718918753,2
7326,2024-03-01,0.1125798775047248,5
4695,2024-03-31,0.03204154643583134,10
1364,2024-03-31,0.06941970181739524,8
2256,2024-04-30,0.1856696612215795,3
5692,2024-01-01,0.03583173242872453,10
8258,2024-03-01,0.06773388831739859,8
5441,2024-01-31,0.05117740975178981,9
2477,2024-05-30,0.10503660045912838,6
9805,2024-01-01,0.06943083384328481,8
3022,2024-04-30,0.065008381812,8
5128,2024-03-01,0.0556493209262937,9
7664,2024-03-31,0.22673288680642223,2
4902,2024-04-30,0.07814515645354432,7
5009,2024-04-30,0.2233315146698131,2
1563,2024-03-31,0.10775456194116113,5
3699,2024-05-30,0.11592707927171676,5
2422,2024-05-30,0.054891499135535905,9
8383,2024-01-31,0.12244428750247614,5
4764,2024-01-01,0.11518976444664411,5
9632,2024-05-30,0.20223430284263516,2
2636,2024-03-31,0.14485401892128139,4
4693,2024-03-01,0.34838631054824,1
636,2024-03-01,0.4573896361047841,1
8935,2024-01-31,0.06994794332986654,8
9885,2024-03-01,0.06718844532055333,8
8788,2024-01-31,0.10566292206952932,6
3601,2024-03-01,0.14078143279983574,4
3666,2024-05-30,0.0280626464777956,10
7055,2024-03-31,0.15108627286598997,4
2719,2024-01-31,0.22428971817593407,2
1259,2024-03-31,0.2542621687874607,2
1532,2024-01-31,0.045004611372418644,10
2525,2024-01-01,0.09691788147590982,6
3304,2024-04-30,0.04545897595987892,10
9694,2024-03-01,0.09401749526023731,6
5015,2024-04-30,0.11663658139664153,5
8142,2024-04-30,0.06651110029869552,8
6741,2024-03-31,0.1345875150713657,4
8968,2024-03-31,0.3457026000403879,1
1754,2024-01-01,0.07038475200714095,8
5734,2024-05-30,0.5917866470747885,1
1234,2024-01-01,0.07963924310897379,7
4831,2024-01-01,0.08643312307688063,7
4221,2024-03-31,0.0315943060656949,10
2592,2024-03-01,0.08797460998625964,7
8863,2024-03-31,0.20475142729823512,2
3562,2024-01-01,0.1958255528305248,3
7498,2024-03-31,0.5922476168901122,1
735,2024-03-31,0.273409961934455,2
9652,2024-03-01,0.05635998150850773,9
8918,2024-03-31,0.08036073780448415,7
554,2024-04-30,0.36195395991914053,1
1338,2024-03-31,0.09095465959717147,6
2212,2024-03-01,0.18515733090834072,3
1754,2024-05-30,0.043254356053998924,10
9024,2024-05-30,0.11883108500874197,5
1901,2024-05-30,0.06057329864024363,9
1445,2024-01-01,0.0577252351847004,9
6957,2024-01-31,0.6413892620323302,1
4618,2024-01-31,0.06349854714564378,9
6107,2024-04-30,0.10640272624150275,5
3998,2024-01-01,0.08722904142083124,7
8029,2024-03-31,0.08469947953410581,7
7376,2024-01-31,0.05989839271788532,9
509,2024-03-01,0.17374376087236415,3
2734,2024-04-30,0.07870138190588168,7
572,2024-05-30,0.11370486608668007,5
6314,2024-03-31,0.05927648692591537,9
6023,2024-04-30,0.07466838228680814,8
3069,2024-03-31,0.12132676684456715,5
5719,2024-04-30,0.0820277619037283,7
173,2024-04-30,0.03957909024491138,10
7186,2024-05-30,0.2101849208204095,2
6014,2024-01-31,0.26099593078537425,2
9879,2024-01-31,0.12777888304923066,4
1081,2024-01-31,0.05873861441603475,9
8773,2024-01-01,0.07047055353210159,8
3693,2024-03-31,0.15547861914596756,3
6998,2024-03-01,0.09932696845844508,6
8433,2024-05-30,0.05104299910660475,9
5643,2024-03-31,0.09344207226797847,6
6260,2024-05-30,0.09922288180274243,6
6164,2024-01-31,0.18581459270279202,3
2366,2024-04-30,0.1577479707664968,3
6492,2024-01-31,0.07643668258964623,7
6193,2024-05-30,0.11125200790535296,5
5064,2024-03-01,0.17019272465144783,3
8054,2024-01-31,0.1699612860102882,3
5689,2024-01-01,0.19591137539163472,3
7024,2024-05-30,0.4977295013054765,1
7675,2024-05-30,0.039219359431624544,10
9160,2024-01-31,0.3578944963628409,1
3361,2024-04-30,0.4867378163515853,1
7617,2024-05-30,0.17148305268944466,3
8217,2024-05-30,0.062130879078063084,9
5249,2024-03-01,0.053255687191813,9
9148,2024-03-01,0.17161278805357952,3
5771,2024-04-30,0.05217230687700504,9
419,2024-03-31,0.16826421784241147,3
6892,2024-05-30,0.14879834413248316,4
6027,2024-03-01,0.07242576950517292,8
9004,2024-03-01,0.07927210434781384,7
718,2024-03-01,0.592700488973301,1
2110,2024-05-30,0.06784828914308445,8
4675,2024-04-30,0.12414112182368926,5
5752,2024-01-01,0.09989540693028502,6
2789,2024-01-31,0.16405878444554084,3
9753,2024-01-01,0.09162877134754033,6
3610,2024-01-01,0.1765769260943272,3
3603,2024-04-30,0.08506205578010063,7
9793,2024-01-01,0.2402625972234742,2
2979,2024-01-31,0.20131208078927712,2
9822,2024-03-01,0.14350370903476709,4
8851,2024-03-01,0.10441777096046038,6
2640,2024-01-01,0.04037461762711461,10
8814,2024-01-31,0.08392676580106671,7
5758,2024-03-01,0.06664702172174462,8
5713,2024-01-31,0.06844697987463137,8
2353,2024-01-01,0.06855781808002523,8
73,2024-04-30,0.06705710842794986,8
2273,2024-03-01,0.2269310646455009,2
9218,2024-05-30,0.18723023890688148,3
9235,2024-03-31,0.045332954902148455,10
939,2024-01-01,0.1677872081909589,3
8276,2024-03-31,0.08167518251840808,7
2859,2024-01-01,0.34772809621236606,1
9933,2024-04-30,0.3346013644525837,1
177,2024-03-01,0.21424996589148645,2
5375,2024-04-30,0.04726622354371663,10
9809,2024-03-31,0.0681179696882618,8
2200,2024-01-01,0.07575142769335026,8
9816,2024-01-31,0.044249640836766205,10
2786,2024-01-31,0.18616994370346604,3
7539,2024-03-01,0.09796209234332343,6
543,2024-01-01,0.20820155468673937,2
1172,2024-01-01,0.06872691512965969,8
3023,2024-03-31,0.4066299375197993,1
5387,2024-05-30,0.0531778332693692,9
9890,2024-03-01,0.19186588346527872,3
8923,2024-01-01,0.07007983650775551,8
8905,2024-01-31,0.09351889265131053,6
3851,2024-05-30,0.03264867423479188,10
2919,2024-04-30,0.18644397955502148,3
2503,2024-03-01,0.03482357124654563,10
3327,2024-03-31,0.37193444997744113,1
8956,2024-03-01,0.11216215150461538,5
3174,2024-03-01,0.06723837583633885,8
1777,2024-01-01,0.15414228203970431,4
2338,2024-01-01,0.24193408455042498,2
981,2024-01-01,0.2749443206560498,2
7144,2024-04-30,0.12189412053320407,5
7158,2024-03-31,0.33624740981957235,1
169,2024-04-30,0.09383601301853696,6
8421,2024-01-01,0.21696283299625438,2
1112,2024-03-31,0.1146054276475914,5
159,2024-05-30,0.280231801297491,2
3836,2024-03-31,0.643966735068739,1
8415,2024-01-31,0.17107723374270947,3
5517,2024-01-31,0.08310155609607137,7
5269,2024-04-30,0.13544665192270924,4
4840,2024-03-01,0.0578059187716074,9
5988,2024-05-30,0.15660948134393315,3
8289,2024-01-01,0.10964056352751389,5
9761,2024-01-31,0.05506548734575427,9
4539,2024-03-31,0.08177411899736942,7
5810,2024-01-31,0.066331819665012,8
2348,2024-03-01,0.10957343718864544,5
9082,2024-01-01,0.22325515985209182,2
3555,2024-04-30,0.0436337551519694,10
7107,2024-05-30,0.06539515849943178,8
9127,2024-05-30,0.12607033032064088,5
7904,2024-04-30,0.12603674344679053,5
419,2024-01-31,0.16298687714510257,3
5324,2024-05-30,0.13797237047618344,4
3929,2024-05-30,0.3586906792049772,1
616,2024-05-30,0.080788325901027,7
4949,2024-04-30,0.1172951808605833,5
5992,2024-01-01,0.062100519310093596,9
2145,2024-01-31,0.12168195430874611,5
7504,2024-03-01,0.1947003280257725,3
887,2024-03-31,0.06438291765255905,8
4232,2024-01-01,0.07237793722357115,8
6353,2024-03-31,0.04482619658248354,10
8985,2024-03-31,0.056758189958674696,9
2526,2024-03-31,0.03276533007973435,10
4582,2024-03-01,0.09411722831151607,6
8707,2024-01-31,0.5934696961166244,1
808,2024-01-31,0.10201352726671382,6
7797,2024-01-01,0.09724074169524619,6
2032,2024-03-31,0.05252533051938846,9
6169,2024-01-01,0.3190538316114276,1
6869,2024-01-01,0.4793971744930676,1
2966,2024-05-30,0.07740748847741047,7
7006,2024-01-01,0.10902747468008832,5
9545,2024-01-31,0.062106993922876566,9
7267,2024-03-01,0.4627127253377066,1
3422,2024-03-31,0.11062539943482669,5
2048,2024-03-01,0.06708532151953299,8
5220,2024-01-01,0.05511294689565336,9
1293,2024-01-31,0.42374437599040254,1
9569,2024-05-30,0.12869513612423888,4
457,2024-04-30,0.05891800429341385,9
1823,2024-01-31,0.27754444586891086,2
9045,2024-01-01,0.09458951321331993,6
6367,2024-01-31,0.03498242259844176,10
6848,2024-04-30,0.044781635533704095,10
4819,2024-04-30,0.10338935034063418,6
2485,2024-04-30,0.12171815943456642,5
5530,2024-01-31,0.11319376914136281,5
5740,2024-03-31,0.10250100320157893,6
7131,2024-03-01,0.04159251823463228,10
3014,2024-01-01,0.06448498318456809,8
7832,2024-01-01,0.12923054487121968,4
8240,2024-03-01,0.20573475733617622,2
2759,2024-01-31,0.09657027448128601,6
2499,2024-01-01,0.03893745096542136,10
485,2024-03-31,0.17289612571713714,3
8048,2024-03-31,0.10392879432650708,6
9816,2024-03-31,0.03868627194891871,10
4156,2024-03-31,0.07115775619625035,8
6047,2024-03-31,0.0902953660520004,6
8851,2024-01-31,0.11977189082400491,5
9394,2024-04-30,0.05577379979356725,9
3557,2024-01-31,0.045544758949941186,10
3317,2024-04-30,0.11397007299806731,5
5085,2024-03-31,0.16648600536477778,3
1130,2024-03-31,0.17824749737738277,3
8362,2024-04-30,0.11522113883038008,5
2550,2024-03-31,0.1936761600518613,3
4671,2024-01-31,0.10807174832917202,5
954,2024-04-30,0.060139201019765616,9
7332,2024-05-30,0.09212457026873391,6
6155,2024-03-01,0.14803435639424609,4
6740,2024-01-01,0.11147336713512838,5
3640,2024-05-30,0.12381794663537256,5
1684,2024-05-30,0.14296470454906238,4
8972,2024-05-30,0.3552385103838489,1
9883,2024-04-30,0.08908075381481034,7
2854,2024-03-31,0.10432774363640834,6
40,2024-05-30,0.12675116479512097,5
7401,2024-03-31,0.06642526296595751,8
6542,2024-05-30,0.3601823488506558,1
4361,2024-05-30,0.10241779734262144,6
1153,2024-03-31,0.021225828048828783,10
8688,2024-03-01,0.12752159104149666,4
3141,2024-04-30,0.09915456758484409,6
5703,2024-03-01,0.051324120020241004,9
302,2024-04-30,0.09863002351328044,6
3186,2024-01-31,0.2995068342179152,1
9262,2024-04-30,0.1374283503972827,4
602,2024-01-31,0.08209335485874801,7
6688,2024-01-31,0.11553617949692879,5
6081,2024-04-30,0.059407659034937936,9
8738,2024-01-01,0.08614150370240604,7
1322,2024-05-30,0.08172006853511911,7
7357,2024-04-30,0.3394386994297346,1
2727,2024-05-30,0.06911800225806651,8
4599,2024-03-01,0.0953566037346954,6
5598,2024-03-01,0.05751685134660839,9
8506,2024-04-30,0.35300878166819943,1
7086,2024-05-30,0.030349642730016283,10
2905,2024-04-30,0.05233371239592602,9
4536,2024-03-01,0.3047853119277834,1
596,2024-03-01,0.2806239137077308,2
6794,2024-03-31,0.06504336084999293,8
6734,2024-01-31,0.21028056892783656,2
4772,2024-03-01,0.0749406264040598,8
3660,2024-03-31,0.09258552198129827,6
5700,2024-04-30,0.03167711477378527,10
8973,2024-01-31,0.08749442100676746,7
8910,2024-03-31,0.04648334985868598,10
3123,2024-03-01,0.14150815972595307,4
3775,2024-03-31,0.14043905599381828,4
8603,2024-05-30,0.0545031065307848,9
932,2024-05-30,0.10602735202754283,5
889,2024-03-31,0.3776860721463742,1
4046,2024-01-01,0.08643448807504923,7
9909,2024-03-01,0.12085360479022614,5
166,2024-05-30,0.07163352552989309,8
1605,2024-04-30,0.039147600966439856,10
3024,2024-03-01,0.16733388600320837,3
6700,2024-01-31,0.04905583407725622,10
556,2024-03-31,0.0666732966054927,8
3887,2024-03-31,0.198239072860438,3
2355,2024-05-30,0.10085012456482643,6
9319,2024-03-01,0.047877161945185924,10
7897,2024-01-01,0.19940454347257797,3
1552,2024-04-30,0.2514091629086791,2
5415,2024-01-31,0.10370686934538795,6
6462,2024-03-01,0.08470812382834932,7
6111,2024-03-31,0.18689943492759048,3
8872,2024-01-01,0.19952413522691098,3
8112,2024-01-01,0.05032944158610338,9
1322,2024-03-01,0.06793987089568351,8
3675,2024-01-31,0.12078199157548075,5
4130,2024-03-01,0.5770049370647817,1
2733,2024-05-30,0.08668160514290577,7
1366,2024-01-31,0.04220486425388423,10
562,2024-01-01,0.08514246094381202,7
9448,2024-01-31,0.12850782738525526,4
1180,2024-01-31,0.1956906316714159,3
1062,2024-03-01,0.053628694498640044,9
2225,2024-01-01,0.05676016770165082,9
3897,2024-01-01,0.1409637139498918,4
5352,2024-01-01,0.10592813205328602,5
4359,2024-05-30,0.06728042246123114,8
3266,2024-03-31,0.14816103482300083,4
47,2024-01-31,0.19448587278863777,3
4291,2024-05-30,0.1481478016830716,4
7914,2024-01-31,0.056688649534816865,9
4016,2024-01-31,0.03492078090360909,10
2935,2024-01-31,0.0630290587340098,9
2744,2024-01-01,0.07752736206213626,7
1083,2024-03-31,0.043626438274710175,10
8436,2024-05-30,0.0372350160156419,10
784,2024-01-01,0.040406050792312714,10
8082,2024-01-01,0.11379926724123107,5
5164,2024-03-31,0.06702115043066496,8
293,2024-05-30,0.0577521681680006,9
8678,2024-04-30,0.06216491042393009,9
5504,2024-01-01,0.06470476771267712,8
1326,2024-03-01,0.07962614560870464,7
7945,2024-05-30,0.05645903660755375,9
8835,2024-03-01,0.09624747012244665,6
2075,2024-01-31,0.12620108897067228,5
2903,2024-01-31,0.19937082961996894,3
1152,2024-03-01,0.26939124151094207,2
442,2024-03-01,0.17502483585455295,3
9753,2024-03-01,0.0705324310817553,8
6080,2024-04-30,0.3237039860333692,1
1168,2024-03-01,0.05475650445007923,9
8963,2024-01-31,0.1892771717321988,3
1275,2024-05-30,0.1633128703160273,3
2722,2024-04-30,0.08975914571348582,7
281,2024-01-31,0.2023252788251563,2
6762,2024-05-30,0.12942227335602166,4
9670,2024-04-30,0.0817674582925711,7
6816,2024-03-31,0.14151286214344788,4
7138,2024-05-30,0.09994499012185423,6
7602,2024-04-30,0.14137160801601117,4
1071,2024-05-30,0.3443020300696322,1
2101,2024-03-01,0.06683469201431093,8
5335,2024-01-01,0.1778727695945719,3
581,2024-05-30,0.7392076842059914,1
3262,2024-03-31,0.36091426191073683,1
6856,2024-05-30,0.051825570555694735,9
4988,2024-01-01,0.37221195316466354,1
5650,2024-01-31,0.09874589828299622,6
5727,2024-01-31,0.1527583252985562,4
2711,2024-04-30,0.12695184126829506,5
9176,2024-05-30,0.16402116198786754,3
728,2024-01-31,0.1405023911325031,4
9139,2024-03-31,0.10860774108165717,5
715,2024-01-01,0.19714147827646686,3
9307,2024-03-31,0.3375665729705753,1
3741,2024-01-01,0.2824925200377238,2
9661,2024-04-30,0.2994208030984376,1
6288,2024-01-01,0.07855620086065847,7
4610,2024-01-31,0.11401959292593171,5
421,2024-01-01,0.1772040872250692,3
7594,2024-03-31,0.7021905700753592,1
9785,2024-05-30,0.11987092155426775,5
4055,2024-01-31,0.1327718061412218,4
4562,2024-04-30,0.22347368218194233,2
7394,2024-01-01,0.049715453411702894,10
5874,2024-03-01,0.38794280781694607,1
6977,2024-04-30,0.3243404155542321,1
8682,2024-01-31,0.06373150858626585,9
8770,2024-05-30,0.0600950604678465,9
553,2024-01-01,0.14763305232173907,4
9145,2024-04-30,0.1199479592421656,5
8134,2024-04-30,0.28609665668335904,2
6160,2024-01-31,0.11086996490906419,5
6359,2024-03-31,0.05994553112066754,9
1880,2024-03-31,0.36124747509131144,1
1103,2024-04-30,0.1664032330598845,3
6962,2024-05-30,0.11830506170147247,5
7313,2024-01-01,0.11854257959130922,5
3386,2024-05-30,0.4687604449656788,1
3675,2024-04-30,0.20541458313057284,2
8091,2024-01-31,0.028344876148042156,10
4295,2024-03-01,0.06269352117008166,9
1322,2024-01-31,0.09879440487971408,6
708,2024-01-01,0.07678290550159067,7
4770,2024-03-31,0.08207073158237117,7
9641,2024-05-30,0.03909720852857638,10
5471,2024-03-01,0.15356337407108853,4
4199,2024-01-01,0.16709321866079846,3
7848,2024-03-01,0.0854519903639506,7
4886,2024-04-30,0.08152174751245288,7
1680,2024-03-01,0.08353041945148182,7
9400,2024-01-01,0.12059154521751782,5
2599,2024-01-01,0.08018803028165447,7
4735,2024-05-30,0.12044619127640128,5
7877,2024-03-01,0.1722309869024399,3
8242,2024-05-30,0.039933740577132865,10
9455,2024-03-01,0.34001447079205827,1
9883,2024-03-01,0.12929332901868212,4
7876,2024-03-01,0.06853718126923666,8
2180,2024-01-01,0.10015025562862159,6
7075,2024-03-31,0.046335406714034764,10
7844,2024-03-01,0.047651964140109596,10
6907,2024-01-31,0.03883128223938412,10
38,2024-04-30,0.05756029390715419,9
8255,2024-05-30,0.05386536639193135,9
8151,2024-05-30,0.06542649964704461,8
2445,2024-04-30,0.10393280920772344,6
5152,2024-05-30,0.5798707883898903,1
5539,2024-01-31,0.4722433372793432,1
6182,2024-03-31,0.2567339578063676,2
8745,2024-05-30,0.1578871074774963,3
5486,2024-03-31,0.257104237205284,2
3459,2024-03-31,0.05993298142561857,9
7122,2024-03-31,0.3238190214098989,1
118,2024-03-31,0.11595298012764466,5
7412,2024-04-30,0.05014614435933563,9
8129,2024-04-30,0.06396750414978386,8
4798,2024-03-31,0.12827078550376506,4
9302,2024-05-30,0.06676256544810656,8
5163,2024-01-31,0.3528370822519671,1
4081,2024-05-30,0.02886666841044933,10
8975,2024-03-01,0.0574000063909528,9
7983,2024-03-31,0.1611379341642203,3
5446,2024-03-01,0.13728708903292391,4
1709,2024-03-01,0.04041137737591905,10
7149,2024-01-01,0.10269625328017153,6
2823,2024-03-31,0.06908404512243625,8
604,2024-01-31,0.31648479805801155,1
7042,2024-01-01,0.17973311636463155,3
1296,2024-03-01,0.10130295687167908,6
6612,2024-01-01,0.19736043135754133,3
9328,2024-04-30,0.25666535479636293,2
2615,2024-01-01,0.11353236901050733,5
3023,2024-05-30,0.5341332628021978,1
4275,2024-01-01,0.13899024373258678,4
56,2024-03-31,0.1776033971901472,3
4796,2024-04-30,0.3239593518808612,1
9742,2024-01-01,0.04921596241207759,10
4790,2024-03-01,0.2564072206945112,2
7301,2024-05-30,0.07074233820363522,8
5454,2024-01-31,0.15474412745688942,4
1160,2024-03-31,0.1639951108982772,3
106,2024-01-31,0.13499123172680016,4
6835,2024-04-30,0.06956975191326174,8
9199,2024-05-30,0.07939366217071286,7
2687,2024-01-31,0.13077012726374543,4
699,2024-03-31,0.16435442487010934,3
2726,2024-01-31,0.05279788126809213,9
9007,2024-01-31,0.15136256510567447,4
3986,2024-03-31,0.07883772245193643,7
3685,2024-01-01,0.07868670888662897,7
2020,2024-03-01,0.07002731518883208,8
5283,2024-05-30,0.10621090985292482,5
6963,2024-04-30,0.07159522210234832,8
4085,2024-03-31,0.062470519944117356,9
6674,2024-05-30,0.048142721805534236,10
6432,2024-01-31,0.05979860809419131,9
6431,2024-01-01,0.09246311042399952,6
8899,2024-03-31,0.07956399256371142,7
9183,2024-01-31,0.06770794554342112,8
7349,2024-03-31,0.1476394741059547,4
9808,2024-05-30,0.09578729692996707,6
4138,2024-05-30,0.08291839887742722,7
730,2024-01-31,0.0664011455382663,8
4663,2024-01-31,0.10100307212335047,6
9470,2024-03-01,0.08823095067941343,7
8881,2024-01-31,0.06787930793368803,8
5564,2024-03-31,0.06998073109394412,8
31,2024-01-31,0.08277080201269817,7
8316,2024-01-01,0.18205719840989174,3
6032,2024-03-31,0.3760129253806507,1
7719,2024-05-30,0.10083122529390265,6
3919,2024-01-01,0.10718545951955347,5
9304,2024-04-30,0.24053085704244417,2
5235,2024-04-30,0.07725848903409654,7
5632,2024-01-01,0.07946468940765818,7
2025,2024-01-31,0.08749367090518327,7
9445,2024-01-31,0.09946270956825995,6
9536,2024-03-31,0.18674633673526708,3
8321,2024-03-01,0.08556430950358149,7
6738,2024-03-31,0.12048218729574413,5
1257,2024-01-31,0.058839860053527,9
5545,2024-03-31,0.14259553150170576,4
5090,2024-01-31,0.03700140227023255,10
3012,2024-01-31,0.23240171783779415,2
5720,2024-01-31,0.10051391410682778,6
9956,2024-03-01,0.0797306947568596,7
3398,2024-05-30,0.05689552947774875,9
3755,2024-05-30,0.09619417547248477,6
4057,2024-01-01,0.03012273576940505,10
8798,2024-01-31,0.06200409535507673,9
1231,2024-03-01,0.11563379180504675,5
3766,2024-01-01,0.3117018095570198,1
3279,2024-01-31,0.07265000000341681,8
7569,2024-03-31,0.2052405561393093,2
3616,2024-03-31,0.08350445464833246,7
2956,2024-01-31,0.22099027381199682,2
9935,2024-03-01,0.09637492708319148,6
3549,2024-05-30,0.10671144332570462,5
7272,2024-01-31,0.219114171518174,2
7744,2024-04-30,0.08060739322475541,7
5862,2024-05-30,0.09663375545463385,6
4017,2024-05-30,0.06152378212128796,9
7803,2024-01-31,0.08365017306609239,7
1778,2024-04-30,0.08981536594862194,7
9485,2024-01-01,0.084786383541826,7
9136,2024-01-31,0.07901965414952944,7
3671,2024-01-01,0.07855618375805712,7
5741,2024-01-01,0.08355404924827006,7
8613,2024-01-01,0.26545373668905947,2
7908,2024-01-01,0.07197613394700705,8
8281,2024-05-30,0.05096033641167866,9
533,2024-04-30,0.05172177572296414,9
4066,2024-01-31,0.2844339259908795,2
8776,2024-01-01,0.13638778057703044,4
4523,2024-01-01,0.1064962085904168,5
4315,2024-01-31,0.21271775151275346,2
6268,2024-01-01,0.12552733720147247,5
9595,2024-05-30,0.09262259408264728,6
5185,2024-03-31,0.041552950930917855,10
1218,2024-03-31,0.2975813259146605,1
9712,2024-01-31,0.09842640800233686,6
2725,2024-01-01,0.33269243317110436,1
9352,2024-01-01,0.1951774917377462,3
1374,2024-05-30,0.031171893856735543,10
3938,2024-03-31,0.12974630993256137,4
2957,2024-01-31,0.09891123134965958,6
9341,2024-01-31,0.11450731617117961,5
5059,2024-03-01,0.12793589408864384,4
2225,2024-03-01,0.06910805624700761,8
2340,2024-01-31,0.06252637258516096,9
2328,2024-04-30,0.15608005977092723,3
4171,2024-05-30,0.0453868183901162,10
2729,2024-01-31,0.5437670708284307,1
4929,2024-01-01,0.129218186569993,4
9900,2024-03-01,0.32938220708545746,1
4255,2024-03-01,0.07263430111244049,8
3853,2024-03-01,0.06336616723071196,9
2215,2024-01-31,0.056651522278907074,9
1169,2024-05-30,0.0639556546249871,8
4195,2024-04-30,0.06961317986796758,8
3222,2024-01-01,0.08358753214380107,7
5873,2024-01-01,0.048660559260107365,10
5044,2024-04-30,0.11611440867807389,5
7335,2024-04-30,0.054647952405047946,9
1361,2024-03-01,0.13007283362897493,4
320,2024-03-01,0.2305866272603218,2
155,2024-01-31,0.04618697454091131,10
7877,2024-03-31,0.13268748983818074,4
3073,2024-01-01,0.23607486674198933,2
2692,2024-03-01,0.11582149865628819,5
4880,2024-03-01,0.038091959953858966,10
5446,2024-01-31,0.1606367576518741,3
3971,2024-01-31,0.041155947779370185,10
4565,2024-03-31,0.07194263591457484,8
5653,2024-01-01,0.14825687239064486,4
7421,2024-03-31,0.2585642357743175,2
3557,2024-01-01,0.046562482301048015,10
7944,2024-04-30,0.1299370260278513,4
741,2024-05-30,0.0489255692633865,10
9039,2024-05-30,0.11817569234110664,5
663,2024-04-30,0.15346129272195477,4
1722,2024-01-31,0.109640076211801,5
4981,2024-04-30,0.07924291889154822,7
7873,2024-03-31,0.2449809462912442,2
7188,2024-01-31,0.9097778744033859,1
632,2024-05-30,0.1989923080434958,3
9757,2024-04-30,0.13694688383915934,4
8455,2024-03-01,0.06684062986682511,8
4649,2024-05-30,0.24897953729989555,2
2762,2024-05-30,0.07264433454585754,8
8214,2024-03-01,0.02275524751476472,10
9363,2024-03-31,0.255304117746648,2
4114,2024-04-30,0.1537815618051559,4
5239,2024-04-30,0.12706649503306336,5
7639,2024-01-01,0.2935817451181217,2
8817,2024-03-01,0.14778019939175693,4
3974,2024-01-31,0.057165146298426964,9
8566,2024-01-31,0.29016735855765413,2
6371,2024-03-01,0.07243847941396374,8
6895,2024-03-31,0.3634571723771834,1
3597,2024-05-30,0.03550551982359251,10
2606,2024-01-01,0.051895781368124845,9
9942,2024-03-31,0.03956471768106121,10
5756,2024-05-30,0.2870653275405136,2
1095,2024-04-30,0.041999313092717316,10
9917,2024-01-31,0.08180281630042457,7
7249,2024-01-31,0.19946925791151607,3
2286,2024-03-01,0.42673577165431636,1
7360,2024-03-31,0.034228975807615414,10
6802,2024-03-31,0.1113339104467859,5
5021,2024-05-30,0.7425334167252328,1
6547,2024-05-30,0.058219337195278296,9
3193,2024-03-31,0.08736479957066827,7
6862,2024-03-31,0.03709270721904299,10
4074,2024-03-01,0.08550129504677813,7
7429,2024-04-30,0.06577068763328754,8
2184,2024-05-30,0.14588208767481212,4
2485,2024-03-31,0.09302001334338865,6
9970,2024-04-30,0.13989178220118395,4
883,2024-03-01,0.051089357648246264,9
5986,2024-03-31,0.03244333070262626,10
4745,2024-05-30,0.0882200865576987,7
5973,2024-03-01,0.43311722870375774,1
8085,2024-01-31,0.11152033254229701,5
3889,2024-03-01,0.12335186399185391,5
3529,2024-01-31,0.05496359206912869,9
1641,2024-01-31,0.8490309318203724,1
6198,2024-04-30,0.17763573137882788,3
1537,2024-05-30,0.2354755926834977,2
1946,2024-01-01,0.2515140404628358,2
5417,2024-03-31,0.06016238075134491,9
5077,2024-01-01,0.19936784257644388,3
4687,2024-01-31,0.09484080117922777,6
2882,2024-03-01,0.11195790520751549,5
4067,2024-05-30,0.08363771571863307,7
4272,2024-01-31,0.2542636448471891,2
6461,2024-01-31,0.09682604142934671,6
7350,2024-04-30,0.029040221613015522,10
9742,2024-01-31,0.10957762719565595,5
9138,2024-03-01,0.2692145394566437,2
1590,2024-01-31,0.07163858889868886,8
8231,2024-04-30,0.28730173049883734,2
2095,2024-03-31,0.10485818580246266,6
3102,2024-05-30,0.21101999846244898,2
6529,2024-01-31,0.08516533745020417,7
4181,2024-05-30,0.04475827941005958,10
1492,2024-05-30,0.23804434339339534,2
4201,2024-01-01,0.2608738769867269,2
2685,2024-04-30,0.10576090270048595,6
2308,2024-01-31,0.2429831754716553,2
1797,2024-03-01,0.21069784372304973,2
1480,2024-05-30,0.10088551738394345,6
3855,2024-01-31,0.11273384672670149,5
4002,2024-03-31,0.07706512932945035,7
1973,2024-01-31,0.12556556607361455,5
3144,2024-01-01,0.10657540259186982,5
5681,2024-03-01,0.060789568153229764,9
151,2024-01-31,0.17596974601179102,3
4733,2024-01-01,0.11037923511310894,5
136,2024-01-01,0.29399085012380816,2
8699,2024-04-30,0.03379568812029606,10
2378,2024-01-01,0.04357107871452063,10
7318,2024-01-31,0.06449637633316893,8
722,2024-03-01,0.19360401198226215,3
49,2024-03-01,0.13323283437509123,4
2005,2024-01-31,0.12043129879131383,5
9642,2024-03-01,0.22884771328355127,2
1225,2024-05-30,0.09428372325236761,6
8288,2024-03-31,0.08835287047549499,7
5197,2024-03-31,0.046683386184153755,10
3789,2024-03-31,0.047944576212273216,10
6930,2024-05-30,0.20458031116792524,2
5163,2024-05-30,0.3152168632173679,1
2281,2024-01-31,0.04755577947930285,10
5530,2024-01-01,0.15679832132198426,3
8095,2024-01-01,0.12726559746784802,4
3514,2024-01-31,0.09990748893739392,6
226,2024-03-31,0.06223516623677351,9
1638,2024-01-31,0.08328441326177353,7
8839,2024-04-30,0.3632545147162067,1
4252,2024-01-31,0.06167082015586361,9
7807,2024-04-30,0.16725595398462814,3
4386,2024-03-01,0.0990751327622589,6
167,2024-01-01,0.13571804617973365,4
6563,2024-05-30,0.07110274422345203,8
3907,2024-04-30,0.09185198012476203,6
7899,2024-01-31,0.20247058211911984,2
620,2024-04-30,0.07592506041882217,8
1138,2024-01-01,0.5158895081688057,1
3738,2024-01-01,0.0776052731073851,7
8081,2024-01-01,0.29765082133326964,1
6973,2024-03-01,0.1057425843025188,6
2973,2024-03-31,0.0866334081958564,7
3407,2024-01-01,0.06969669664965548,8
9342,2024-05-30,0.2341496204434756,2
1189,2024-04-30,0.3054310144754688,1
4213,2024-05-30,0.12170033440753295,5
8556,2024-04-30,0.31642991629882194,1
1407,2024-01-01,0.0622487513776755,9
3077,2024-04-30,0.05586874203635191,9
3162,2024-03-31,0.09928123609165392,6
3934,2024-03-01,0.08378719413063568,7
4630,2024-01-01,0.06619211514909279,8
2130,2024-03-01,0.17350333111055496,3
3999,2024-01-31,0.4850292514649386,1
7918,2024-01-01,0.07177912409539976,8
66,2024-05-30,0.14836609927323252,4
1295,2024-03-31,0.13800027294123005,4
3469,2024-05-30,0.20429935611106592,2
7983,2024-05-30,0.31911991391517325,1
3688,2024-04-30,0.17370748142570624,3
8886,2024-03-01,0.09042950014699146,6
5948,2024-03-31,0.1296859675608559,4
8932,2024-04-30,0.11824797421490676,5
7753,2024-01-31,0.0587612089767866,9
1396,2024-01-01,0.05324512068994992,9
8463,2024-01-01,0.0973048815458124,6
9377,2024-04-30,0.4144944266110177,1
2607,2024-04-30,0.38679802662898416,1
4754,2024-05-30,0.05355722109762241,9
3414,2024-04-30,0.14858156967593433,4
3739,2024-04-30,0.06764878327077756,8
3912,2024-05-30,0.09733646516016686,6
6030,2024-05-30,0.5252477427514881,1
5138,2024-01-01,0.039188614079374975,10
4252,2024-03-31,0.0679772865571355,8
6517,2024-05-30,0.0713949479215439,8
9721,2024-03-01,0.5170402181583849,1
6051,2024-03-01,0.1284199300563571,4
1996,2024-05-30,0.1411089663720918,4
7144,2024-03-01,0.09887784435039632,6
3150,2024-03-01,0.03395588308885751,10
4496,2024-03-31,0.3507628907813705,1
7840,2024-01-01,0.16317282220900242,3
3325,2024-01-31,0.23066447968702702,2
315,2024-05-30,0.07246126859076321,8
6918,2024-05-30,0.147488833257338,4
2540,2024-05-30,0.13732174948626752,4
4962,2024-01-01,0.05055945692180797,9
5609,2024-01-31,0.0719434834424462,8
9739,2024-05-30,0.3631218667266036,1
9317,2024-04-30,0.08857707201861406,7
2107,2024-04-30,0.19428514466447167,3
5577,2024-01-31,0.8982483742517459,1
4286,2024-01-31,0.2017891554389157,2
8146,2024-01-01,0.12511203753330905,5
7420,2024-03-01,0.3987538370088603,1
2432,2024-03-01,0.12452558933263905,5
2637,2024-05-30,0.17851792261266491,3
8553,2024-05-30,0.03100485452294252,10
9616,2024-03-01,0.0349572283318084,10
6755,2024-05-30,0.10091798283531572,6
7308,2024-01-01,0.041042626834625354,10
7777,2024-03-01,0.7572504105126576,1
8785,2024-01-01,0.1673559779650216,3
6274,2024-03-31,0.10623545751386237,5
4410,2024-01-01,0.31100922812950627,1
1067,2024-01-01,0.043520249866543737,10
6838,2024-03-31,0.36711497487645456,1
9829,2024-03-01,0.08363267230709907,7
4872,2024-01-01,0.06785998388994738,8
9471,2024-01-31,0.05317805806194544,9
6475,2024-05-30,0.03375955459423481,10
6016,2024-03-31,0.15410742608562694,4
3377,2024-04-30,0.09148013908678672,6
9936,2024-01-01,0.16408954787001725,3
3595,2024-04-30,0.28718717098642527,2
9966,2024-04-30,0.07271995107569022,8
9733,2024-04-30,0.11858091955023853,5
2118,2024-03-01,0.1495780270203581,4
3298,2024-01-01,0.0606368186311077,9
2963,2024-03-31,0.11899139303920171,5
6310,2024-05-30,0.06684091487550756,8
4271,2024-01-01,0.1644557479271023,3
9881,2024-03-31,0.10200504942168395,6
7322,2024-01-01,0.045148552213947014,10
8009,2024-01-31,0.601177519189688,1
2054,2024-03-01,0.06541212200856927,8
6512,2024-05-30,0.06320734409415096,9
8316,2024-04-30,0.1616467110199236,3
9318,2024-01-31,0.0898855711199225,7
756,2024-03-01,0.15773800429655652,3
8762,2024-01-01,0.06218611734714851,9
8767,2024-01-01,0.07457766666341421,8
7247,2024-01-31,0.15448499608846836,4
7390,2024-03-01,0.11463942134198721,5
9550,2024-04-30,0.07460472385316588,8
2236,2024-04-30,0.065333713582785,8
804,2024-05-30,0.0667812859819286,8
7537,2024-03-31,0.18504328431287845,3
8389,2024-03-01,0.11533855422155712,5
7778,2024-01-31,0.1604499682419922,3
7218,2024-03-01,0.17791110633396912,3
9983,2024-05-30,0.06999249224455611,8
3270,2024-01-01,0.03536430160683677,10
7956,2024-01-31,0.05976090207684129,9
8752,2024-05-30,0.07242542484316243,8
5212,2024-01-01,0.18966227420866916,3
8831,2024-05-30,0.12607655489360914,5
8147,2024-03-01,0.10201281752135487,6
6975,2024-04-30,0.1794818276295455,3
6489,2024-01-31,0.31037811936717213,1
1932,2024-05-30,0.03281763995773595,10
9597,2024-03-31,0.17998564805170517,3
1682,2024-01-31,0.09079819464082041,6
7075,2024-03-01,0.05904432060722601,9
7941,2024-03-01,0.05067565921127849,9
5765,2024-03-31,0.10819353328725574,5
9172,2024-03-31,0.09154096585101508,6
389,2024-03-01,0.09460943050758622,6
7942,2024-03-01,0.07800430610891385,7
4187,2024-03-01,0.05627401642485019,9
5222,2024-03-31,0.24248853373353457,2
6152,2024-04-30,0.04248042942889974,10
751,2024-01-31,0.14640297961759682,4
4286,2024-01-01,0.2598249154353383,2
7431,2024-03-01,0.2182613959467689,2
1334,2024-05-30,0.061741499756927075,9
8099,2024-03-31,0.05554698471577753,9
4537,2024-01-31,0.06421971204677196,8
481,2024-04-30,0.08546468198220362,7
4838,2024-01-01,0.24986063255225366,2
7774,2024-03-01,0.22364018479609776,2
3830,2024-04-30,0.21647752302405684,2
8050,2024-04-30,0.063560168086,9
3037,2024-03-01,0.06737798469940537,8
642,2024-04-30,0.6116739809716143,1
2033,2024-05-30,0.24235648198825335,2
4248,2024-01-31,0.20449458400005496,2
6540,2024-04-30,0.13429419296985953,4
2475,2024-04-30,0.0479268356135244,10
7473,2024-05-30,0.38352150939214436,1
662,2024-04-30,0.11448749681863726,5
8246,2024-01-31,0.08586711202788269,7
9015,2024-01-01,0.1457352582838639,4
8097,2024-03-31,0.20089563573931318,2
6917,2024-04-30,0.20652057234745577,2
80,2024-04-30,0.0950309669582636,6
475,2024-05-30,0.14040339410529284,4
6452,2024-01-31,0.07394176964595815,8
7971,2024-03-01,0.06254855349933525,9
4260,2024-03-31,0.07118310755571358,8
8985,2024-04-30,0.05144616983724401,9
8938,2024-04-30,0.05376510286721307,9
5213,2024-03-31,0.20197673335097757,2
4326,2024-01-01,0.11121994544200733,5
2420,2024-03-31,0.06150105811078894,9
4818,2024-03-31,0.0891027356359925,7
1799,2024-04-30,0.12416482310726698,5
773,2024-01-31,0.06694188747963101,8
1900,2024-04-30,0.12272562609880973,5
300,2024-01-31,0.07673001359967571,7
4925,2024-01-31,0.10125484200664381,6
3419,2024-05-30,0.2072171409303059,2
2972,2024-03-01,0.1013140884554004,6
8605,2024-05-30,0.08746573177296628,7
5017,2024-01-31,0.26074126427419814,2
6577,2024-01-31,0.5704453887345429,1
193,2024-04-30,0.08838483383200871,7
4197,2024-03-31,0.12929252156291104,4
7617,2024-03-01,0.2789500265199009,2
5488,2024-03-31,0.135814839467684,4
3779,2024-01-31,0.14960594242661537,4
4862,2024-05-30,0.061139917720376136,9
9992,2024-03-31,0.05290711256957938,9
6687,2024-04-30,0.3676807635247923,1
7570,2024-04-30,0.16364855152069813,3
289,2024-01-31,0.13528782525031632,4
3138,2024-05-30,0.17402911923001796,3
9389,2024-01-01,0.026936665379466578,10
9159,2024-03-31,0.052554866638588944,9
8101,2024-03-01,0.09741521573048245,6
6945,2024-03-01,0.3350771417297874,1
5967,2024-03-01,0.1577760217247819,3
7361,2024-01-31,0.09412059010475061,6
7628,2024-01-01,0.05807011414483462,9
8868,2024-05-30,0.0943395823067655,6
5991,2024-01-01,0.06433129851122833,8
7760,2024-03-01,0.08811473703344222,7
2158,2024-04-30,0.23300781232477508,2
7774,2024-01-01,0.1662339581890086,3
5968,2024-03-01,0.14285000109384546,4
7487,2024-01-31,0.2474161976233844,2
9365,2024-01-01,0.06109631370351168,9
630,2024-01-01,0.04795930165803579,10
2624,2024-01-31,0.28555871104258285,2
8488,2024-05-30,0.1028197013280553,6
933,2024-05-30,0.060670131610182206,9
6038,2024-05-30,0.10698791208221863,5
4155,2024-03-31,0.0443946153709916,10
3937,2024-03-31,0.07734917812473081,7
9194,2024-04-30,0.16725873160612237,3
544,2024-01-31,0.36846840584107765,1
8575,2024-04-30,0.09780917725026814,6
8885,2024-04-30,0.0847073411366717,7
7921,2024-03-31,0.10648470376113608,5
2202,2024-01-31,0.0934485011153984,6
9282,2024-01-01,0.21434216885450222,2
2608,2024-05-30,0.12051302655486365,5
4881,2024-03-31,0.389142346390076,1
2988,2024-03-01,0.12373852675374317,5
3021,2024-04-30,0.25918446476018714,2
4210,2024-04-30,0.06715162677008292,8
9761,2024-01-01,0.06987898059028658,8
8381,2024-03-01,0.34570128931437183,1
6334,2024-05-30,0.07136618654963577,8
2980,2024-01-01,0.3688042352195384,1
9220,2024-04-30,0.24269200611610472,2
1070,2024-03-31,0.11066302417343245,5
4727,2024-05-30,0.11982971798089154,5
2804,2024-01-01,0.1566590877702182,3
3854,2024-03-31,0.12115775440396774,5
9522,2024-04-30,0.061844352601534466,9
6871,2024-03-01,0.05718266063223945,9
4600,2024-03-01,0.12195207349786914,5
9413,2024-03-01,0.22273597481482055,2
1115,2024-01-01,0.09435712496739003,6
8990,2024-01-01,0.07454703165281865,8
2776,2024-03-01,0.04573567848569127,10
7289,2024-03-31,0.11018388410524661,5
5558,2024-01-31,0.07040906707390339,8
8418,2024-01-31,0.17891420283364384,3
4387,2024-01-01,0.06334372730388703,9
6277,2024-01-31,0.20379988191750842,2
6349,2024-01-01,0.07132022108548688,8
6854,2024-04-30,0.0866659645158025,7
2227,2024-03-31,0.12099513208548592,5
8936,2024-01-01,0.1710272833290569,3
7364,2024-03-01,0.08965348571420965,7
1973,2024-03-01,0.06870388543775958,8
659,2024-05-30,0.34367079783897014,1
5103,2024-04-30,0.34993176674695986,1
1589,2024-04-30,0.10200247562686073,6
8377,2024-03-31,0.07371732385020499,8
410,2024-03-31,0.11201391048088476,5
8242,2024-03-01,0.044651496560620924,10
6933,2024-01-01,0.13164372979626696,4
1648,2024-01-01,0.12463494200019273,5
2333,2024-03-01,0.05491033373915274,9
5816,2024-03-01,0.16333255652983047,3
7539,2024-01-31,0.0974145434000236,6
1818,2024-01-31,0.13023356804477831,4
6811,2024-05-30,0.08934237946302906,7
1648,2024-03-31,0.057722684974794006,9
9205,2024-01-01,0.08614095778246514,7
4960,2024-04-30,0.4285556256827147,1
6206,2024-03-31,0.12475817386872982,5
564,2024-01-01,0.10042258163976002,6
9924,2024-01-31,0.21108069529423718,2
2558,2024-05-30,0.20007758327365344,3
2100,2024-03-31,0.059138691632567984,9
6529,2024-05-30,0.07426013678210087,8
6493,2024-03-31,0.15706993732168853,3
8677,2024-01-31,0.1937205578946929,3
7740,2024-05-30,0.13495023748140614,4
641,2024-03-31,0.31924579868201547,1
9539,2024-03-31,0.26399154632083477,2
4053,2024-03-01,0.03500913749758224,10
7296,2024-01-01,0.08045834793674099,7
1517,2024-03-01,0.0919609427007094,6
9528,2024-01-31,0.0574036879478664,9
4118,2024-04-30,0.09868794056238588,6
225,2024-03-01,0.1134621244397152,5
7585,2024-05-30,0.15323049328569116,4
8500,2024-04-30,0.20236327271270949,2
1121,2024-03-01,0.04307645038373065,10
7022,2024-01-31,0.5549177663489328,1
9230,2024-03-31,0.2153377099669916,2
5146,2024-05-30,0.1657273111807492,3
7706,2024-01-31,0.1237500565155178,5
7609,2024-04-30,0.07190535630727635,8
7401,2024-04-30,0.05548014513778225,9
3580,2024-04-30,0.2205405491325236,2
8863,2024-03-01,0.30157446005786576,1
6540,2024-05-30,0.10609872287590393,5
1533,2024-01-01,0.09882224720798412,6
6332,2024-05-30,0.035788218311282746,10
556,2024-03-01,0.07505527765409316,8
1325,2024-04-30,0.049917527833518625,9
1156,2024-04-30,0.06566398317127344,8
5907,2024-03-31,0.12143785283368333,5
8356,2024-05-30,0.11274943723316298,5
7702,2024-04-30,0.08005203479218331,7
6003,2024-04-30,0.08067043860473987,7
6991,2024-03-31,0.05407254271332299,9
7206,2024-01-31,0.06660771753481042,8
7032,2024-05-30,0.09774507047533117,6
7892,2024-04-30,0.11300325557198722,5
6042,2024-04-30,0.18405251248841073,3
583,2024-01-31,0.07085489282771637,8
3772,2024-01-31,0.09095869699769538,6
3373,2024-03-31,0.11666474766710112,5
2572,2024-01-31,0.08223418660107407,7
3146,2024-03-31,0.1266584078391005,5
2448,2024-03-31,0.10537467034654484,6
1669,2024-01-01,0.11237670003076043,5
7320,2024-01-31,0.12061328859227784,5
8056,2024-01-01,0.0444759120102479,10
9858,2024-05-30,0.09460600011170266,6
60,2024-03-31,0.11220677840210068,5
3735,2024-01-31,0.04788744823989766,10
275,2024-01-01,0.08952802347578287,7
9752,2024-03-01,0.08237052204879212,7
9188,2024-01-31,0.2701664305790855,2
5784,2024-03-31,0.10724713899255969,5
3616,2024-01-01,0.12071719566036947,5
2383,2024-05-30,0.04581649013445193,10
7097,2024-03-01,0.09526791259028232,6
3733,2024-01-01,0.041739416196652716,10
4255,2024-03-31,0.05949857762632644,9
6977,2024-05-30,0.2484068113416834,2
963,2024-03-01,0.13250411195725506,4
5465,2024-01-01,0.14675259412093936,4
1919,2024-03-31,0.07923930621804637,7
8592,2024-05-30,0.04750183954823819,10
138,2024-01-31,0.07228946532935993,8
2037,2024-05-30,0.08392990414468997,7
5569,2024-03-01,0.2059949991393179,2
3782,2024-04-30,0.09096098277109263,6
6829,2024-03-01,0.05408931843825344,9
4262,2024-04-30,0.2751352016530623,2
5425,2024-03-31,0.06796176757060118,8
5103,2024-01-01,0.4212450235929401,1
7057,2024-04-30,0.2345344259684604,2
3228,2024-01-01,0.06142473474919499,9
3154,2024-01-01,0.07153596265256512,8
4407,2024-01-31,0.10076507881013284,6
3785,2024-05-30,0.04176681275845076,10
7918,2024-03-31,0.07988009613140612,7
8290,2024-03-01,0.054548719488158794,9
5010,2024-04-30,0.15755979895121397,3
7534,2024-03-01,0.4405967518045466,1
9167,2024-01-01,0.21576746168502947,2
865,2024-03-01,0.07355270577240904,8
8552,2024-01-01,0.0889378496989905,7
7767,2024-03-31,0.0618240351539819,9
6724,2024-04-30,0.09016632595994692,6
1711,2024-05-30,0.08451267424580099,7
8258,2024-01-01,0.06741682198110052,8
8216,2024-03-01,0.08094880581890235,7
1475,2024-05-30,0.0767817454421736,7
3789,2024-01-01,0.04687034007188731,10
3032,2024-01-31,0.11934628812678454,5
1597,2024-05-30,0.07356634683148067,8
250,2024-03-31,0.2627263790850063,2
6562,2024-03-31,0.8981447547930317,1
8452,2024-05-30,0.0853400019093464,7
4805,2024-01-31,0.06620819941852862,8
1763,2024-05-30,0.048030167047765006,10
7544,2024-04-30,0.06300607294033565,9
2405,2024-03-01,0.0709264756508318,8
873,2024-01-31,0.10362944640610808,6
2080,2024-03-31,0.0741032385164338,8
6146,2024-03-31,0.04224943963122861,10
9227,2024-01-31,0.1552290155031402,3
1480,2024-01-01,0.12432142981438639,5
3122,2024-01-31,0.06500818599466626,8
6178,2024-01-01,0.14658613969750914,4
5233,2024-05-30,0.32226634199751203,1
4226,2024-03-31,0.09631835319567063,6
6586,2024-03-01,0.1478431168884618,4
8130,2024-03-31,0.07879103680181752,7
1615,2024-01-31,0.06109332978275721,9
1801,2024-05-30,0.15402060700746883,4
2355,2024-01-01,0.0872867132158978,7
3177,2024-05-30,0.16300180503652983,3
6659,2024-03-01,0.046342587573108766,10
3827,2024-03-31,0.058767761651461685,9
6619,2024-05-30,0.22165748630580012,2
2452,2024-03-01,0.08898351849362701,7
4348,2024-04-30,0.1633352464895087,3
6856,2024-03-01,0.062121224354001484,9
1441,2024-05-30,0.303505567119351,1
3082,2024-01-01,0.15495554187478242,4
7941,2024-01-31,0.04821942068725248,10
5853,2024-05-30,0.07613780413865487,8
4822,2024-05-30,0.3479432364121895,1
5536,2024-05-30,0.3099569404987014,1
6568,2024-04-30,0.12957238843636476,4
2549,2024-03-01,0.11705913061437655,5
4378,2024-03-01,0.08471958756473771,7
2019,2024-04-30,0.08576452704761822,7
8934,2024-05-30,0.06608958732578474,8
2886,2024-05-30,0.106616697382232,5
8420,2024-01-31,0.13321816253433913,4
7300,2024-05-30,0.08937236077766893,7
6344,2024-05-30,0.2785088466650705,2
8422,2024-04-30,0.18989583989628528,3
122,2024-04-30,0.06180249864690688,9
1300,2024-03-01,0.06804269399982847,8
6772,2024-03-31,0.7379736075326436,1
3384,2024-03-01,0.20665175741576486,2
3110,2024-04-30,0.10090303262032929,6
9983,2024-01-31,0.08264418001331698,7
6090,2024-03-01,0.0702264425545078,8
1176,2024-01-01,0.05670512646198336,9
5098,2024-01-31,0.051829811868622816,9
8102,2024-03-01,0.08043716382982583,7
2733,2024-03-31,0.061011690393817986,9
6459,2024-05-30,0.04308650475405646,10
3249,2024-01-01,0.20544997300764714,2
7197,2024-01-31,0.13089397087627508,4
3635,2024-03-31,0.07886630217209328,7
8005,2024-01-31,0.04200882487136414,10
7764,2024-03-01,0.17458773448054987,3
5643,2024-01-31,0.1348491357341744,4
6302,2024-03-31,0.14343075700579822,4
9357,2024-01-31,0.6303745488095607,1
2826,2024-01-01,0.037327239159394184,10
8346,2024-01-01,0.08830365192090964,7
646,2024-03-31,0.08488617242747054,7
8153,2024-04-30,0.0882912909766805,7
1410,2024-05-30,0.2672029898093181,2
2132,2024-01-01,0.25577778267114937,2
6073,2024-04-30,0.1615756937170204,3
3944,2024-04-30,0.0664644161673561,8
6902,2024-04-30,0.12223941042859461,5
9438,2024-03-01,0.09242796765287077,6
929,2024-03-01,0.15341651675298806,4
5574,2024-01-01,0.09538359623050993,6
5032,2024-01-31,0.06833641669353051,8
9841,2024-03-01,0.04570819246070672,10
9709,2024-01-31,0.23861934262128015,2
4394,2024-01-01,0.13071372596240896,4
7597,2024-01-01,0.0903575316695365,6
8488,2024-04-30,0.10104729350152672,6
7529,2024-05-30,0.06488438568009551,8
9815,2024-03-01,0.10766677836920274,5
2654,2024-03-01,0.1291025773463083,4
905,2024-01-01,0.2447787850729867,2
228,2024-01-01,0.148167152487387,4
6203,2024-04-30,0.07532621726413563,8
3128,2024-03-31,0.2069505362198052,2
2922,2024-03-01,0.1871035604781019,3
2217,2024-01-01,0.11736183222573629,5
8127,2024-01-01,0.049896339662042016,10
4738,2024-03-31,0.03989968750583549,10
3289,2024-01-01,0.3956057743276913,1
8482,2024-03-31,0.07837913993394093,7
174,2024-03-31,0.11374177898428449,5
7078,2024-01-31,0.2613377725583608,2
2775,2024-03-01,0.09596808742916654,6
9576,2024-05-30,0.25754615878336207,2
4602,2024-01-01,0.18331772865586118,3
2911,2024-01-01,0.1567949714794192,3
7287,2024-01-31,0.08143280026002302,7
2188,2024-04-30,0.23644874066605392,2
5223,2024-03-01,0.1650174009318363,3
930,2024-03-31,0.1094775499844626,5
866,2024-01-31,0.13913931837163213,4
2471,2024-04-30,0.09748956251703698,6
6214,2024-01-31,0.038582135959302925,10
6575,2024-04-30,0.11377514482798153,5
4702,2024-03-01,0.32433064059326244,1
8918,2024-03-01,0.09674586789697462,6
996,2024-01-31,0.06965318472821651,8
3044,2024-04-30,0.13015767858695856,4
5776,2024-01-31,0.06434540282605855,8
7688,2024-04-30,0.09355501723280354,6
8241,2024-03-31,0.07176164436969522,8
3761,2024-01-31,0.05468761030302069,9
1372,2024-01-31,0.16312981518673192,3
1947,2024-05-30,0.32671073541624157,1
8908,2024-05-30,0.38432582766167533,1
8952,2024-01-31,0.04105022539299773,10
7718,2024-05-30,0.039153176206216694,10
5240,2024-03-01,0.09006872656789876,6
4455,2024-03-31,0.049808156429664165,10
2200,2024-04-30,0.07530552718359186,8
3116,2024-03-01,0.10099373693242593,6
4326,2024-04-30,0.07062302481341952,8
2217,2024-04-30,0.14554443130109185,4
1800,2024-03-31,0.12544124237499185,5
3315,2024-04-30,0.04581978563495208,10
1324,2024-01-31,0.12524386157986456,5
2500,2024-03-31,0.07265577369501747,8
4482,2024-03-01,0.26799857578897646,2
2283,2024-03-31,0.07457854475475358,8
6078,2024-01-31,0.06403574121889223,8
9444,2024-05-30,0.25058866679951,2
5647,2024-03-01,0.952606408284605,1
3040,2024-03-01,0.053875462171566024,9
9752,2024-03-31,0.07441139524015072,8
5035,2024-04-30,0.1873643325273522,3
7949,2024-05-30,0.2214710167863517,2
1136,2024-05-30,0.08207871357590371,7
7761,2024-03-01,0.11096414392061853,5
1904,2024-03-01,0.11255345610326883,5
1363,2024-01-01,0.07236318277641302,8
4309,2024-01-01,0.15745053597403216,3
727,2024-03-31,0.19714259353601415,3
7900,2024-01-31,0.11967899765778016,5
8718,2024-03-01,0.056250357092758156,9
7939,2024-03-01,0.14562832155145408,4
2501,2024-03-31,0.13557533948881295,4
171,2024-01-31,0.12393913240598971,5
1721,2024-05-30,0.09403111967121164,6
7154,2024-03-31,0.14393566313396966,4
2954,2024-04-30,0.0826163573887085,7
4032,2024-01-01,0.06166853722227263,9
5836,2024-01-31,0.12502992110193945,5
4281,2024-03-31,0.39827008616486925,1
7887,2024-04-30,0.07826744254415374,7
6323,2024-05-30,0.03407742947336768,10
9347,2024-05-30,0.05537973840151701,9
799,2024-05-30,0.09693890227318935,6
1530,2024-04-30,0.06404559942490103,8
7193,2024-01-01,0.14142553068672156,4
8807,2024-04-30,0.20795950772466618,2
694,2024-05-30,0.1180150937746237,5
7398,2024-01-31,0.05710398063269365,9
4416,2024-03-31,0.136396024087588,4
3651,2024-03-01,0.1196191308507454,5
6769,2024-03-01,0.0631051916006619,9
1055,2024-01-31,0.1337040235315292,4
5432,2024-03-01,0.05260789815168424,9
1188,2024-01-01,0.1221276140314648,5
1394,2024-03-01,0.19626709507234388,3
4607,2024-01-01,0.05185702593112949,9
9525,2024-01-01,0.35414699846537334,1
9841,2024-01-31,0.053638223498455255,9
2180,2024-01-31,0.09459260222947376,6
695,2024-05-30,0.05204784728598938,9
7311,2024-03-31,0.049425364925793934,10
9567,2024-01-31,0.7163371155163021,1
215,2024-03-31,0.40681994871048177,1
7891,2024-01-31,0.12119273222933832,5
7734,2024-01-31,0.10842004792368529,5
3126,2024-03-31,0.1313321006355976,4
6923,2024-04-30,0.12038432210268539,5
3925,2024-01-01,0.10767054768986338,5
5708,2024-04-30,0.0814513015114702,7
6873,2024-01-01,0.05971451327392645,9
8239,2024-04-30,0.27965953534735843,2
5135,2024-05-30,0.08698768003055457,7
6299,2024-05-30,0.026427891233288963,10
6839,2024-03-31,0.05243107469136715,9
3971,2024-03-31,0.0644168488415734,8
4515,2024-01-31,0.25778047377306446,2
5592,2024-03-31,0.08161928585514296,7
3059,2024-01-31,0.0648620699504966,8
1665,2024-01-31,0.0671896130227788,8
4917,2024-03-01,0.08894491018277807,7
9061,2024-04-30,0.06688330148862788,8
1471,2024-04-30,0.09734604806185351,6
9618,2024-03-01,0.09849039595623313,6
3905,2024-05-30,0.06797667657390291,8
1076,2024-05-30,0.1750141207736247,3
7369,2024-05-30,0.09785610878732155,6
3714,2024-01-01,0.10765993148309921,5
9894,2024-05-30,0.06021340889318935,9
3573,2024-03-31,0.08239954275457995,7
9049,2024-04-30,0.05653188443176908,9
1115,2024-03-31,0.13660106023093893,4
8954,2024-05-30,0.05555847092720595,9
4330,2024-04-30,0.08197115407553132,7
379,2024-04-30,0.10263178123689401,6
2210,2024-03-31,0.16320994133933941,3
8636,2024-01-01,0.20488591398181727,2
2153,2024-03-31,0.18907743374059544,3
3505,2024-04-30,0.25183778095658155,2
2243,2024-03-31,0.7480078804263252,1
9404,2024-04-30,0.16078930791536225,3
6999,2024-01-01,0.2028143231964632,2
3250,2024-04-30,0.07989201188630508,7
598,2024-01-01,0.04689088820276651,10
5135,2024-03-31,0.06872046622397847,8
652,2024-03-31,0.01951708127672683,10
1128,2024-01-01,0.07684601402136731,7
4986,2024-05-30,0.04072566784274492,10
8742,2024-01-31,0.1068948360275598,5
3932,2024-05-30,0.07448605990370712,8
2390,2024-04-30,0.19988464421556418,3
9054,2024-03-31,0.10424905630089873,6
1875,2024-05-30,0.10548585460275496,6
2131,2024-01-31,0.12246939594005593,5
6434,2024-04-30,0.13743060881756256,4
5523,2024-04-30,0.1510391137280543,4
9959,2024-01-31,0.06441292812646074,8
289,2024-03-01,0.12860512815100922,4
8958,2024-01-31,0.11009692302491689,5
9731,2024-01-31,0.5099991869456688,1
1810,2024-03-31,0.13603323618250457,4
4816,2024-04-30,0.06996424778207412,8
9589,2024-05-30,0.09623354134930989,6
256,2024-01-01,0.06440333543812106,8
9171,2024-03-01,0.1155076005239333,5
7309,2024-01-31,0.07954856460913809,7
9495,2024-03-31,0.16811970878028473,3
5076,2024-05-30,0.3161232135380946,1
299,2024-01-01,0.04834820049859581,10
1438,2024-03-01,0.056165125494099744,9
1023,2024-04-30,0.09438653765942152,6
5638,2024-03-31,0.047351840046835236,10
4563,2024-03-01,0.302127182091678,1
9887,2024-01-01,0.1307125704919864,4
3833,2024-04-30,0.11317175216377293,5
9261,2024-03-31,0.06126440474954921,9
5080,2024-05-30,0.24555814338447132,2
5650,2024-01-01,0.11966670911659204,5
3905,2024-01-31,0.10580696027568309,6
1861,2024-03-01,0.07265868334195723,8
6600,2024-01-31,0.11344026791830056,5
6516,2024-05-30,0.3168662558165952,1
1929,2024-01-01,0.4555508025562855,1
8397,2024-03-01,0.1526741431538127,4
1808,2024-03-01,0.039214195813812296,10
9291,2024-01-31,0.05045702794898805,9
7944,2024-01-01,0.09578831181723735,6
3387,2024-01-31,0.2046778281726396,2
2741,2024-03-31,0.3743023531360478,1
3789,2024-05-30,0.06268818053984154,9
6119,2024-03-31,0.22222708783300918,2
97,2024-03-31,0.2304951244979623,2
2069,2024-05-30,0.09348927724847997,6
1944,2024-03-01,0.1587487029549462,3
4852,2024-04-30,0.06569409424029196,8
4411,2024-03-31,0.21267639944618433,2
7148,2024-03-01,0.071584760482338,8
9870,2024-03-01,0.07780404158655135,7
8676,2024-01-01,0.028821960333395454,10
3814,2024-03-01,0.36065272729501274,1
167,2024-05-30,0.1676075706455776,3
3953,2024-01-01,0.12675426389596192,5
6343,2024-03-01,0.176160574812072,3
6034,2024-05-30,0.052351209335252794,9
2598,2024-01-01,0.4108399078684829,1
4791,2024-03-31,0.10962893393836813,5
4404,2024-05-30,0.09809793491174479,6
9072,2024-04-30,0.6494404214492424,1
6316,2024-04-30,0.06054632784940072,9
5253,2024-01-31,0.06297731083510111,9
4633,2024-04-30,0.1339708770428583,4
2135,2024-03-01,0.38984054458415657,1
6468,2024-03-01,0.4606450842187508,1
6666,2024-01-31,0.19746448261829067,3
746,2024-01-01,0.8346462800129695,1
3601,2024-05-30,0.1049683200878557,6
4010,2024-01-31,0.12072849162906178,5
5150,2024-01-01,0.11562486358780856,5
7816,2024-03-31,0.13085200831743762,4
4581,2024-03-31,0.09602250096917793,6
9481,2024-01-31,0.06627516337315577,8
7236,2024-01-01,0.11548716624044403,5
160,2024-05-30,0.14506698156117412,4
7146,2024-03-01,0.1514844803932,4
7591,2024-03-01,0.14644450628951397,4
2320,2024-03-31,0.4497598417918783,1
3319,2024-05-30,0.18798613830126812,3
7601,2024-01-31,0.24083426839676292,2
5500,2024-03-01,0.10618254439301247,5
2613,2024-05-30,0.16312835769068879,3
5481,2024-01-01,0.29422168825827255,2
7781,2024-01-01,0.05271449665026926,9
4177,2024-01-31,0.23206878602695089,2
4635,2024-03-31,0.09262251965720582,6
8023,2024-03-01,0.2738181337449356,2
3095,2024-04-30,0.10589722053292795,6
8693,2024-01-01,0.04336785951155885,10
9012,2024-01-01,0.08479625453813862,7
2038,2024-04-30,0.06906768015148819,8
4366,2024-03-01,0.19922270105064505,3
4086,2024-01-01,0.09536512287235614,6
7892,2024-01-01,0.1556251672843637,3
9087,2024-03-01,0.08614446775880905,7
1818,2024-03-01,0.12122500671502853,5
5094,2024-05-30,0.14052955651248056,4
570,2024-03-01,0.10577508961554774,6
5660,2024-05-30,0.3850079020004255,1
6074,2024-01-31,0.0692393903785565,8
4948,2024-01-01,0.0983761994561637,6
6809,2024-03-01,0.21055857631435088,2
6952,2024-04-30,0.3639902137134623,1
2206,2024-05-30,0.08067947346348765,7
3952,2024-03-31,0.060195098914438035,9
9650,2024-04-30,0.07805950794692969,7
1275,2024-03-01,0.17046429998464915,3
4158,2024-03-31,0.1298352276728749,4
5740,2024-01-31,0.06852495930691908,8
2106,2024-01-01,0.20649161895410809,2
7263,2024-05-30,0.034974286254733596,10
9388,2024-01-31,0.10662475907708761,5
2193,2024-03-01,0.0746688718875473,8
3348,2024-04-30,0.23109353836115612,2
3367,2024-01-01,0.35883536626671747,1
4700,2024-03-31,0.29639073137422745,1
2377,2024-01-31,0.06796151586152603,8
9056,2024-05-30,0.10542715372905852,6
7077,2024-05-30,0.10971443939080215,5
5411,2024-03-31,0.10136859436722441,6
5286,2024-05-30,0.03419718471251237,10
4780,2024-01-31,0.0689712468166363,8
9288,2024-03-31,0.2372431154609153,2
1221,2024-01-31,0.14978912911003675,4
5958,2024-05-30,0.08321695073018535,7
9512,2024-04-30,0.09696688445755675,6
5779,2024-03-01,0.10673690720256453,5
2085,2024-05-30,0.19449327881925982,3
7976,2024-01-31,0.3180589780919947,1
5301,2024-05-30,0.08512343596024331,7
5030,2024-03-31,0.10566327249181337,6
386,2024-04-30,0.03254024338726911,10
9698,2024-01-31,0.07825215440914787,7
1147,2024-01-01,0.08295616868857565,7
4506,2024-05-30,0.19369159232576386,3
6395,2024-04-30,0.034366117342497574,10
4943,2024-04-30,0.09470888833566336,6
9448,2024-05-30,0.14362411950696388,4
2625,2024-01-31,0.1518073686989195,4
304,2024-03-01,0.070569870864313,8
1308,2024-05-30,0.05617106358596919,9
4579,2024-03-01,0.1445633361918575,4
8437,2024-05-30,0.079319441219345,7
1507,2024-01-31,0.25486390058105457,2
6105,2024-01-31,0.07297040948561888,8
8122,2024-04-30,0.23728256283465404,2
1736,2024-05-30,0.06395049565008132,8
6145,2024-04-30,0.038074116716869666,10
1978,2024-01-01,0.14146640232997018,4
7846,2024-05-30,0.08927290760046161,7
8469,2024-03-01,0.06342545483988299,9
2411,2024-05-30,0.10201217531815839,6
8060,2024-03-31,0.0855149666740924,7
7469,2024-04-30,0.2044494757755629,2
7770,2024-04-30,0.09990307259952862,6
9047,2024-05-30,0.11641491272907693,5
9955,2024-01-31,0.043710641905956624,10
2850,2024-01-31,0.09793991422628792,6
4028,2024-04-30,0.043234352034688416,10
4646,2024-01-01,0.20021698689443918,3
3752,2024-01-31,0.10666333989152783,5
5329,2024-03-01,0.31908045074683516,1
6045,2024-03-31,0.1594984284758702,3
7491,2024-03-31,0.18348605851073843,3
958,2024-05-30,0.20939195813634184,2
1443,2024-01-01,0.12836451360409257,4
43,2024-03-31,0.1599934352571178,3
2218,2024-03-31,0.32871838104063505,1
3857,2024-01-31,0.13606015999694376,4
9325,2024-01-01,0.051225840121409544,9
7366,2024-01-31,0.08238628100453672,7
483,2024-04-30,0.21805984471879894,2
6615,2024-03-01,0.09455757592654543,6
2153,2024-05-30,0.17902045360827995,3
2345,2024-05-30,0.06931129463138978,8
1098,2024-05-30,0.10877311839741631,5
9407,2024-05-30,0.07226813626496165,8
2105,2024-01-31,0.17237399896394895,3
6844,2024-05-30,0.08974334871117252,7
2567,2024-05-30,0.13491608273722555,4
5722,2024-01-01,0.17080042720572103,3
9925,2024-05-30,0.04575774445702976,10
7408,2024-01-31,0.09161546202647168,6
3444,2024-03-01,0.037983316262073206,10
3841,2024-05-30,0.08258764242787814,7
8494,2024-03-31,0.06338217535101075,9
6672,2024-03-31,0.13478616756372877,4
8582,2024-04-30,0.09222250428172779,6
8967,2024-03-31,0.21472028187121106,2
3079,2024-04-30,0.09831582857236379,6
4279,2024-04-30,0.6258715110075449,1
1262,2024-01-31,0.16875755893631295,3
5858,2024-01-01,0.05905120154761936,9
2781,2024-03-01,0.04495371466977192,10
4739,2024-01-01,0.04314120707432033,10
6213,2024-05-30,0.07094455194783086,8
2134,2024-05-30,0.1639241344936443,3
4046,2024-01-31,0.06454089989410149,8
4575,2024-05-30,0.3633213417576738,1
8843,2024-01-01,0.2376687202575609,2
7387,2024-03-31,0.08399137105695721,7
9409,2024-03-01,0.26252757410820754,2
3949,2024-03-31,0.07768221392921755,7
4213,2024-01-01,0.11505757711729975,5
8723,2024-03-31,0.06154689675456467,9
9,2024-01-31,0.14065183216221092,4
4393,2024-04-30,0.11578259592445725,5
6951,2024-03-01,0.09339062590944046,6
4740,2024-04-30,0.075883561204345,8
5618,2024-01-01,0.056393209426994426,9
5834,2024-03-31,0.17681457217922633,3
9587,2024-01-01,0.12557812035208704,5
3127,2024-04-30,0.048684551250310217,10
587,2024-04-30,0.17803653345426296,3
7532,2024-04-30,0.9904909183428496,1
733,2024-03-01,0.11034467075674298,5
8567,2024-01-01,0.07027616918140958,8
1043,2024-03-31,0.17726607509216735,3
6892,2024-01-31,0.186082517786967,3
4032,2024-03-31,0.05133014362033915,9
4709,2024-01-31,0.06973220256819096,8
4357,2024-01-01,0.08443067932139482,7
7545,2024-01-31,0.27270230646998755,2
2392,2024-03-31,0.24870405825170627,2
5894,2024-01-01,0.1793907616872487,3
8968,2024-03-01,0.31376761357590743,1
9411,2024-03-01,0.10426153162235245,6
5900,2024-01-31,0.064442446755207,8
6259,2024-04-30,0.16106656177323694,3
5326,2024-04-30,0.08531413880181622,7
5956,2024-04-30,0.06915811855880359,8
9488,2024-05-30,0.10405271324924846,6
3095,2024-01-01,0.09524304631870216,6
2577,2024-03-31,0.041601989701346966,10
5802,2024-01-01,0.06541715261783629,8
9881,2024-04-30,0.07241729802210584,8
9741,2024-03-31,0.08292062121094011,7
7013,2024-03-31,0.13159455408044812,4
9845,2024-01-01,0.07151655822415862,8
5237,2024-03-31,0.04886909709165703,10
7106,2024-05-30,0.15076039721117743,4
2497,2024-01-01,0.13623304431815667,4
7074,2024-03-31,0.054682403764495985,9
9131,2024-01-31,0.19326911300559865,3
1838,2024-04-30,0.03516037426814969,10
4264,2024-04-30,0.050173964158941035,9
1762,2024-03-01,0.14600658409604755,4
1679,2024-01-31,0.07744899481504493,7
9828,2024-01-01,0.06657397099940568,8
3131,2024-03-31,0.07128749611957116,8
9427,2024-03-31,0.16262685953416248,3
8690,2024-01-01,0.14495804193855719,4
2707,2024-04-30,0.062298151947337115,9
3067,2024-03-01,0.30776612402565284,1
3296,2024-01-01,0.09361657423837648,6
6353,2024-01-01,0.05775033790369263,9
2504,2024-05-30,0.10430103994301736,6
382,2024-03-31,0.24523145240090158,2
4537,2024-01-01,0.08537392471824992,7
9034,2024-04-30,0.10740410874942344,5
7958,2024-03-01,0.09016269016788302,6
1901,2024-01-31,0.06787840753392797,8
4183,2024-03-31,0.10170435958918297,6
2474,2024-04-30,0.4863671363277579,1
8482,2024-05-30,0.0673135691026642,8
5701,2024-04-30,0.21912170180843668,2
9549,2024-03-01,0.03280385268394909,10
154,2024-05-30,0.05838096019349357,9
9228,2024-03-01,0.05807491889419201,9
4934,2024-03-01,0.0643346741514803,8
3226,2024-03-31,0.0447103431162742,10
4808,2024-03-31,0.2790251862355502,2
3253,2024-04-30,0.0972808803302978,6
27,2024-03-31,0.1262844093538772,5
1747,2024-04-30,0.055462905370471736,9
8686,2024-01-01,0.26485699172192206,2
7085,2024-03-01,0.24151992928254662,2
9851,2024-03-01,0.10078708323188648,6
6927,2024-03-01,0.05818101266107795,9
1935,2024-01-31,0.09503911387790248,6
6992,2024-03-01,0.076156841865688,8
8260,2024-01-01,0.4489272182397129,1
3673,2024-01-31,0.04861597215372957,10
4201,2024-04-30,0.14321767088939746,4
9869,2024-01-01,0.10650970049975908,5
8078,2024-03-31,0.19160360796378403,3
306,2024-03-01,0.23802993021595895,2
7847,2024-04-30,0.16187810911348238,3
8396,2024-01-01,0.2364611453499667,2
8404,2024-05-30,0.05415884577321493,9
4182,2024-01-31,0.3758101885245539,1
3183,2024-03-31,0.22743963662285605,2
1788,2024-01-31,0.3647081248490372,1
1060,2024-05-30,0.09253349412428348,6
2608,2024-01-01,0.14081461160401376,4
8930,2024-03-31,0.1336130930998239,4
815,2024-01-01,0.12376866749950756,5
9608,2024-05-30,0.04844403405848725,10
2466,2024-04-30,0.06354100246532209,9
7389,2024-04-30,0.027161696165193712,10
5256,2024-04-30,0.07918226760456629,7
4571,2024-03-31,0.2457445482878786,2
1984,2024-03-01,0.23206118024357794,2
9275,2024-03-01,0.27500776252424064,2
5635,2024-04-30,0.12452760918639699,5
4905,2024-03-31,0.12206020808357919,5
3998,2024-05-30,0.09259069342442544,6
4832,2024-05-30,0.4074012669905629,1
2818,2024-05-30,0.04205500030397055,10
1068,2024-01-31,0.7373712733563966,1
8139,2024-01-01,0.10783534581407819,5
89,2024-04-30,0.05407062238443722,9
3412,2024-05-30,0.07060589752510306,8
9756,2024-03-01,0.09058390871340441,6
9100,2024-05-30,0.1491300129700849,4
2199,2024-01-31,0.07277765200031956,8
1093,2024-01-31,0.1593583490367074,3
9432,2024-01-31,0.05303774552835496,9
3089,2024-01-01,0.0992812855685702,6
3843,2024-05-30,0.14918796178875798,4
649,2024-05-30,0.059264414254235696,9
5366,2024-01-31,0.07075101151578986,8
7319,2024-03-31,0.030494382744341502,10
5268,2024-03-01,0.040150164078474014,10
4347,2024-03-31,0.6108951397631799,1
9193,2024-04-30,0.208240699629942,2
5800,2024-01-31,0.1075864225821899,5
5496,2024-01-01,0.04357120980711646,10
6030,2024-03-01,0.6456552186917467,1
8926,2024-04-30,0.09711527052138826,6
2775,2024-03-31,0.11321860337825583,5
3206,2024-01-31,0.3080444191646935,1
8174,2024-03-01,0.09809280687116685,6
4841,2024-01-01,0.06904466425451357,8
9219,2024-01-01,0.18342234689941378,3
4042,2024-05-30,0.07288563277812057,8
7160,2024-04-30,0.08129863172325177,7
389,2024-03-31,0.12713252985134968,5
6342,2024-01-01,0.13324303201295268,4
3080,2024-01-01,0.23488567006249778,2
7351,2024-01-31,0.05298178521367031,9
6033,2024-01-31,0.05369551474623559,9
204,2024-01-01,0.29133437584289484,2
3277,2024-04-30,0.2281551945953339,2
780,2024-04-30,0.17717882061686635,3
1738,2024-01-01,0.07922895029661474,7
6361,2024-03-01,0.16278957918597678,3
6690,2024-04-30,0.15782164498953075,3
7434,2024-03-01,0.05299162869354909,9
2832,2024-03-31,0.05499401182359494,9
8365,2024-01-31,0.04270285273241053,10
7879,2024-01-31,0.7482703724443697,1
8866,2024-01-31,0.13205552163986706,4
4838,2024-01-31,0.2875154643415059,2
4772,2024-04-30,0.07807402336370294,7
492,2024-03-31,0.04381697758987781,10
2027,2024-01-01,0.03270938203470256,10
3643,2024-03-31,0.3041320385346577,1
4183,2024-03-01,0.08761673825193318,7
8650,2024-01-01,0.15616088881644344,3
3920,2024-03-01,0.08409054982382991,7
4501,2024-03-31,0.061387902411019275,9
4262,2024-03-31,0.15638825297584438,3
169,2024-01-31,0.12868971101020818,4
7123,2024-03-01,0.17323507673693106,3
3395,2024-01-31,0.9433326639516936,1
73,2024-01-01,0.05792811556844341,9
7813,2024-04-30,0.08599792992149659,7
1862,2024-03-31,0.5446123173860314,1
7266,2024-04-30,0.3333265628982757,1
4137,2024-01-31,0.28892882682171706,2
7643,2024-01-31,0.05888423202196702,9
3636,2024-04-30,0.16230100355796964,3
4704,2024-03-01,0.06183442256310108,9
6292,2024-04-30,0.24475867783437727,2
6102,2024-04-30,0.1589470536646728,3
988,2024-01-01,0.051523162138352424,9
1280,2024-05-30,0.056440706376568055,9
1609,2024-04-30,0.33451574022315517,1
8184,2024-04-30,0.1347039006880572,4
6835,2024-01-01,0.07244557194575146,8
6079,2024-04-30,0.07281986556373257,8
8780,2024-03-01,0.089693945460057,7
5404,2024-01-31,0.0918669333636329,6
8962,2024-05-30,0.05684211209456631,9
3832,2024-05-30,0.07569294026890452,8
1538,2024-04-30,0.07114926218857207,8
6094,2024-03-01,0.07937644789501704,7
5519,2024-05-30,0.9360389462385176,1
1587,2024-03-01,0.8266763603514075,1
9338,2024-03-31,0.07503211735156311,8
6337,2024-03-01,0.15403012494429644,4
808,2024-01-01,0.13972220525420923,4
2795,2024-01-01,0.2870380507647041,2
1636,2024-04-30,0.4213059748983148,1
5808,2024-04-30,0.03765840517092776,10
8782,2024-01-31,0.10563762658240099,6
6172,2024-01-31,0.9503968301271363,1
276,2024-03-31,0.046442596759476325,10
5847,2024-04-30,0.18855820146069335,3
9518,2024-03-31,0.06295939854212672,9
3935,2024-03-01,0.11364467143445917,5
1689,2024-05-30,0.042285712674107155,10
8233,2024-03-01,0.08728302218990472,7
535,2024-05-30,0.09750813926713936,6
7119,2024-03-31,0.09548487308695215,6
2091,2024-03-01,0.11699751833621011,5
1634,2024-03-31,0.09930414680516159,6
407,2024-01-01,0.11799098525856636,5
3840,2024-03-01,0.14761076099312562,4
3899,2024-03-01,0.07230465027950501,8
2353,2024-03-01,0.3743921304475834,1
6009,2024-01-31,0.19713279166389527,3
860,2024-01-31,0.060270757084066415,9
6352,2024-03-01,0.4098596545784438,1
1086,2024-01-01,0.03096847414022146,10
842,2024-03-31,0.247082770167935,2
9895,2024-03-31,0.25140573511809866,2
8195,2024-03-01,0.24837071930565618,2
4238,2024-03-31,0.14507260329459154,4
4554,2024-03-01,0.11876908759654975,5
1930,2024-01-31,0.08076459952630531,7
4982,2024-05-30,0.044270776994064176,10
6605,2024-03-01,0.13703307695878508,4
9961,2024-01-31,0.07808805547095615,7
8942,2024-03-01,0.30346744623456295,1
6369,2024-03-31,0.06395408872855221,8
8041,2024-03-01,0.11912790016849696,5
7342,2024-03-31,0.08679894724667386,7
4968,2024-01-31,0.16095897916267043,3
3221,2024-01-01,0.05504936339592439,9
7098,2024-01-01,0.05093968164736909,9
6157,2024-01-01,0.26710299590040726,2
6970,2024-04-30,0.08107583775086392,7
9585,2024-05-30,0.05003541670893987,9
2604,2024-04-30,0.07299648570849554,8
5442,2024-01-01,0.14648405958438895,4
3916,2024-05-30,0.0822665836637858,7
802,2024-03-31,0.046755861104866576,10
1214,2024-04-30,0.09006371880646434,6
5161,2024-01-31,0.11353088510380628,5
7412,2024-01-01,0.06220633701847932,9
203,2024-03-01,0.04361992897131171,10
2537,2024-05-30,0.11118382786295342,5
8672,2024-05-30,0.04899530932745656,10
6005,2024-01-01,0.076205036624856,8
6954,2024-05-30,0.3370934642624423,1
2931,2024-05-30,0.11061725744204884,5
1276,2024-05-30,0.05305049188926759,9
7724,2024-03-01,0.07813507218403253,7
6690,2024-05-30,0.10076432320331517,6
6613,2024-01-31,0.1506152899801828,4
7986,2024-01-01,0.09321814982272424,6
6876,2024-04-30,0.15153075839151559,4
411,2024-01-01,0.09885070612075725,6
1883,2024-03-01,0.1903464221546001,3
4110,2024-03-01,0.06143432545799369,9
5909,2024-03-31,0.06351762131465402,9
8968,2024-05-30,0.27560477814101947,2
9013,2024-04-30,0.24185891660307265,2
1492,2024-04-30,0.20673347171154613,2
8884,2024-04-30,0.2056913927926622,2
6592,2024-01-31,0.10795460085155471,5
7180,2024-03-01,0.25311318695159124,2
9200,2024-04-30,0.11860833280478651,5
5668,2024-01-01,0.05374953393898554,9
2083,2024-03-31,0.09674413542321518,6
546,2024-05-30,0.11887058974496494,5
4822,2024-03-31,0.39467117809251273,1
3557,2024-04-30,0.05375385056835407,9
5169,2024-05-30,0.04812868608913178,10
507,2024-03-31,0.06992388745888485,8
8144,2024-04-30,0.19274802434601884,3
5456,2024-01-31,0.2159181692834524,2
6074,2024-04-30,0.07549657599844092,8
5047,2024-01-01,0.5836136346427945,1
7688,2024-03-31,0.06598469417589327,8
672,2024-03-01,0.13545262261346735,4
1005,2024-03-01,0.1560269871285462,3
2998,2024-05-30,0.05097415593494695,9
2694,2024-03-31,0.07751143516595108,7
3360,2024-01-01,0.11223702694201046,5
2760,2024-01-01,0.08821266366374772,7
8771,2024-01-31,0.17001397204939483,3
5258,2024-01-31,0.14639088985608853,4
2446,2024-04-30,0.08995702711527528,7
4785,2024-03-01,0.10950853989723343,5
7860,2024-01-31,0.28048051770309784,2
7132,2024-01-31,0.04144866117268463,10
8124,2024-01-01,0.19694143078950047,3
7868,2024-01-31,0.08236522862724871,7
3576,2024-03-31,0.09087396277422759,6
6592,2024-05-30,0.08103709303270859,7
6561,2024-04-30,0.26020331560782384,2
1092,2024-03-01,0.031591210275183995,10
4273,2024-05-30,0.04916363316628939,10
5342,2024-05-30,0.5698047264143521,1
9572,2024-03-31,0.25688827759337357,2
4912,2024-01-01,0.07908380394843426,7
5418,2024-01-31,0.23533391996484115,2
6786,2024-03-31,0.04367812450714023,10
7010,2024-03-31,0.12157366498398414,5
3341,2024-03-31,0.04492868695924769,10
2263,2024-03-31,0.10310987249982442,6
554,2024-05-30,0.518269083237879,1
6087,2024-01-01,0.43343746468692634,1
1274,2024-03-31,0.07210309156067125,8
7229,2024-03-31,0.23214664536424767,2
49,2024-01-01,0.180557427265674,3
72,2024-01-01,0.1170745055615115,5
4357,2024-05-30,0.08199662715571386,7
8070,2024-03-31,0.07562980605497507,8
5095,2024-03-31,0.08513237880065239,7
1687,2024-05-30,0.1032093803114802,6
3245,2024-03-31,0.251537019334801,2
6673,2024-04-30,0.021673949826459104,10
5275,2024-03-01,0.0309461688890894,10
1059,2024-05-30,0.08374371372603237,7
1440,2024-01-31,0.09641489721085081,6
4945,2024-03-31,0.08242838569543022,7
6849,2024-03-01,0.078147687576936,7
7265,2024-04-30,0.23105387280260128,2
55,2024-03-01,0.09932852673009145,6
6127,2024-01-31,0.039531859328270996,10
2536,2024-01-01,0.0948699944775219,6
5661,2024-05-30,0.07044689034965267,8
9262,2024-01-01,0.133590725964365,4
4822,2024-04-30,0.4476083641440659,1
4946,2024-05-30,0.570038900593216,1
4817,2024-01-31,0.09498818133177257,6
9590,2024-03-31,0.41754619734180803,1
8776,2024-05-30,0.17227732748624092,3
4429,2024-01-01,0.06041336415208655,9
5760,2024-01-01,0.07365469319652061,8
3471,2024-04-30,0.2638380284970075,2
573,2024-05-30,0.12171274509526284,5
4383,2024-01-01,0.19979929005971028,3
8525,2024-04-30,0.3925046477614048,1
520,2024-01-01,0.274589221178043,2
9827,2024-03-01,0.10101921327261845,6
9346,2024-05-30,0.174371248682547,3
3665,2024-04-30,0.06041381015228317,9
8135,2024-01-01,0.19887200021209783,3
6167,2024-03-01,0.3381398409265528,1
6853,2024-04-30,0.06521446597585111,8
2643,2024-05-30,0.06553102291930069,8
1225,2024-03-01,0.08153585526786084,7
3281,2024-01-31,0.21986955215686763,2
5040,2024-04-30,0.08532776108351006,7
3255,2024-05-30,0.04466599362812618,10
8788,2024-05-30,0.09492743513699166,6
8854,2024-03-31,0.10355090117157573,6
595,2024-01-31,0.13588263643781792,4
4756,2024-05-30,0.1410984224365487,4
1576,2024-01-31,0.06304611155888624,9
9749,2024-03-31,0.13075110792420275,4
3454,2024-04-30,0.0510084935688291,9
1088,2024-01-31,0.09568236552383014,6
3240,2024-01-31,0.4461156207636489,1
7169,2024-03-01,0.06291221328077046,9
734,2024-03-31,0.13547091811696865,4
3604,2024-05-30,0.05321761716257193,9
1340,2024-03-01,0.19923482765628428,3
213,2024-05-30,0.08048081586086257,7
444,2024-03-01,0.13294857337773033,4
9623,2024-03-31,0.042057093909399844,10
5784,2024-03-01,0.13767650544701546,4
2897,2024-05-30,0.07597607682026142,8
573,2024-01-31,0.16274308805287557,3
8629,2024-01-31,0.09754619873775064,6
1676,2024-03-31,0.04312757034871745,10
5960,2024-03-01,0.09812024818918914,6
5231,2024-01-01,0.14138630089599694,4
1123,2024-01-01,0.06690500177566909,8
282,2024-03-01,0.028913107477596917,10
6513,2024-05-30,0.24264990810264853,2
9828,2024-03-31,0.1986761350523156,3
9513,2024-03-31,0.1902908008187293,3
9238,2024-03-01,0.17165123214565367,3
2803,2024-01-01,0.12070731465696218,5
9444,2024-01-31,0.2444863821751983,2
4730,2024-01-31,0.12821413068993118,4
3408,2024-01-31,0.14491848807329719,4
8521,2024-03-31,0.6306444419097117,1
2740,2024-01-31,0.5003439861412567,1
8416,2024-03-01,0.05254266154985988,9
7062,2024-04-30,0.06251464969461042,9
2188,2024-03-31,0.5073850950207589,1
6982,2024-03-31,0.05535915139636082,9
1321,2024-03-01,0.11867015552940793,5
5808,2024-05-30,0.030298935137404216,10
9049,2024-01-01,0.052556089485081656,9
1683,2024-03-01,0.07041536255822588,8
3262,2024-05-30,0.32779269441602493,1
178,2024-05-30,0.15509948404833374,4
5253,2024-03-01,0.06510738742105587,8
7546,2024-01-01,0.10258647877735376,6
9023,2024-05-30,0.1557983246010727,3
8764,2024-01-01,0.049611311350464427,10
1974,2024-01-31,0.07400233359893786,8
2068,2024-04-30,0.038314991449959875,10
257,2024-05-30,0.2743982608748122,2
1521,2024-03-01,0.08322302887728172,7
5585,2024-05-30,0.09520096906885035,6
2733,2024-04-30,0.07467203266203905,8
9907,2024-05-30,0.08917398283538841,7
1688,2024-03-01,0.31361577771711474,1
5851,2024-01-01,0.1420181172291073,4
4448,2024-03-31,0.08507617353759549,7
8444,2024-03-01,0.0985940763532446,6
7253,2024-05-30,0.10660543078208447,5
397,2024-05-30,0.07802745953946646,7
1614,2024-05-30,0.07809868684619528,7
5127,2024-03-31,0.06365977243356133,9
6929,2024-03-31,0.07338693947859687,8
3000,2024-04-30,0.032966769892874205,10
2495,2024-03-01,0.11006481873231531,5
8821,2024-03-31,0.0963316937469364,6
3201,2024-03-31,0.669901997720609,1
2880,2024-01-01,0.1417145668849664,4
9875,2024-03-31,0.07567287306310745,8
1161,2024-04-30,0.1794926328549449,3
5033,2024-01-01,0.09736199110687792,6
7574,2024-04-30,0.10532887587162945,6
2301,2024-01-01,0.07154608886438169,8
3862,2024-01-31,0.059232152069634315,9
4693,2024-01-31,0.26044322853007507,2
548,2024-01-31,0.07732935030556848,7
5429,2024-03-01,0.07829458843064199,7
6679,2024-05-30,0.06363905210359408,9
224,2024-03-31,0.07543910222430787,8
1871,2024-04-30,0.09455176086551294,6
6250,2024-05-30,0.06143363096539209,9
1995,2024-03-31,0.14223225509502974,4
9955,2024-03-01,0.048572661068968605,10
7576,2024-05-30,0.1369063873885926,4
8763,2024-05-30,0.13668329423903963,4
6994,2024-03-31,0.2613240269398129,2
3721,2024-01-31,0.09781518931367748,6
7688,2024-03-01,0.06965706137742578,8
4974,2024-03-01,0.03519665707523888,10
1627,2024-03-31,0.09414581065668094,6
510,2024-03-31,0.21475766456885756,2
9152,2024-03-31,0.030116176581043482,10
3863,2024-05-30,0.17274413186849866,3
2995,2024-04-30,0.06642821549136438,8
7413,2024-05-30,0.11281990121487531,5
4120,2024-01-31,0.19984272268326575,3
1036,2024-01-01,0.04518426422666248,10
5496,2024-03-31,0.04818248617281136,10
2516,2024-03-01,0.05451472720318168,9
7982,2024-05-30,0.06310466957032994,9
2097,2024-01-01,0.2561945189421281,2
7055,2024-04-30,0.08618877695877096,7
8509,2024-04-30,0.08689725773538659,7
2138,2024-03-01,0.15143139990877266,4
3788,2024-03-01,0.1126247198643436,5
4110,2024-01-01,0.07877406395317417,7
4475,2024-01-01,0.07253419504414874,8
7686,2024-03-31,0.21212035791148778,2
9236,2024-01-31,0.04301838915628876,10
525,2024-03-31,0.12092003565081322,5
4019,2024-01-01,0.15535204528916863,3
2959,2024-01-01,0.17240029648986852,3
2284,2024-03-31,0.06683290082962892,8
8397,2024-03-31,0.15275769805986886,4
4476,2024-01-31,0.057672458075511315,9
5187,2024-03-31,0.05144145148085565,9
5856,2024-03-01,0.32170974928022433,1
8546,2024-01-31,0.16350989622479714,3
1947,2024-01-31,0.2673556299829639,2
9819,2024-05-30,0.5901655676754114,1
3545,2024-05-30,0.15518077057825408,4
8958,2024-05-30,0.0998486409870355,6
402,2024-01-01,0.5012814639223337,1
6584,2024-01-31,0.08891608166928204,7
5115,2024-01-31,0.12411412754823506,5
8026,2024-04-30,0.1144900461766557,5
1410,2024-01-01,0.31140418669321,1
4723,2024-01-31,0.2385975934785267,2
9361,2024-01-01,0.03564696572451168,10
8863,2024-04-30,0.38294956216193987,1
4548,2024-05-30,0.2502569422107187,2
253,2024-03-31,0.08043532963290918,7
7841,2024-04-30,0.1002352986196214,6
9215,2024-04-30,0.35210105714127016,1
9106,2024-03-31,0.12586413362638513,5
107,2024-03-31,0.20776855331231756,2
864,2024-01-31,0.17400254769559964,3
5883,2024-01-01,0.07888614284760005,7
280,2024-04-30,0.29540273439585263,2
5979,2024-04-30,0.10059731630516852,6
9985,2024-03-31,0.1058400037064828,6
9262,2024-01-31,0.1134865707933526,5
4571,2024-01-31,0.4091664900112915,1
7008,2024-03-01,0.16157945268693127,3
303,2024-03-31,0.05030341455075574,9
5540,2024-01-31,0.046604441211157095,10
8435,2024-03-01,0.5372256101804949,1
4876,2024-01-31,0.2404361018904886,2
6454,2024-04-30,0.14268006647583112,4
5216,2024-03-01,0.046105699105138585,10
6065,2024-01-01,0.07301328870545298,8
6813,2024-04-30,0.37661438900418,1
2390,2024-05-30,0.1713271631692998,3
753,2024-01-01,0.08266537408341236,7
6470,2024-01-31,0.38271769148561735,1
4041,2024-05-30,0.16251380926207093,3
8010,2024-01-01,0.22528594493595844,2
2573,2024-04-30,0.12457193077293714,5
2424,2024-05-30,0.17294431568338195,3
4689,2024-03-01,0.15184737206107665,4
2092,2024-03-31,0.20837766514975872,2
5234,2024-01-31,0.050143864218235586,9
7039,2024-01-01,0.18444583873177972,3
7162,2024-01-31,0.3028921085922987,1
4146,2024-05-30,0.06062879930917253,9
7836,2024-04-30,0.30103536680226184,1
304,2024-05-30,0.07609530317532708,8
1571,2024-01-31,0.11227722389931348,5
5031,2024-01-31,0.17781087918405755,3
2523,2024-01-31,0.09456474805343648,6
6781,2024-01-01,0.0707245976527032,8
5341,2024-04-30,0.1364567687867599,4
1725,2024-03-31,0.053788307594443946,9
502,2024-01-31,0.17087865438333918,3
9056,2024-04-30,0.14604927601726003,4
7433,2024-05-30,0.08526881452296367,7
4682,2024-04-30,0.15588891177200745,3
6079,2024-01-01,0.07180505519490978,8
9149,2024-04-30,0.14940555507473985,4
7979,2024-03-01,0.11720378464306302,5
2357,2024-05-30,0.09995188042879394,6
4622,2024-01-01,0.10679960386223931,5
3605,2024-01-31,0.03549356372480038,10
3378,2024-03-31,0.1792404084765251,3
7030,2024-04-30,0.1744642192027917,3
3034,2024-04-30,0.049413472852429,10
5539,2024-03-31,0.49005810522904086,1
9478,2024-01-01,0.3970322926190556,1
7185,2024-03-31,0.22713065593270984,2
4812,2024-05-30,0.09145831647547459,6
155,2024-01-01,0.06216812443429676,9
2346,2024-03-01,0.10781465776620497,5
6736,2024-03-01,0.156156508060312,3
6788,2024-05-30,0.08690596800735764,7
275,2024-03-01,0.10167132471994839,6
3647,2024-05-30,0.12776409523417354,4
9992,2024-01-01,0.041320029081227255,10
198,2024-05-30,0.112155086356947,5
615,2024-03-31,0.15126155985253525,4
8714,2024-05-30,0.07796447402144543,7
1064,2024-01-31,0.09370050551539211,6
1610,2024-01-31,0.12534947148544465,5
3732,2024-03-31,0.26089028874572845,2
9788,2024-04-30,0.10155452119143946,6
4681,2024-03-31,0.09473727496392553,6
5557,2024-03-01,0.16278312388662786,3
3390,2024-01-31,0.14413559369783221,4
7804,2024-05-30,0.16556264629042322,3
9893,2024-05-30,0.09373905262230074,6
2765,2024-03-31,0.16691346829341008,3
5133,2024-01-01,0.11863811053853918,5
5904,2024-03-01,0.14958926603533515,4
8108,2024-03-01,0.04080371250466754,10
6598,2024-03-31,0.9573339484082329,1
8771,2024-01-01,0.17454483161395942,3
7512,2024-01-01,0.05619281695435832,9
4018,2024-03-31,0.10473081626228645,6
1171,2024-03-01,0.0794200639412637,7
208,2024-01-31,0.12554119247709267,5
9994,2024-03-31,0.2373775157048705,2
9215,2024-03-31,0.39907623539509257,1
6096,2024-03-31,0.05143496265702034,9
8316,2024-03-01,0.21799159542283425,2
9537,2024-05-30,0.0766183989073214,7
2060,2024-03-01,0.11359704261126026,5
2388,2024-03-31,0.08973724646226078,7
3010,2024-04-30,0.3816211208300548,1
3791,2024-03-01,0.0682836713960389,8
7724,2024-03-31,0.10041454883102274,6
2345,2024-01-01,0.10352230240627075,6
916,2024-04-30,0.18392539430399096,3
138,2024-01-01,0.08692411414582643,7
5889,2024-05-30,0.11436873481693732,5
9232,2024-01-31,0.03452269582758624,10
2082,2024-01-01,0.12466201809671672,5
6970,2024-01-31,0.08144643316138382,7
6483,2024-03-31,0.10110280889091626,6
1988,2024-04-30,0.14738339353036345,4
3835,2024-03-01,0.05409190564281934,9
7295,2024-01-31,0.13112829696747608,4
5125,2024-03-01,0.071341401579864,8
3808,2024-05-30,0.0730409628470004,8
8494,2024-03-01,0.05121753374238354,9
5462,2024-01-01,0.08656132665278753,7
8351,2024-03-01,0.031361527094089785,10
36,2024-05-30,0.12572608338509672,5
6358,2024-03-31,0.07515916501774547,8
2106,2024-03-31,0.17522035975469472,3
4200,2024-04-30,0.03753527470733865,10
785,2024-01-01,0.05405231563514662,9
5646,2024-04-30,0.3956789459891408,1
7496,2024-05-30,0.0547473991068274,9
4412,2024-05-30,0.06856993334947592,8
2255,2024-03-01,0.31658492783002756,1
9856,2024-03-01,0.039817666724116865,10
4244,2024-03-31,0.09779265769065124,6
9988,2024-03-01,0.12572220008534865,5
1676,2024-04-30,0.04206472897321589,10
7443,2024-05-30,0.3321303158210126,1
719,2024-05-30,0.0766489431933971,7
8466,2024-03-31,0.13259086221824767,4
4402,2024-03-01,0.05830148837718251,9
7691,2024-04-30,0.08280240321647889,7
8758,2024-04-30,0.038272047216109474,10
8571,2024-01-31,0.14244375445641977,4
5134,2024-01-01,0.06658747800116895,8
919,2024-01-31,0.35274622646724396,1
1955,2024-01-31,0.08831215257116172,7
9259,2024-04-30,0.15176387944165914,4
5794,2024-01-31,0.05352191546684478,9
1263,2024-01-31,0.06036846213586011,9
7670,2024-03-01,0.06528921599751573,8
9874,2024-01-31,0.10732436552377515,5
6558,2024-01-01,0.5313132988127772,1
1414,2024-03-31,0.28654787225027145,2
1303,2024-01-01,0.14966699128505048,4
4134,2024-01-31,0.09022042557700047,6
604,2024-03-01,0.29750334311648363,1
2676,2024-01-31,0.269014880865588,2
5016,2024-03-01,0.36466137588071434,1
3476,2024-03-01,0.07486536372721428,8
1169,2024-01-31,0.08774350791801273,7
8793,2024-04-30,0.055444515079921514,9
5226,2024-03-01,0.1622605468988472,3
1987,2024-04-30,0.0650349714155506,8
9692,2024-03-31,0.2635524279114382,2
4912,2024-01-31,0.07343572603640117,8
9622,2024-03-01,0.05690953478400056,9
9490,2024-04-30,0.07192478266277026,8
6863,2024-05-30,0.24565461674359435,2
2491,2024-01-31,0.17722755712293706,3
4677,2024-01-01,0.06376984380059825,9
9602,2024-01-31,0.10127716170876055,6
9424,2024-03-01,0.13695391759323977,4
9711,2024-01-01,0.15290234696350546,4
6651,2024-01-01,0.13155975727266556,4
5100,2024-03-01,0.13594244868666572,4
7491,2024-01-01,0.31468760267260754,1
4788,2024-03-01,0.04362028774640512,10
2731,2024-05-30,0.138856723829031,4
3669,2024-01-01,0.098015759805279,6
2110,2024-04-30,0.1491787247618943,4
9899,2024-05-30,0.12687020492242118,5
9126,2024-01-31,0.6767788548593257,1
2829,2024-01-31,0.7007778973045387,1
9697,2024-05-30,0.05323522158486573,9
1993,2024-03-01,0.031302016359556095,10
2373,2024-05-30,0.688481819921543,1
1112,2024-04-30,0.14828350638907226,4
5215,2024-04-30,0.10804259993425065,5
5782,2024-04-30,0.23633699055300933,2
970,2024-04-30,0.04729877697599765,10
9177,2024-05-30,0.1744052801564991,3
2231,2024-01-01,0.11013483830691366,5
4320,2024-04-30,0.1132872595791644,5
7943,2024-03-31,0.12153670165078169,5
2899,2024-01-31,0.33961973948468915,1
877,2024-01-31,0.12124053341142745,5
7345,2024-05-30,0.12648641838575997,5
964,2024-04-30,0.11339931582098609,5
2473,2024-01-31,0.0987752724693939,6
4979,2024-03-01,0.16552447773512816,3
7232,2024-03-31,0.0460447453255914,10
5898,2024-03-31,0.15026157562515005,4
4196,2024-03-31,0.19683709822428763,3
6739,2024-04-30,0.05732967631654883,9
368,2024-05-30,0.05665229188633062,9
2860,2024-03-01,0.3310224527022729,1
8798,2024-03-31,0.06190385439108426,9
1135,2024-03-01,0.09287272097309124,6
8857,2024-01-31,0.5213040640081257,1
4825,2024-05-30,0.10084845887171649,6
6339,2024-01-31,0.3270299361256154,1
3934,2024-05-30,0.07809991363324881,7
310,2024-05-30,0.38642737994911797,1
1655,2024-03-31,0.05491402492133554,9
9952,2024-05-30,0.053799479972209324,9
3402,2024-01-31,0.049496533689438425,10
1238,2024-04-30,0.32394887635726705,1
6692,2024-03-01,0.08934160811732658,7
8779,2024-04-30,0.06881342463911769,8
2808,2024-01-01,0.07647811282949463,7
4317,2024-03-31,0.16799539340004488,3
4679,2024-01-31,0.07942427359210273,7
9131,2024-03-31,0.1635172582881642,3
8096,2024-03-31,0.3270574274936505,1
9567,2024-01-01,0.6646438697505085,1
3014,2024-04-30,0.05314239196043472,9
7260,2024-01-01,0.0701056301430759,8
2938,2024-01-01,0.21769074932153748,2
3311,2024-01-01,0.058926045920411695,9
7921,2024-03-01,0.09075562898357258,6
1344,2024-04-30,0.06618881186576801,8
2900,2024-04-30,0.04705932777528123,10
8257,2024-04-30,0.04221108002233668,10
6053,2024-01-31,0.11295713934171096,5
7427,2024-05-30,0.34749418499554424,1
6644,2024-01-31,0.09378566658989687,6
5131,2024-04-30,0.1354662243550536,4
737,2024-03-31,0.05021421764265811,9
9566,2024-01-31,0.07269566729018848,8
6652,2024-05-30,0.0820873986295786,7
3056,2024-01-01,0.17927285671106388,3
4643,2024-01-01,0.08588068079139527,7
778,2024-03-31,0.046825738244576594,10
9519,2024-05-30,0.2707920187273157,2
8086,2024-01-01,0.2208296882695571,2
7324,2024-05-30,0.1049426816498899,6
222,2024-01-01,0.11617254531171307,5
5983,2024-01-31,0.06372519971751633,9
9308,2024-03-01,0.0926592673285652,6
4247,2024-04-30,0.12019092865358014,5
6788,2024-01-31,0.08944206030935276,7
2269,2024-05-30,0.137361752375513,4
8117,2024-03-31,0.07151567405455264,8
5859,2024-04-30,0.1569612409275309,3
9764,2024-01-31,0.1619284016303731,3
5768,2024-01-31,0.06664913781730489,8
3486,2024-03-01,0.10212952907517553,6
4287,2024-03-01,0.13651849748729805,4
2294,2024-04-30,0.048718931105216134,10
7653,2024-03-01,0.11472825516488211,5
694,2024-01-31,0.0984636722871669,6
8806,2024-03-01,0.06708356622748646,8
8784,2024-05-30,0.0904279118776631,6
6646,2024-03-31,0.10390548133656297,6
9885,2024-04-30,0.039514403950837294,10
7597,2024-04-30,0.18533180852579212,3
220,2024-01-31,0.22992642935480714,2
2722,2024-03-01,0.06716955155553092,8
6197,2024-01-01,0.06379211377806045,8
2053,2024-01-31,0.2190748530647116,2
5393,2024-03-31,0.054993971614325975,9
2935,2024-05-30,0.06214317924367615,9
2122,2024-05-30,0.09534072811223397,6
4243,2024-01-31,0.071166908138752,8
8390,2024-03-01,0.27096169083387306,2
5901,2024-01-31,0.07971512297277086,7
9235,2024-03-01,0.03605841653338825,10
1327,2024-05-30,0.09921401735833704,6
7923,2024-03-01,0.10559758631478673,6
6825,2024-03-31,0.13119268034511322,4
8187,2024-05-30,0.7164753241987684,1
6238,2024-03-01,0.09751741925055502,6
5097,2024-03-01,0.12096939200370393,5
6978,2024-05-30,0.09237414099126239,6
7408,2024-04-30,0.31049829418834607,1
4404,2024-01-31,0.1724276479070998,3
8216,2024-04-30,0.1071782945374605,5
3747,2024-01-01,0.0759799714028951,8
8223,2024-04-30,0.21695956842385716,2
2343,2024-01-01,0.3791049343849481,1
5011,2024-01-01,0.08368254311853415,7
8128,2024-01-31,0.2240548680848062,2
229,2024-01-31,0.19234533084588182,3
8264,2024-01-31,0.29766573463310414,1
2366,2024-03-31,0.18459404580815003,3
591,2024-01-01,0.07940863975331762,7
9450,2024-03-31,0.07591621127941398,8
3282,2024-03-01,0.10918871816384426,5
6715,2024-05-30,0.1261645339713835,5
4590,2024-03-01,0.29639557463783706,1
2101,2024-01-31,0.07583318275198711,8
7839,2024-05-30,0.6289600401927254,1
4209,2024-03-01,0.09984336609325636,6
9091,2024-04-30,0.08482819239237202,7
348,2024-03-01,0.3685667858107581,1
3550,2024-04-30,0.06925086313394942,8
3883,2024-01-31,0.04959665081656667,10
1056,2024-04-30,0.10207101055696802,6
4825,2024-03-01,0.0913406876781127,6
6329,2024-05-30,0.0856172212468867,7
9483,2024-01-01,0.13247394174458169,4
8745,2024-03-31,0.1578844857146324,3
7059,2024-03-01,0.07250126218686892,8
7194,2024-05-30,0.10611782664558302,5
8709,2024-03-31,0.07627150278678282,8
541,2024-05-30,0.06392465751138211,8
3220,2024-05-30,0.025861716153404376,10
9564,2024-01-01,0.11992248046329339,5
2732,2024-05-30,0.28296292047750504,2
7457,2024-01-31,0.09771299345851658,6
4382,2024-03-01,0.12648636754344764,5
3324,2024-01-01,0.058084924860360675,9
5310,2024-04-30,0.07813019981659997,7
7556,2024-01-01,0.23624661477482736,2
3766,2024-05-30,0.26947993477347126,2
2544,2024-01-01,0.3008818489589552,1
9574,2024-01-01,0.16481296742670495,3
6310,2024-01-31,0.09511209417365017,6
2286,2024-04-30,0.46370119649958097,1
1424,2024-05-30,0.07700270620915588,7
2617,2024-01-31,0.09082588572020919,6
7205,2024-01-01,0.0780270311047091,7
4395,2024-03-01,0.10149183201164154,6
3343,2024-01-01,0.3575492331084958,1
6590,2024-01-31,0.1231611249987606,5
642,2024-01-31,0.4761753422225443,1
3632,2024-04-30,0.057845333960269904,9
5455,2024-04-30,0.09070878156142059,6
4334,2024-01-01,0.057797468218860254,9
4114,2024-03-31,0.11152984200161326,5
9220,2024-03-01,0.1883294030556268,3
3963,2024-01-31,0.04185818792252811,10
7639,2024-04-30,0.3008796737265387,1
9739,2024-01-01,0.3012993061241303,1
732,2024-03-01,0.08582510275506235,7
1370,2024-05-30,0.5888109894081129,1
2900,2024-05-30,0.05666753666732183,9
7018,2024-04-30,0.18388961482857244,3
1987,2024-05-30,0.05709517002380698,9
8443,2024-03-31,0.1038794560724554,6
4969,2024-01-01,0.06717862359487979,8
5614,2024-03-31,0.17615043292193333,3
6948,2024-04-30,0.061354625311549775,9
7021,2024-05-30,0.08621642077641337,7
9836,2024-01-31,0.16172979752879027,3
9963,2024-03-01,0.20919593049430066,2
5937,2024-03-01,0.13497541491873266,4
3128,2024-01-31,0.17572005828987805,3
5728,2024-04-30,0.15358664183342008,4
9998,2024-03-01,0.18060499975159697,3
3139,2024-03-31,0.04139153895035293,10
256,2024-05-30,0.06783884984648915,8
7440,2024-05-30,0.04815961613518535,10
9853,2024-01-31,0.37806150043479314,1
7298,2024-05-30,0.12097249081614275,5
5513,2024-01-31,0.1909624468121756,3
2040,2024-03-01,0.39970702728810914,1
6579,2024-01-01,0.09993743377839095,6
5082,2024-03-01,0.15974371437496254,3
4020,2024-03-01,0.0634311177386448,9
635,2024-04-30,0.05684839654981902,9
259,2024-01-01,0.14019712669254275,4
754,2024-05-30,0.08555176065658457,7
6431,2024-04-30,0.11835756344513897,5
9164,2024-01-31,0.35287658562411844,1
2226,2024-03-31,0.09721949947596717,6
2525,2024-03-31,0.08488970974920663,7
4653,2024-05-30,0.045791639379526045,10
6497,2024-01-01,0.09888015601311696,6
3715,2024-05-30,0.07229985290974356,8
3836,2024-01-31,0.17206746952712487,3
6237,2024-04-30,0.11594681802870128,5
9916,2024-05-30,0.05859178449473364,9
4031,2024-01-01,0.09849038132314208,6
5135,2024-03-01,0.056515276667971244,9
1091,2024-05-30,0.13606663415794049,4
7728,2024-01-31,0.05992683926180549,9
1992,2024-03-31,0.24243343473117696,2
7382,2024-03-01,0.13351732583138992,4
1093,2024-04-30,0.0931408514371843,6
7533,2024-01-01,0.10906005743530256,5
9079,2024-01-01,0.1448040630836192,4
7715,2024-01-31,0.08366421201171266,7
2756,2024-03-01,0.06416890663127295,8
12,2024-04-30,0.1301456377817207,4
6310,2024-01-01,0.07936390041593498,7
9349,2024-05-30,0.06452268309071611,8
2378,2024-03-01,0.06146571697751739,9
9799,2024-03-31,0.12365400306463328,5
7674,2024-01-31,0.05074557032163085,9
1366,2024-03-01,0.03270272769747949,10
6841,2024-05-30,0.05588485189764796,9
6292,2024-01-31,0.21935709064352588,2
6423,2024-04-30,0.12774331333897182,4
8293,2024-05-30,0.1878451869819691,3
7265,2024-05-30,0.25086969504880774,2
8166,2024-01-31,0.5559729250999769,1
4375,2024-01-31,0.10120349350566622,6
2806,2024-05-30,0.08697679259968838,7
2994,2024-04-30,0.093683785751605,6
246,2024-01-01,0.13868763130531098,4
7370,2024-05-30,0.13552062889449015,4
4299,2024-05-30,0.06481659764883649,8
3145,2024-04-30,0.06687368882357232,8
8502,2024-03-01,0.057917189797885675,9
1727,2024-04-30,0.5425987688407523,1
6944,2024-04-30,0.06016143199810469,9
9776,2024-01-31,0.059608589542043094,9
973,2024-04-30,0.0905019555342506,6
9204,2024-03-01,0.07875067271183535,7
98,2024-04-30,0.06617465311721613,8
1916,2024-05-30,0.07380937898080452,8
3870,2024-04-30,0.04670938866931412,10
9981,2024-04-30,0.05532052437377686,9
5006,2024-05-30,0.07677977175934061,7
7178,2024-01-31,0.08786364210313839,7
2410,2024-03-31,0.07900165917531633,7
8210,2024-03-31,0.0676174136106344,8
9509,2024-03-01,0.05764269699610471,9
348,2024-01-01,0.5053323950486276,1
3771,2024-05-30,0.4138134469389689,1
2153,2024-01-31,0.23969221072289223,2
734,2024-04-30,0.13878265799511583,4
7527,2024-03-01,0.11768220463210327,5
7134,2024-04-30,0.4309004263791966,1
6406,2024-03-01,0.46727802151252357,1
8693,2024-03-31,0.021466301813367,10
2644,2024-01-31,0.14949264969237086,4
2875,2024-01-01,0.14508135197741726,4
1906,2024-04-30,0.16349701261199615,3
9472,2024-03-31,0.03392061254845904,10
1396,2024-03-01,0.06796736023323749,8
5370,2024-04-30,0.05360512736747293,9
1244,2024-01-31,0.07825742223564199,7
9688,2024-03-31,0.11412567274174781,5
6622,2024-04-30,0.06525005365584947,8
5737,2024-01-01,0.06851951236368117,8
5859,2024-01-31,0.19361633976277282,3
2711,2024-05-30,0.15029919009127468,4
837,2024-05-30,0.0530913365905655,9
7322,2024-01-31,0.04958032277290798,10
4000,2024-03-01,0.045236246637675545,10
2554,2024-05-30,0.2219939973339791,2
3756,2024-03-01,0.07324520454619844,8
7277,2024-01-31,0.17920193615191157,3
9576,2024-01-01,0.21933457972634898,2
3040,2024-01-31,0.06161925989347242,9
8207,2024-01-01,0.21691803244511562,2
8520,2024-03-01,0.037060547218873564,10
7496,2024-03-01,0.09051537426834068,6
1131,2024-05-30,0.0852071968493942,7
4910,2024-01-31,0.08375602827155712,7
5652,2024-03-31,0.12361795159793747,5
4970,2024-04-30,0.17818088630927112,3
4159,2024-01-01,0.2822162022217356,2
8264,2024-05-30,0.3301586290187725,1
5977,2024-03-01,0.19076040578863743,3
1078,2024-05-30,0.158890566532229,3
2613,2024-01-31,0.3279733497405934,1
1384,2024-04-30,0.17333351133204652,3
2794,2024-05-30,0.13612747323217458,4
5603,2024-05-30,0.041967991784913866,10
9261,2024-01-01,0.03398298043545208,10
7479,2024-04-30,0.06250395888624212,9
4648,2024-05-30,0.11078425528433031,5
7348,2024-03-31,0.5260873626378098,1
6707,2024-01-31,0.04420582931010612,10
5735,2024-01-01,0.1535631755055291,4
2633,2024-03-01,0.07869517307043868,7
7850,2024-01-31,0.22224060291323094,2
97,2024-01-01,0.10997600139433644,5
1504,2024-05-30,0.10960060001494891,5
681,2024-04-30,0.08452906425167368,7
2684,2024-01-01,0.07622997591346198,8
3570,2024-03-31,0.09622534924451587,6
5264,2024-01-31,0.03630115965327329,10
4238,2024-04-30,0.21235657741007094,2
3395,2024-03-01,0.06629292951311457,8
7350,2024-01-31,0.12086759999323136,5
6760,2024-03-31,0.04846024441168453,10
913,2024-03-01,0.06446596088081712,8
2080,2024-04-30,0.06457565263789589,8
7194,2024-04-30,0.10691531141292092,5
2162,2024-01-31,0.04570372873514788,10
2792,2024-04-30,0.053087554090818556,9
7504,2024-03-31,0.16517906047783806,3
5069,2024-01-01,0.12291325524268548,5
4597,2024-03-01,0.08889323012359475,7
5508,2024-01-01,0.05428746355242528,9
9058,2024-01-01,0.09895793927620535,6
8943,2024-05-30,0.21562609799007376,2
2055,2024-03-31,0.23708372588352886,2
2877,2024-03-31,0.1253985130344387,5
6184,2024-03-01,0.06979448337545033,8
1175,2024-01-31,0.069874020971798,8
5363,2024-03-01,0.07204993805293416,8
5953,2024-04-30,0.04404074089729362,10
7875,2024-05-30,0.23710187896097057,2
4867,2024-03-01,0.14199351218248035,4
4970,2024-01-31,0.3912038171835283,1
7015,2024-03-31,0.25970920885871396,2
2993,2024-04-30,0.19505996536655665,3
5063,2024-05-30,0.07688380431295805,7
72,2024-01-31,0.13376220919182938,4
248,2024-04-30,0.0883261681848109,7
3911,2024-01-31,0.0447581632157122,10
3769,2024-03-01,0.07739670829738515,7
1901,2024-03-01,0.07101361778675915,8
2795,2024-01-31,0.14449126819319283,4
6551,2024-03-01,0.06589019747304853,8
7562,2024-01-01,0.3133464288761715,1
3508,2024-04-30,0.058212589651263816,9
161,2024-03-31,0.3426318849269482,1
1452,2024-03-01,0.1302345945965263,4
7854,2024-03-01,0.08496575372756887,7
247,2024-04-30,0.10683575014350079,5
9166,2024-03-31,0.06396191783561558,8
4985,2024-01-31,0.05931101791008104,9
9001,2024-05-30,0.09104915674968297,6
533,2024-03-31,0.04493165835046325,10
5178,2024-01-01,0.0679654168247444,8
5913,2024-04-30,0.08586523237673194,7
2563,2024-01-31,0.05741264958668897,9
7718,2024-03-31,0.06695365403579365,8
2306,2024-03-01,0.06785377268237525,8
4720,2024-04-30,0.027637969187177397,10
5691,2024-03-31,0.21530646247019017,2
3773,2024-03-31,0.2800995273252051,2
2599,2024-04-30,0.09008912314590083,6
1123,2024-03-01,0.06596779767794328,8
1448,2024-01-31,0.16112329006993686,3
8411,2024-03-01,0.12462877431507641,5
1201,2024-04-30,0.3110111044350024,1
7289,2024-03-01,0.11846210800935769,5
7418,2024-01-01,0.16485879111601198,3
419,2024-01-01,0.1736183267225331,3
9490,2024-03-01,0.07977505156097221,7
9030,2024-01-01,0.1168783478444229,5
3044,2024-01-01,0.09302765117386541,6
3751,2024-05-30,0.09675431541571645,6
7405,2024-04-30,0.1926068068228109,3
6629,2024-03-01,0.5330097494949624,1
8546,2024-01-01,0.08304669387444469,7
5291,2024-01-01,0.08923221862449406,7
1715,2024-01-01,0.05445925882729845,9
3659,2024-03-31,0.09741647169151782,6
9779,2024-05-30,0.13650957935300825,4
7324,2024-03-31,0.15550407739909686,3
9546,2024-01-01,0.10049994548428053,6
6472,2024-03-01,0.04255113194740096,10
9968,2024-05-30,0.2332097081821465,2
7504,2024-01-31,0.16309462848891698,3
6772,2024-04-30,0.06135850988240947,9
5034,2024-05-30,0.11765360627543385,5
50,2024-05-30,0.03743866792770424,10
8578,2024-01-01,0.32455087413009104,1
4261,2024-05-30,0.11211124867301525,5
7514,2024-04-30,0.03237334397454146,10
6418,2024-03-31,0.15682739605398116,3
3824,2024-01-01,0.09197786484010621,6
7021,2024-03-31,0.11865770911286272,5
7437,2024-01-31,0.2044694244824096,2
3448,2024-01-31,0.45617554905877755,1
2021,2024-03-01,0.11303449026887732,5
8617,2024-03-01,0.18936392329550322,3
1914,2024-03-31,0.2703490033171299,2
8964,2024-03-01,0.10431319631880569,6
7495,2024-03-31,0.07776533337817275,7
3636,2024-01-01,0.13667947489907348,4
5344,2024-01-31,0.07743226711718458,7
9712,2024-04-30,0.1196729003675572,5
5352,2024-04-30,0.13787259481753003,4
7354,2024-01-31,0.08846857293436287,7
2288,2024-01-31,0.04106013374227518,10
1037,2024-03-31,0.031674174572271875,10
9106,2024-03-01,0.08885617183772958,7
7129,2024-03-31,0.07083215247920231,8
9126,2024-03-01,0.6023856077321806,1
4623,2024-03-01,0.07185508226277783,8
2518,2024-03-01,0.1312674844260641,4
303,2024-01-01,0.08003333431401657,7
5468,2024-01-31,0.19123412445279894,3
1651,2024-05-30,0.08858280029320513,7
8671,2024-03-01,0.04418484296412234,10
8554,2024-03-31,0.051150803825227506,9
6922,2024-04-30,0.048213590906969084,10
2209,2024-01-01,0.09169743711731547,6
8220,2024-03-31,0.16869656917710674,3
7260,2024-03-31,0.07226524945983126,8
9789,2024-05-30,0.045035787499771995,10
7598,2024-04-30,0.12336784151574853,5
2146,2024-04-30,0.07032048665153826,8
2523,2024-01-01,0.10698501771723211,5
5355,2024-04-30,0.11447952091510478,5
7635,2024-01-01,0.15663810880823745,3
5965,2024-01-31,0.056672851903678094,9
3769,2024-05-30,0.0644478984838265,8
3301,2024-04-30,0.09015048024738395,6
8988,2024-03-01,0.4921104162671049,1
4587,2024-05-30,0.15576525648192252,3
2993,2024-01-01,0.3141910531883109,1
9751,2024-05-30,0.1762888499562295,3
2406,2024-03-31,0.26279651251287695,2
9269,2024-03-31,0.04358162662155194,10
4870,2024-03-31,0.09700336012812631,6
2698,2024-01-31,0.33715072623366443,1
4985,2024-01-01,0.0948557862041019,6
2183,2024-01-31,0.13289490958381858,4
3364,2024-05-30,0.14064188106516728,4
228,2024-01-31,0.07130534112766436,8
3425,2024-03-31,0.8790950584456021,1
8860,2024-01-31,0.13115944890962394,4
2509,2024-04-30,0.1087564036500224,5
8309,2024-05-30,0.30359040509758745,1
4226,2024-01-01,0.11133470116646807,5
6664,2024-03-31,0.08609369694676536,7
3774,2024-03-01,0.1210253952995144,5
7269,2024-03-01,0.055131114031179415,9
6543,2024-03-01,0.129302058853035,4
1940,2024-05-30,0.1321926577077295,4
8816,2024-01-31,0.04103977101196812,10
4076,2024-01-01,0.22922089729885567,2
1744,2024-05-30,0.05047791606927239,9
3886,2024-01-31,0.41623797727096173,1
6229,2024-01-01,0.1587551503477674,3
7193,2024-03-01,0.12134760609935638,5
2997,2024-03-31,0.28602856925301473,2
517,2024-03-01,0.1656281538769189,3
698,2024-01-01,0.08415206654189558,7
113,2024-01-31,0.07518979604703244,8
2344,2024-04-30,0.21527557322277543,2
956,2024-05-30,0.2102466476346148,2
2638,2024-01-31,0.302467404867914,1
1107,2024-05-30,0.05527046925780124,9
1337,2024-04-30,0.06702627503301806,8
1867,2024-05-30,0.2345017957728825,2
2881,2024-05-30,0.07372851925763758,8
7569,2024-03-01,0.24170587536599136,2
9071,2024-04-30,0.17509845111670122,3
2480,2024-05-30,0.03978253923630513,10
8988,2024-01-31,0.29430161155166507,2
1726,2024-03-31,0.10058725543425319,6
7709,2024-01-01,0.21488549182469002,2
5761,2024-01-31,0.17915256009176253,3
7803,2024-03-31,0.2119383937889824,2
624,2024-01-31,0.16353023809583744,3
1196,2024-03-01,0.8302830263908574,1
2963,2024-03-01,0.10843436553952267,5
8149,2024-05-30,0.07005470603826672,8
319,2024-01-31,0.04602385285276431,10
8947,2024-03-31,0.043694022320476325,10
7767,2024-05-30,0.057719784678881024,9
9157,2024-05-30,0.06446494388018267,8
5507,2024-01-31,0.04900595057930044,10
2137,2024-05-30,0.06053976842183978,9
2991,2024-03-31,0.0465787965156285,10
8692,2024-01-01,0.36269550191561867,1
4252,2024-05-30,0.07439431649325558,8
9900,2024-03-31,0.40554954124486425,1
2219,2024-03-01,0.052569617431818275,9
5471,2024-05-30,0.13220294076587805,4
6789,2024-05-30,0.083801920067599,7
4897,2024-01-01,0.13095124002386574,4
2771,2024-01-01,0.09443200583340952,6
9003,2024-01-31,0.06798211327507792,8
8995,2024-05-30,0.1441476134672899,4
7702,2024-01-01,0.061840895874106766,9
1522,2024-03-01,0.09845406375134359,6
731,2024-01-01,0.08303580813417785,7
5470,2024-05-30,0.35150085549616,1
9725,2024-01-01,0.062139153938426055,9
2766,2024-03-31,0.18243459117896116,3
4598,2024-05-30,0.047052298024752706,10
7397,2024-03-31,0.12093811138106043,5
5359,2024-04-30,0.14597288005152737,4
7514,2024-01-31,0.03723843712723537,10
6483,2024-03-01,0.11420541990836082,5
1799,2024-01-31,0.2025426021423947,2
2026,2024-03-31,0.08125307889498534,7
1954,2024-03-01,0.03942747659095579,10
8813,2024-01-31,0.1539767483516677,4
8708,2024-05-30,0.13790348447870313,4
6112,2024-03-01,0.2248420407008704,2
4984,2024-03-31,0.19462771590437944,3
4016,2024-05-30,0.04035563379490297,10
4786,2024-04-30,0.44064583997775697,1
670,2024-01-31,0.1232886720770617,5
2363,2024-01-01,0.0632926057049534,9
4909,2024-03-01,0.12568043562315562,5
6257,2024-04-30,0.15953929633097252,3
3481,2024-01-01,0.04956716625034863,10
4814,2024-04-30,0.06990009739416606,8
3420,2024-04-30,0.06405738883804492,8
7694,2024-03-31,0.12427572796309862,5
1359,2024-03-01,0.12250074486868429,5
451,2024-03-01,0.293841319567422,2
2837,2024-04-30,0.24528381469368185,2
9105,2024-05-30,0.18773029721368575,3
2460,2024-01-01,0.12636693993011167,5
535,2024-01-01,0.07901912586815246,7
2234,2024-03-01,0.06174562300424276,9
809,2024-01-01,0.05671608223196856,9
5252,2024-03-31,0.2384666787528858,2
7035,2024-05-30,0.10171333947194158,6
6384,2024-03-31,0.08145941869966625,7
5263,2024-05-30,0.10803850502264291,5
1932,2024-03-31,0.03805944695790304,10
5595,2024-03-31,0.04359717858721122,10
9884,2024-01-01,0.13930728975222068,4
7576,2024-03-31,0.12465217959789622,5
7993,2024-05-30,0.08103750851109617,7
9078,2024-05-30,0.17414134906131268,3
9324,2024-05-30,0.0800518307228607,7
1461,2024-03-31,0.2390592159488981,2
2804,2024-05-30,0.13593272875979048,4
6363,2024-01-31,0.06140098475709229,9
2317,2024-04-30,0.06983128750048445,8
3291,2024-01-01,0.0558838873486866,9
8797,2024-03-31,0.09088340389457931,6
3459,2024-03-01,0.04212539735192285,10
4992,2024-04-30,0.1419840702586369,4
8692,2024-03-01,0.32162857648927556,1
5615,2024-05-30,0.10850770968697848,5
7912,2024-04-30,0.19564527948142782,3
1938,2024-05-30,0.18979572080738683,3
8702,2024-03-31,0.08086248893335668,7
9677,2024-05-30,0.14194659401061172,4
3344,2024-03-31,0.07649961867420879,7
4335,2024-05-30,0.3610613326567444,1
1779,2024-03-01,0.5871929993854211,1
9471,2024-01-01,0.044298176987973184,10
1122,2024-05-30,0.02592877794922876,10
5010,2024-03-01,0.1286667249028338,4
9587,2024-03-01,0.11060186883102009,5
4312,2024-01-31,0.2960461019054348,2
1380,2024-01-31,0.10500503621156008,6
6005,2024-05-30,0.0674203471710617,8
7607,2024-01-31,0.10230817391744551,6
9984,2024-01-01,0.08232250047373975,7
9283,2024-03-01,0.2061404293332388,2
8080,2024-01-01,0.19373621389104567,3
9969,2024-05-30,0.1288821783670081,4
466,2024-01-31,0.06308705221747664,9
6709,2024-03-31,0.06631182702774086,8
1462,2024-03-31,0.06638163593385366,8
481,2024-05-30,0.059885452593115125,9
6826,2024-04-30,0.08022098983730537,7
9114,2024-03-31,0.32849979263625306,1
763,2024-05-30,0.040353966602754664,10
2108,2024-01-31,0.11089631535430583,5
6983,2024-05-30,0.12385808405311613,5
991,2024-04-30,0.09371812525174933,6
244,2024-03-31,0.09416130642571965,6
4784,2024-05-30,0.0985585788188512,6
141,2024-04-30,0.33101299908720794,1
9333,2024-01-01,0.09977531872425546,6
476,2024-03-31,0.11676990494243276,5
6572,2024-03-01,0.33883046764115893,1
3223,2024-01-31,0.0960659412119319,6
4588,2024-03-01,0.06526378817273983,8
9217,2024-01-31,0.08499148672028,7
8271,2024-05-30,0.30519123327280745,1
1989,2024-03-31,0.1919678863409398,3
9162,2024-03-01,0.0829618849813583,7
8688,2024-03-31,0.16836972459200736,3
6070,2024-01-31,0.08068850611917429,7
6291,2024-05-30,0.23538439855236076,2
935,2024-03-31,0.12087862362076662,5
8756,2024-01-01,0.04147493073611789,10
3688,2024-03-31,0.22473213669222758,2
4714,2024-03-31,0.08475081092562636,7
2292,2024-04-30,0.06530165366840865,8
7589,2024-01-01,0.6537721267348761,1
4318,2024-04-30,0.25767320209121114,2
6069,2024-04-30,0.10083632992070064,6
7344,2024-03-01,0.08850884293389939,7
7746,2024-01-31,0.1270136306165936,5
234,2024-04-30,0.12088230085261067,5
8749,2024-01-31,0.09844841941254515,6
7899,2024-01-01,0.19755877592451965,3
918,2024-01-31,0.35973812911999276,1
2972,2024-01-01,0.09626812941069637,6
8339,2024-03-01,0.15505935118897127,4
5584,2024-01-01,0.10286926172648231,6
301,2024-01-01,0.2272836144801888,2
2349,2024-03-31,0.20996145708630062,2
2618,2024-01-01,0.08563193081872032,7
656,2024-04-30,0.5398791368137001,1
9542,2024-01-01,0.10797838363362255,5
9440,2024-03-01,0.06209314132860108,9
9742,2024-04-30,0.05773131083023145,9
4119,2024-05-30,0.047610239248641106,10
661,2024-05-30,0.08105218733287459,7
7825,2024-03-31,0.06923893194639183,8
1315,2024-04-30,0.05582522338189499,9
409,2024-03-01,0.12564722606265016,5
8815,2024-05-30,0.05364578677856738,9
3281,2024-05-30,0.12913668922433508,4
8757,2024-01-31,0.13182585699314817,4
5145,2024-05-30,0.07584578631147687,8
7829,2024-01-01,0.03742728451280239,10
8760,2024-03-31,0.04407792288240497,10
3146,2024-04-30,0.15918363574409136,3
4888,2024-05-30,0.08607902958498038,7
7545,2024-05-30,0.4888828446174712,1
5652,2024-01-31,0.17409677336304877,3
3074,2024-05-30,0.20947063108186095,2
6500,2024-01-01,0.0724544102779485,8
4851,2024-03-31,0.11283528406530142,5
8218,2024-01-31,0.5222022762152154,1
4438,2024-01-01,0.9782027241730561,1
9644,2024-01-01,0.1280665685228259,4
7135,2024-01-31,0.06310589051350227,9
5576,2024-03-31,0.20327747401505708,2
7460,2024-01-31,0.21039891363658167,2
2876,2024-03-01,0.1342143532830721,4
6331,2024-01-31,0.14377298484561093,4
1975,2024-04-30,0.09995419279975663,6
487,2024-01-01,0.08137887242744599,7
1117,2024-01-01,0.033745977108392715,10
3064,2024-03-31,0.059935353061096375,9
3204,2024-03-31,0.16343164385686995,3
9363,2024-01-01,0.16893786349308895,3
6615,2024-04-30,0.10587817667170117,6
5114,2024-03-31,0.08782198145509497,7
7478,2024-04-30,0.08143403961265401,7
8724,2024-03-31,0.22510093228263758,2
2142,2024-03-31,0.0730314146620866,8
3680,2024-03-31,0.13213067111602844,4
7842,2024-01-31,0.2667191992900326,2
4389,2024-01-31,0.033205372073218935,10
7222,2024-05-30,0.27101849480480844,2
6388,2024-01-01,0.13709050492071376,4
5674,2024-01-31,0.160156928722927,3
827,2024-01-01,0.21988441648433837,2
1048,2024-01-01,0.2203227303337951,2
3710,2024-01-31,0.34313460812894053,1
6062,2024-03-31,0.3726429703120167,1
225,2024-01-31,0.09247009429231,6
6819,2024-05-30,0.06416058662010933,8
1414,2024-05-30,0.21358544012858965,2
5222,2024-01-31,0.15864279866644834,3
556,2024-01-31,0.056165655879017534,9
7841,2024-03-31,0.10044122277450179,6
1200,2024-03-31,0.05325940364613243,9
9919,2024-04-30,0.39265191780685643,1
5048,2024-04-30,0.9781104847736235,1
1696,2024-01-31,0.4387079280254551,1
5015,2024-03-31,0.19541865048669227,3
1066,2024-05-30,0.051921404327311876,9
2489,2024-05-30,0.06213772511980701,9
9462,2024-05-30,0.08573162549373269,7
9429,2024-01-01,0.07658646490027149,7
1264,2024-03-31,0.08966839970397465,7
5685,2024-04-30,0.22112731767978783,2
5881,2024-01-01,0.09211921061793227,6
8026,2024-03-01,0.09957804720834623,6
9758,2024-04-30,0.09834413255031763,6
3907,2024-01-31,0.11333433952351998,5
3675,2024-03-01,0.23140767068432774,2
6365,2024-03-01,0.09350241903067262,6
4941,2024-05-30,0.27538471572096473,2
4099,2024-01-31,0.18842721815085361,3
2527,2024-01-01,0.26395291951266175,2
3844,2024-04-30,0.09457488869489698,6
3604,2024-01-31,0.051453309181406795,9
916,2024-05-30,0.33899940266608986,1
3437,2024-01-31,0.6780550729737801,1
6190,2024-01-01,0.050579554896197886,9
8373,2024-05-30,0.09405603412333417,6
9242,2024-05-30,0.055090083117152716,9
21,2024-05-30,0.08801201540691064,7
4156,2024-01-31,0.05500176105699772,9
2105,2024-03-01,0.17073896207810912,3
5284,2024-04-30,0.11395679649531543,5
8323,2024-04-30,0.1262365806555588,5
4016,2024-03-31,0.05041366225394874,9
2701,2024-01-31,0.10718356357270463,5
6951,2024-01-01,0.08754774543158807,7
637,2024-04-30,0.10985869943797438,5
9684,2024-01-01,0.06760026859614916,8
4559,2024-03-01,0.22606086064197212,2
1140,2024-04-30,0.0774890699107083,7
8081,2024-03-01,0.10059166915886983,6
6935,2024-03-01,0.31891534103509095,1
7205,2024-03-31,0.10515258494491478,6
8274,2024-01-31,0.0779515525839912,7
1646,2024-01-01,0.1285430362446625,4
7899,2024-05-30,0.2173089545841131,2
3548,2024-01-31,0.060092419018886144,9
6194,2024-05-30,0.09706762246911485,6
4793,2024-05-30,0.059052575902521436,9
8045,2024-03-31,0.35814612616370456,1
3567,2024-01-01,0.06059524108259904,9
6735,2024-01-31,0.2304060789356066,2
7809,2024-03-31,0.09329931133963569,6
377,2024-03-01,0.6802703024348442,1
9421,2024-03-01,0.11309057090120984,5
7631,2024-01-01,0.2123536243324121,2
4486,2024-01-01,0.4303647477128079,1
6999,2024-03-31,0.1578098543807926,3
1333,2024-01-01,0.13292793760974653,4
3959,2024-01-01,0.11191946780903256,5
4745,2024-04-30,0.0586442938848112,9
4941,2024-01-01,0.27599840850029345,2
3911,2024-03-01,0.05031547010661454,9
9422,2024-01-01,0.1970653898719997,3
1541,2024-03-31,0.13536217953860308,4
831,2024-01-31,0.08398799622449155,7
9577,2024-01-31,0.10373038858571235,6
7447,2024-03-31,0.051739310880426465,9
4407,2024-01-01,0.1264368708937413,5
4557,2024-03-01,0.04793386293911157,10
9211,2024-03-31,0.15450125661107164,4
5428,2024-01-01,0.06303373284381517,9
1573,2024-05-30,0.17771801693544423,3
5633,2024-04-30,0.06455045662028519,8
5720,2024-01-01,0.04020950952998231,10
5360,2024-01-01,0.23013835571146402,2
2402,2024-05-30,0.11933274211798428,5
4962,2024-01-31,0.0570286458378784,9
321,2024-03-31,0.055512630390007194,9
8141,2024-04-30,0.1712428312945773,3
2322,2024-04-30,0.3204860954762016,1
9280,2024-03-01,0.13666589543552324,4
9594,2024-03-31,0.10248665844486228,6
8974,2024-01-01,0.22795796635151486,2
6215,2024-03-31,0.05307220101306242,9
7554,2024-01-01,0.07197103083820598,8
8564,2024-05-30,0.0739429210214543,8
3005,2024-01-01,0.14537708894774254,4
5424,2024-05-30,0.2892565455453256,2
6490,2024-01-01,0.0698792641704648,8
2758,2024-01-31,0.16234117515623914,3
9212,2024-01-01,0.10115976540325622,6
9511,2024-04-30,0.1219327312415496,5
7628,2024-04-30,0.08900250064567383,7
7619,2024-01-31,0.395264455812854,1
7445,2024-03-31,0.043478788939503604,10
8840,2024-01-31,0.17294393043163794,3
912,2024-01-31,0.18308887972799853,3
4048,2024-01-31,0.04943599302584122,10
6106,2024-01-01,0.04936776138489087,10
5548,2024-04-30,0.14342213707832188,4
854,2024-03-31,0.0986422976446807,6
6966,2024-05-30,0.22809134372917422,2
5188,2024-05-30,0.14689048850231848,4
1927,2024-03-01,0.2232415751666774,2
6336,2024-03-31,0.11388607743748434,5
2945,2024-03-01,0.15115414211070888,4
9863,2024-04-30,0.16937878683024343,3
8714,2024-04-30,0.6369524170731691,1
1242,2024-03-31,0.09716990012139451,6
8303,2024-03-01,0.0523754995553557,9
4169,2024-03-01,0.17285799128038393,3
925,2024-01-31,0.04499759104740754,10
3725,2024-01-31,0.18644581838653776,3
6034,2024-04-30,0.06065761275612514,9
5205,2024-01-01,0.09333832476524768,6
1189,2024-01-31,0.22366141021227237,2
4011,2024-01-01,0.10460837140470436,6
6216,2024-05-30,0.5837343317952283,1
8578,2024-01-31,0.08649099987497214,7
9351,2024-03-01,0.053497810341452595,9
9603,2024-04-30,0.1305619785350333,4
2105,2024-01-01,0.21625330127541748,2
7858,2024-03-01,0.19695425569361175,3
875,2024-04-30,0.06699086072296676,8
2529,2024-03-31,0.2242559688091226,2
1778,2024-01-31,0.3990817583316147,1
790,2024-03-31,0.4059386362056832,1
301,2024-03-31,0.17909457521946406,3
893,2024-04-30,0.10872068318595444,5
6328,2024-03-01,0.17501517263739735,3
6932,2024-03-31,0.22519091482619294,2
1142,2024-01-31,0.13471299771445475,4
897,2024-05-30,0.17148331447861262,3
6400,2024-01-01,0.3293699033641164,1
5068,2024-05-30,0.08997645612597224,7
4133,2024-03-01,0.12114498721122792,5
1334,2024-01-01,0.07338987096997489,8
2068,2024-03-31,0.045183396959004626,10
3300,2024-03-31,0.06779823439669382,8
9834,2024-01-01,0.13296696917482947,4
907,2024-04-30,0.09499331701416211,6
395,2024-01-31,0.06059886583305443,9
2102,2024-04-30,0.11428210101293125,5
3600,2024-04-30,0.1482611541242853,4
6634,2024-05-30,0.343046991404133,1
3429,2024-03-31,0.40789909530121415,1
110,2024-03-31,0.04577545066763351,10
2552,2024-05-30,0.06954123626579083,8
4747,2024-01-01,0.05837801788961547,9
9431,2024-03-31,0.09256764019205146,6
3702,2024-03-01,0.06631325957347516,8
5762,2024-01-01,0.08506258598461133,7
3353,2024-03-01,0.17426847798209477,3
4362,2024-03-01,0.05210389953052684,9
1604,2024-03-31,0.13943371535551752,4
3482,2024-03-31,0.26153006990697203,2
3792,2024-04-30,0.06655958347164381,8
2594,2024-01-01,0.11194573098008148,5
3495,2024-05-30,0.12821976020304765,4
1250,2024-01-31,0.3481358876140829,1
4428,2024-03-01,0.07050391676593498,8
9568,2024-01-31,0.08761041400950086,7
7259,2024-03-31,0.1099121823413022,5
5439,2024-03-31,0.3925179941165232,1
1689,2024-01-31,0.04224451007358806,10
499,2024-01-31,0.22591806766852257,2
1718,2024-01-01,0.36219748247070127,1
5481,2024-05-30,0.4321273681791847,1
3417,2024-04-30,0.05569581010840052,9
3649,2024-05-30,0.12803708571861636,4
1896,2024-01-31,0.061885165140437653,9
2895,2024-05-30,0.06350437813353974,9
4662,2024-01-01,0.0540887061248309,9
4948,2024-05-30,0.28752075768179997,2
9434,2024-05-30,0.1353178377921308,4
5095,2024-03-01,0.09379071412914636,6
1185,2024-01-31,0.21561296916085437,2
8788,2024-03-01,0.09803973222518561,6
6997,2024-01-01,0.22435770224934967,2
3294,2024-01-31,0.1699084766558747,3
309,2024-03-01,0.25909970085386275,2
1899,2024-01-01,0.13892259727217318,4
1234,2024-01-31,0.06420137196129258,8
8231,2024-03-31,0.18254595908102303,3
7737,2024-03-01,0.5376107689611409,1
634,2024-03-31,0.03706700781082434,10
342,2024-01-31,0.07352654811058278,8
6370,2024-03-31,0.36186078742369726,1
9282,2024-04-30,0.06233974739936335,9
7127,2024-05-30,0.08506868116572272,7
400,2024-05-30,0.10264591633130139,6
2408,2024-01-31,0.1967338570643369,3
9944,2024-01-31,0.033543572518024464,10
425,2024-05-30,0.3511366851775855,1
7766,2024-05-30,0.25833313291687676,2
3403,2024-05-30,0.10023976398450367,6
9395,2024-05-30,0.11135011343997768,5
939,2024-03-01,0.15430141876283263,4
5290,2024-01-01,0.06577913948864861,8
5562,2024-04-30,0.33621493976382905,1
9920,2024-03-01,0.060105784708592236,9
6317,2024-01-01,0.04052565789461563,10
9184,2024-04-30,0.07306139507590406,8
2094,2024-03-31,0.10657356821052724,5
6911,2024-01-01,0.06558258510244497,8
9103,2024-01-01,0.0823103174781777,7
4773,2024-03-01,0.04876726920011655,10
3235,2024-04-30,0.23555822785040204,2
7018,2024-01-01,0.17048314147647858,3
5032,2024-05-30,0.149104586167707,4
6814,2024-01-31,0.25588662606336826,2
8438,2024-04-30,0.07062233465566047,8
8729,2024-05-30,0.34499745044254726,1
7728,2024-04-30,0.06781897006991809,8
4443,2024-01-01,0.09908028001479313,6
9534,2024-04-30,0.07748419191205654,7
7106,2024-03-31,0.11487169569001379,5
3812,2024-03-31,0.1493107322706953,4
6411,2024-04-30,0.10012838376812283,6
8970,2024-03-31,0.27586995776820417,2
2811,2024-01-31,0.09048013102174862,6
5863,2024-01-31,0.08527847880753832,7
950,2024-03-01,0.14489092783839463,4
8605,2024-01-01,0.09568300753348312,6
5990,2024-04-30,0.3150566616782548,1
1310,2024-04-30,0.10354799422263145,6
1026,2024-03-31,0.08203091115174016,7
3605,2024-03-01,0.03756880768488449,10
5177,2024-03-01,0.08110634171936844,7
1522,2024-05-30,0.0828501716647941,7
686,2024-01-01,0.07569618924494657,8
2029,2024-03-01,0.1405865389952559,4
4916,2024-05-30,0.08209464029894092,7
7415,2024-01-31,0.06401379297982207,8
4325,2024-01-01,0.02723095533595376,10
7377,2024-05-30,0.09308902923735846,6
8213,2024-05-30,0.12366671865732402,5
1277,2024-03-31,0.4314071564714761,1
4792,2024-01-31,0.055383562755245794,9
2116,2024-03-31,0.0527041684631691,9
4509,2024-01-01,0.15190764709292043,4
5415,2024-04-30,0.062467292106594415,9
4023,2024-01-01,0.09023823015858527,6
3820,2024-01-01,0.09875535833729825,6
6834,2024-03-01,0.070125949402888,8
6436,2024-03-31,0.038498687628632726,10
3063,2024-03-01,0.16051543506495047,3
9935,2024-01-01,0.4224369898833219,1
9229,2024-01-01,0.05448410637320875,9
9565,2024-05-30,0.06456833973587794,8
1639,2024-01-31,0.20356557748129564,2
209,2024-01-01,0.11777215760935851,5
5668,2024-01-31,0.3868845128646019,1
1161,2024-03-01,0.330896008942695,1
9171,2024-01-31,0.11376612171408744,5
4972,2024-03-31,0.481197399463347,1
4151,2024-03-01,0.04514151901144486,10
8240,2024-05-30,0.25757016116124304,2
942,2024-03-01,0.10441277937881643,6
7756,2024-01-31,0.043581630455703395,10
4881,2024-03-01,0.3092782029960471,1
4977,2024-03-01,0.20011595634686136,3
927,2024-03-01,0.18295925280508651,3
9735,2024-01-31,0.1511064769978112,4
1098,2024-03-01,0.15622093702909146,3
8765,2024-03-31,0.23247951575635517,2
1365,2024-05-30,0.033762115590273103,10
296,2024-03-01,0.2807586449886178,2
8958,2024-03-31,0.129869840433486,4
7510,2024-03-01,0.08523777962269426,7
6741,2024-01-01,0.14159315351653443,4
716,2024-03-31,0.07205513463692595,8
7353,2024-03-01,0.389267100478583,1
8424,2024-04-30,0.13358597898274985,4
4559,2024-05-30,0.1938677453875962,3
8529,2024-05-30,0.05943782766352948,9
1198,2024-03-31,0.07780545813361338,7
7748,2024-01-01,0.25262421832933085,2
4900,2024-01-01,0.1799915341545168,3
9701,2024-01-01,0.0748277517623352,8
2389,2024-03-31,0.16677293671489415,3
2754,2024-01-31,0.14204520491543426,4
6395,2024-03-31,0.035432124792009176,10
4380,2024-01-01,0.1498706192961743,4
9790,2024-01-01,0.058252258936438935,9
4695,2024-05-30,0.06384570834635127,8
6341,2024-03-31,0.310462443882963,1
4849,2024-05-30,0.06926913059722001,8
5453,2024-03-31,0.11196653690726055,5
5624,2024-01-31,0.21196936719943127,2
4149,2024-03-01,0.10884247714744183,5
1035,2024-01-31,0.5211206423705617,1
1038,2024-03-31,0.17661657644413625,3
3127,2024-03-31,0.04899098328374012,10
2687,2024-04-30,0.1437393165372347,4
1787,2024-05-30,0.049878472112907614,10
6972,2024-05-30,0.05384988525332863,9
1061,2024-05-30,0.2050399983159461,2
5764,2024-03-01,0.17538878674335862,3
9254,2024-01-01,0.07893757359064531,7
609,2024-01-01,0.4769761462078443,1
2074,2024-03-01,0.10786711305436437,5
6911,2024-03-01,0.07716853098917975,7
4023,2024-03-01,0.10399214120977109,6
7292,2024-03-01,0.1304317404878468,4
8459,2024-05-30,0.16872172420300416,3
8030,2024-01-01,0.13345461229615926,4
2547,2024-03-31,0.05686347874037391,9
4568,2024-05-30,0.3345748721646825,1
1353,2024-01-01,0.08986267129189388,7
1728,2024-04-30,0.06222784172281819,9
5514,2024-01-01,0.23787382848336364,2
6384,2024-03-01,0.08287235017018925,7
29,2024-03-31,0.06930123908274467,8
6217,2024-03-31,0.24992061780917899,2
9710,2024-01-31,0.06086141923367086,9
821,2024-05-30,0.04408692170341693,10
1837,2024-01-01,0.12840782932526323,4
5067,2024-03-31,0.06291786724397203,9
4691,2024-01-31,0.14614909131734122,4
5364,2024-01-01,0.1466341104329425,4
2660,2024-05-30,0.18981154289516108,3
2080,2024-01-01,0.08467001454524468,7
7659,2024-03-31,0.07779533467712152,7
5689,2024-03-01,0.18996739975705304,3
9826,2024-01-31,0.03260407706252591,10
1434,2024-03-31,0.1713052315070306,3
6791,2024-03-31,0.06427733627615125,8
9384,2024-03-01,0.05120107252438435,9
2970,2024-01-01,0.11276050180831314,5
2137,2024-04-30,0.06620456698445465,8
4816,2024-03-31,0.10104174038282299,6
2668,2024-03-31,0.2022967200203968,2
6356,2024-03-31,0.10849732405351917,5
9973,2024-03-01,0.19056473791901676,3
6212,2024-03-31,0.1401377818628271,4
8205,2024-03-31,0.3049714489978967,1
6344,2024-01-01,0.23867649458052476,2
4632,2024-01-01,0.05520918462406705,9
8217,2024-04-30,0.18472217521011114,3
4342,2024-04-30,0.051429819850837034,9
1544,2024-01-01,0.13389167797823964,4
2838,2024-04-30,0.03329348314116628,10
1884,2024-04-30,0.06048215790789296,9
2124,2024-03-01,0.11713907483621065,5
311,2024-03-01,0.20317496370855806,2
694,2024-01-01,0.166492292356898,3
8573,2024-01-01,0.1864416223291193,3
4784,2024-04-30,0.15618712421931127,3
7168,2024-03-01,0.08368372226836722,7
3553,2024-01-31,0.03049359503368786,10
1816,2024-03-31,0.1068109901312595,5
6104,2024-03-01,0.16061249965297705,3
346,2024-01-31,0.06051350796465979,9
1816,2024-05-30,0.09746861034606165,6
9684,2024-03-01,0.10489443527861657,6
3917,2024-01-31,0.31582982585922414,1
2341,2024-04-30,0.03963058900228245,10
7024,2024-04-30,0.47827660099720654,1
8568,2024-01-31,0.0672873873362077,8
7369,2024-03-01,0.10818662382528468,5
5097,2024-01-31,0.06510879546278894,8
1398,2024-01-01,0.07034991288428043,8
7993,2024-04-30,0.10509818047514996,6
6195,2024-01-01,0.04374998528037886,10
8695,2024-01-01,0.05233940089251113,9
8528,2024-03-31,0.28170000094383746,2
8775,2024-03-01,0.06438705074361671,8
6189,2024-03-31,0.07920733428860917,7
7041,2024-01-01,0.5052105908337717,1
8596,2024-04-30,0.06414174556848551,8
4362,2024-05-30,0.057691441797524314,9
6028,2024-04-30,0.05058528176229427,9
1626,2024-01-31,0.2836754413485939,2
4516,2024-01-31,0.19073129708717534,3
3678,2024-01-31,0.13004026859615492,4
8280,2024-01-01,0.19490101946625216,3
8374,2024-01-31,0.12229258532786728,5
8654,2024-03-01,0.031199667005328814,10
1635,2024-03-01,0.15120910970616913,4
9447,2024-04-30,0.18875222517915688,3
9597,2024-01-01,0.1738480210282103,3
8051,2024-01-31,0.2595455439512834,2
2929,2024-01-01,0.24177454389911776,2
1440,2024-05-30,0.08103237583459649,7
7575,2024-01-01,0.0958591249818771,6
246,2024-03-01,0.13959013560952607,4
8303,2024-04-30,0.06991547018403525,8
2329,2024-05-30,0.04250109836332169,10
9202,2024-03-31,0.05513133532969409,9
814,2024-04-30,0.21447881608639005,2
5980,2024-04-30,0.062158904475021974,9
5556,2024-05-30,0.043687005272722304,10
1145,2024-03-01,0.3307829709766525,1
1216,2024-03-01,0.18319009635307715,3
5979,2024-01-01,0.0779837746138802,7
1295,2024-05-30,0.17732542806436338,3
9498,2024-04-30,0.05942368456293603,9
5852,2024-01-31,0.09128594182314126,6
9797,2024-03-31,0.5017148107403904,1
8982,2024-01-01,0.1348150531555911,4
1562,2024-03-01,0.2961776886491301,2
7993,2024-01-31,0.08053295223597624,7
379,2024-01-01,0.14335057248139702,4
1721,2024-03-01,0.07141505463077909,8
896,2024-01-31,0.11879687221261562,5
1428,2024-01-01,0.07119066121155083,8
6858,2024-03-01,0.06871728107669532,8
6153,2024-04-30,0.09614067644584785,6
8695,2024-03-01,0.052496365013291586,9
6898,2024-03-31,0.034738520177553425,10
7061,2024-01-31,0.15539446269563975,3
3238,2024-04-30,0.17016665289324684,3
4232,2024-05-30,0.0860837929683247,7
8759,2024-05-30,0.11788069319576171,5
6960,2024-03-01,0.22403324345551165,2
42,2024-03-01,0.1038539030395313,6
8748,2024-05-30,0.044829789559409465,10
3647,2024-03-31,0.189972233293009,3
2739,2024-01-01,0.09851956625820729,6
8969,2024-05-30,0.20622186677418639,2
9862,2024-03-31,0.07378175698472024,8
5162,2024-03-01,0.694315067197309,1
9086,2024-05-30,0.09824829264727665,6
6955,2024-03-31,0.04555480936814485,10
7862,2024-04-30,0.10725271210304975,5
1069,2024-05-30,0.1719075901344858,3
9161,2024-03-31,0.3122939365596482,1
4306,2024-01-31,0.037312753021703456,10
9962,2024-04-30,0.19719425223086226,3
9488,2024-01-31,0.09687158544995747,6
325,2024-05-30,0.12908070411213324,4
337,2024-03-31,0.10801001050193039,5
2588,2024-05-30,0.12011184937709032,5
6056,2024-04-30,0.1046999852208812,6
9825,2024-01-31,0.07799252391117753,7
8234,2024-03-01,0.04197738627835844,10
4177,2024-03-31,0.21118838914703564,2
8366,2024-05-30,0.16873773309264364,3
1024,2024-01-01,0.128906067965828,4
3110,2024-01-01,0.08283802678254841,7
3858,2024-03-01,0.2635063955451236,2
5780,2024-03-31,0.06112814756865756,9
6054,2024-01-01,0.1195981567117663,5
3075,2024-03-01,0.29206473849595693,2
5687,2024-04-30,0.15028912179989706,4
3497,2024-01-01,0.048850701997690336,10
9937,2024-05-30,0.1274618903203771,4
996,2024-03-31,0.0651911020115786,8
5699,2024-05-30,0.09863323205938515,6
541,2024-01-01,0.1073713887320867,5
6851,2024-04-30,0.06210107652959633,9
1463,2024-03-31,0.06837186636586827,8
5565,2024-03-31,0.12762031402495444,4
6090,2024-05-30,0.0994988873532412,6
1499,2024-01-31,0.07507124864809757,8
5285,2024-05-30,0.041685093148329716,10
9490,2024-03-31,0.05581789115270211,9
72,2024-03-01,0.19845608113639082,3
2501,2024-01-01,0.15106509091572645,4
7325,2024-01-01,0.0829161352882855,7
8037,2024-05-30,0.15783480774700823,3
5155,2024-01-31,0.4947927703286373,1
729,2024-01-31,0.16137767830628427,3
1039,2024-04-30,0.1982883177746485,3
2321,2024-01-01,0.7166864520997486,1
1625,2024-03-01,0.1142541380126905,5
2725,2024-01-31,0.28221709339059575,2
1761,2024-03-31,0.05677982577539254,9
2015,2024-03-01,0.09227789249490621,6
5186,2024-03-01,0.06064749290502901,9
1866,2024-03-01,0.32793389545288726,1
897,2024-01-01,0.16427038204309813,3
8056,2024-04-30,0.052036236181715795,9
8516,2024-03-31,0.059733850756788796,9
5840,2024-04-30,0.07484484086976313,8
5236,2024-01-01,0.04549283515285554,10
9542,2024-05-30,0.08672578193475562,7
9147,2024-03-31,0.04459113595004111,10
5526,2024-05-30,0.04719165483702592,10
6051,2024-04-30,0.11714650539853581,5
7742,2024-05-30,0.6053408791557752,1
7349,2024-01-01,0.06524474153890697,8
8497,2024-05-30,0.10885476956983416,5
7642,2024-01-31,0.0742815742930235,8
1763,2024-03-31,0.07327187319230437,8
6469,2024-01-01,0.11399817734754207,5
4518,2024-03-31,0.10190621006119002,6
1839,2024-05-30,0.2509250154649812,2
9909,2024-01-01,0.14650131357069282,4
1165,2024-03-01,0.1974575607371318,3
854,2024-03-01,0.11660295293602023,5
9336,2024-01-31,0.03315987352419135,10
2432,2024-03-31,0.1873069530429579,3
3982,2024-03-31,0.07430530307613727,8
7060,2024-03-31,0.2304031994741496,2
4266,2024-01-01,0.07936197021333087,7
8331,2024-03-31,0.3791159721987543,1
778,2024-01-01,0.05778723924237265,9
5325,2024-05-30,0.10621575294180495,5
7833,2024-03-01,0.1157198583832313,5
7923,2024-03-31,0.1139873144680186,5
9389,2024-04-30,0.03217700386718723,10
4500,2024-01-31,0.26744390352453384,2
6568,2024-01-01,0.0653977592622607,8
2702,2024-04-30,0.39264899084407157,1
6283,2024-04-30,0.13772871584561655,4
1261,2024-03-31,0.08615449626012808,7
3243,2024-05-30,0.10877773054254893,5
6304,2024-01-31,0.11438735158211305,5
2275,2024-03-31,0.2398215591100999,2
8075,2024-05-30,0.038666979929419816,10
8697,2024-03-31,0.1324260832333171,4
1657,2024-01-01,0.09994648038843486,6
3128,2024-04-30,0.2943773774913407,2
7270,2024-01-31,0.0722982671046465,8
1337,2024-03-31,0.04414910161722257,10
8274,2024-03-31,0.14965706417593536,4
4009,2024-03-31,0.1691661236069787,3
9923,2024-01-31,0.10965577978050536,5
3762,2024-03-31,0.20901115116280544,2
4557,2024-01-31,0.04077089333959765,10
2726,2024-03-31,0.13297792956263602,4
1703,2024-01-01,0.17765100454542104,3
6063,2024-03-31,0.16040260562029415,3
554,2024-03-01,0.2562720448051733,2
3082,2024-05-30,0.11567000006580391,5
5062,2024-05-30,0.03500931336967958,10
3581,2024-01-31,0.1477817661605662,4
5342,2024-03-31,0.4798229443754758,1
9538,2024-03-01,0.05118406542254038,9
7240,2024-01-31,0.044165991032097424,10
6827,2024-03-01,0.06320393131780078,9
8838,2024-05-30,0.19084399149482068,3
3689,2024-03-31,0.04972686854318741,10
8016,2024-01-01,0.06940151275259196,8
8289,2024-05-30,0.11082801099524084,5
7809,2024-01-31,0.09524076793494089,6
3957,2024-01-31,0.046663663640530324,10
7316,2024-04-30,0.04905997664724933,10
3750,2024-05-30,0.2872600734263793,2
454,2024-01-01,0.1753101989742901,3
6699,2024-04-30,0.12448742372366661,5
1675,2024-03-31,0.09604886638626517,6
2438,2024-03-01,0.051285001369403276,9
6213,2024-03-31,0.09147364749891651,6
8419,2024-03-01,0.09512302370973642,6
7316,2024-03-31,0.044122818074790834,10
67,2024-05-30,0.23131179859841233,2
5080,2024-03-31,0.241630613472337,2
1776,2024-01-31,0.10663323054964491,5
1300,2024-05-30,0.06731855965127422,8
675,2024-01-01,0.10169166485228798,6
9214,2024-03-01,0.08014737263499917,7
8771,2024-04-30,0.1670310005384093,3
4990,2024-03-31,0.10956578717374611,5
9841,2024-04-30,0.05385301108320154,9
235,2024-04-30,0.11733871079753778,5
1659,2024-01-01,0.026282246828225907,10
5507,2024-03-31,0.039132535057007194,10
6398,2024-01-01,0.06951372128436223,8
4734,2024-05-30,0.07693290427494748,7
6896,2024-04-30,0.09678555040783467,6
495,2024-04-30,0.6979853639499182,1
1310,2024-01-31,0.11066018003553611,5
9884,2024-03-01,0.12210559043212627,5
7060,2024-01-31,0.26338187270440877,2
8485,2024-05-30,0.10556687975876998,6
7593,2024-05-30,0.16105161971908952,3
4240,2024-05-30,0.08386171552472652,7
5773,2024-01-31,0.20388449260154942,2
6398,2024-04-30,0.1463616856141775,4
4060,2024-04-30,0.34063268833616644,1
2829,2024-03-31,0.2194224703606201,2
2618,2024-05-30,0.10453234895711157,6
7954,2024-01-31,0.061325629636152505,9
589,2024-01-31,0.1051217482517164,6
652,2024-05-30,0.01831437759306286,10
3790,2024-03-01,0.20379528741506472,2
1063,2024-03-01,0.4555460294210992,1
7757,2024-05-30,0.17503019880564732,3
6105,2024-01-01,0.12700606716933827,5
3885,2024-01-31,0.16985974338416104,3
8425,2024-01-01,0.09333383603654319,6
6967,2024-01-31,0.2577323442585955,2
6539,2024-05-30,0.08300657883989032,7
7685,2024-03-31,0.08681818553904788,7
5224,2024-01-31,0.13159410728028884,4
6427,2024-05-30,0.05313744476742731,9
4251,2024-03-01,0.13691705492141612,4
504,2024-03-31,0.059995493261585084,9
9473,2024-03-31,0.13623909966436692,4
6179,2024-05-30,0.16972426053303993,3
2170,2024-01-01,0.1937194855689046,3
7176,2024-01-31,0.21321952541241201,2
4919,2024-05-30,0.06937957008124142,8
503,2024-03-01,0.09884538753083584,6
6344,2024-03-31,0.2561926325450717,2
5945,2024-04-30,0.16156119143723735,3
8007,2024-01-01,0.04442423309796971,10
8450,2024-01-31,0.0841526554437728,7
8446,2024-01-01,0.14204903182913234,4
3659,2024-05-30,0.08597126210106494,7
1091,2024-01-01,0.1370476906490295,4
5623,2024-01-31,0.07460788905558625,8
7758,2024-04-30,0.07775059658957852,7
3760,2024-03-01,0.07628047430602407,8
218,2024-03-31,0.2778533476317776,2
5917,2024-01-31,0.045851458466194095,10
4693,2024-03-31,0.3567065253329884,1
5208,2024-03-01,0.11223542141974883,5
471,2024-04-30,0.12535436711638742,5
2219,2024-03-31,0.05739789414121665,9
2757,2024-03-01,0.14334079196092853,4
6767,2024-01-01,0.08445246989885281,7
8031,2024-03-01,0.31836990766612466,1
6322,2024-05-30,0.10304374022808009,6
675,2024-04-30,0.053001271041049645,9
515,2024-04-30,0.20986710647131462,2
8186,2024-04-30,0.07743046611589217,7
5348,2024-04-30,0.2609407996514671,2
9860,2024-03-31,0.04816400961731262,10
3421,2024-01-31,0.13565204523993155,4
2055,2024-01-01,0.1249417577393843,5
6957,2024-03-01,0.20195539849420596,2
6727,2024-03-01,0.18487247769098203,3
893,2024-01-31,0.16135348649301842,3
5490,2024-04-30,0.36279364534346925,1
2036,2024-03-01,0.11372362791030965,5
5684,2024-01-01,0.20082196739688402,3
9422,2024-05-30,0.17115891853254386,3
302,2024-05-30,0.14925468433739744,4
8241,2024-03-01,0.06862855742503446,8
3976,2024-01-01,0.2669852160685223,2
8269,2024-01-01,0.09526212075569132,6
6412,2024-03-01,0.24662093817508493,2
9022,2024-05-30,0.09924339528895659,6
6020,2024-01-01,0.10507856139526192,6
7293,2024-05-30,0.16334048297184045,3
2675,2024-01-01,0.13260502581663983,4
8715,2024-05-30,0.08908173026923742,7
1696,2024-01-01,0.21571279094316984,2
766,2024-03-01,0.42960076012712267,1
9092,2024-03-31,0.0953122416363091,6
9584,2024-01-01,0.35377953784593513,1
8421,2024-03-01,0.20322717651972086,2
8420,2024-01-01,0.18594911778382558,3
7661,2024-05-30,0.47721800116888413,1
5773,2024-04-30,0.18858033772521493,3
9636,2024-05-30,0.06104036013001912,9
3625,2024-03-01,0.311994078358537,1
122,2024-05-30,0.34009425688309786,1
7013,2024-01-01,0.08347920469768517,7
5508,2024-03-31,0.05976111600057604,9
1473,2024-01-01,0.06691153995933967,8
9416,2024-04-30,0.0869655209203031,7
1173,2024-05-30,0.10860203567622538,5
5930,2024-03-01,0.13870807111063016,4
1809,2024-03-31,0.1544545340467202,4
2368,2024-01-31,0.09673042528184655,6
1150,2024-03-01,0.04845751794903084,10
5058,2024-01-01,0.13773267764366542,4
2827,2024-01-31,0.060470420264785385,9
9022,2024-03-31,0.08054184726161791,7
497,2024-01-31,0.16846896663234306,3
5457,2024-03-01,0.14924948634490326,4
1786,2024-05-30,0.07582092411263978,8
3392,2024-04-30,0.16131006067241205,3
1268,2024-04-30,0.08920175971229963,7
3856,2024-01-31,0.1851183252401966,3
5450,2024-04-30,0.08812436130008226,7
5547,2024-05-30,0.1830021156131241,3
8045,2024-05-30,0.39906219042897073,1
5144,2024-04-30,0.07085990859185669,8
7088,2024-03-01,0.23800019313918283,2
8565,2024-04-30,0.13234925393510572,4
5649,2024-01-01,0.1009214203668293,6
2409,2024-01-31,0.1540166058969968,4
6223,2024-04-30,0.044040593363592936,10
6731,2024-05-30,0.0621435499410974,9
8184,2024-03-31,0.12062288843064324,5
9857,2024-03-31,0.10408237526305708,6
3627,2024-04-30,0.05968748017963043,9
9492,2024-03-01,0.0404418570603535,10
1587,2024-03-31,0.8175536900354031,1
4164,2024-03-31,0.07811703478590759,7
3112,2024-03-01,0.2276918876066594,2
3872,2024-03-01,0.060419843275427355,9
9771,2024-03-01,0.15022764473416764,4
8342,2024-01-31,0.0490055169726065,10
5748,2024-05-30,0.6522791137069751,1
446,2024-01-01,0.23602227357411817,2
6775,2024-01-31,0.2588997149392815,2
5306,2024-05-30,0.04933459568714293,10
3127,2024-01-31,0.04850851622495837,10
3844,2024-05-30,0.07651222992048876,7
7660,2024-01-01,0.09591703351627943,6
4772,2024-01-01,0.062702497969,9
9313,2024-03-01,0.04677617305029154,10
8667,2024-01-01,0.050877952713949265,9
7787,2024-01-31,0.14052377647228892,4
101,2024-01-01,0.07955373492000556,7
5686,2024-03-01,0.48128829543358065,1
9706,2024-01-01,0.21613318210464066,2
8167,2024-03-01,0.18730268276705472,3
6259,2024-01-01,0.12955783701308332,4
9325,2024-03-01,0.043380182321013906,10
2315,2024-03-31,0.32477218705990807,1
9459,2024-01-01,0.08193518868295488,7
3985,2024-03-01,0.20063426849382718,3
9118,2024-01-31,0.03164362008014808,10
4819,2024-05-30,0.11076688452799821,5
6908,2024-05-30,0.0521797485454607,9
1680,2024-04-30,0.07857151519004538,7
8758,2024-03-01,0.07383795155883006,8
3503,2024-04-30,0.04981686598361098,10
6439,2024-03-31,0.18904432412162725,3
5982,2024-01-31,0.05285147103023952,9
8625,2024-03-31,0.14667110232592245,4
172,2024-04-30,0.045008559044330584,10
2294,2024-01-01,0.06211192181069313,9
1763,2024-03-01,0.05335237783123356,9
3053,2024-05-30,0.32225695808719523,1
6530,2024-05-30,0.36403866108370786,1
2810,2024-05-30,0.195279477731272,3
7370,2024-01-01,0.1295340923936646,4
1663,2024-01-01,0.14678930647027377,4
8369,2024-01-01,0.05429421620670051,9
8698,2024-01-01,0.11558548324461598,5
4331,2024-04-30,0.068714371630253,8
339,2024-03-31,0.15562074996601072,3
456,2024-01-31,0.12132091824230729,5
10000,2024-03-31,0.1442826233849338,4
1682,2024-03-01,0.10895521723504478,5
5398,2024-05-30,0.06753327347881437,8
1397,2024-05-30,0.1334240480633305,4
4194,2024-01-31,0.09152792717639019,6
6657,2024-03-01,0.07240158717935065,8
9457,2024-01-01,0.10627969408058577,5
5208,2024-01-01,0.06998695831168193,8
3535,2024-04-30,0.13783515883887865,4
5054,2024-03-01,0.0604750664526986,9
5718,2024-03-31,0.2948260766968541,2
4500,2024-01-01,0.3407969714103161,1
3928,2024-01-31,0.040909042064748796,10
4384,2024-05-30,0.27347016095236626,2
1643,2024-03-01,0.2606999323429302,2
3387,2024-04-30,0.1784036870047684,3
5297,2024-01-31,0.07416276337957094,8
1982,2024-05-30,0.43780071555140937,1
2041,2024-01-31,0.09420470989058063,6
6852,2024-04-30,0.23720385406120034,2
1011,2024-04-30,0.03202499355156212,10
5254,2024-04-30,0.19353787471936965,3
6813,2024-05-30,0.22425309193206197,2
4259,2024-01-01,0.0886650172544328,7
368,2024-01-31,0.06110681104678122,9
4208,2024-05-30,0.12938475887887324,4
6620,2024-05-30,0.06935162565362983,8
279,2024-04-30,0.14986327645279332,4
9704,2024-03-01,0.7495855137313427,1
9997,2024-03-31,0.09668225628464523,6
6828,2024-03-31,0.06731183855328586,8
165,2024-01-01,0.09489391259177496,6
744,2024-04-30,0.20787955235781538,2
8360,2024-01-31,0.10050531868222545,6
4642,2024-01-01,0.05537227126331549,9
3786,2024-01-31,0.04985691526546758,10
7594,2024-01-31,0.1275965454485713,4
8686,2024-03-01,0.20421667958125392,2
6278,2024-01-31,0.07940285111518075,7
2225,2024-03-31,0.075023478355737,8
6828,2024-01-31,0.0654313992928689,8
7308,2024-03-01,0.029951206815553303,10
507,2024-05-30,0.06742974899399877,8
8372,2024-01-31,0.18473785207943447,3
6716,2024-03-01,0.3652101492259146,1
853,2024-03-01,0.8087019156261676,1
7585,2024-03-31,0.20206739841719784,2
355,2024-03-31,0.1791923617117729,3
3954,2024-03-31,0.2895309793978462,2
3483,2024-01-31,0.07562308952500724,8
394,2024-05-30,0.14484276727363832,4
6211,2024-01-01,0.073153413165148,8
349,2024-01-31,0.05325409104193605,9
7511,2024-01-31,0.058285712370446,9
1164,2024-04-30,0.07370955193213757,8
2094,2024-04-30,0.09487312271166176,6
3450,2024-03-01,0.11327014276162535,5
4166,2024-04-30,0.05157302921073561,9
2714,2024-01-01,0.038270668172556706,10
6147,2024-01-31,0.12120622621552524,5
2230,2024-01-31,0.08233453143458554,7
2780,2024-01-01,0.44147052536858505,1
1637,2024-03-31,0.14593209842812707,4
2201,2024-03-31,0.29356351755674026,2
8807,2024-03-31,0.10565904073459917,6
1770,2024-01-31,0.31645331040566727,1
5521,2024-03-31,0.16563642667262823,3
9151,2024-04-30,0.17392880294356336,3
7505,2024-01-31,0.25573181690461677,2
9762,2024-05-30,0.13468518216535363,4
5148,2024-01-01,0.03632663253582232,10
3195,2024-01-31,0.04700027099865397,10
9889,2024-01-31,0.07533407902408518,8
6102,2024-03-31,0.1467666717480939,4
1825,2024-05-30,0.15596897601830403,3
9908,2024-05-30,0.15011490090581237,4
7863,2024-01-01,0.040501627695333324,10
711,2024-03-01,0.1931970887519779,3
6610,2024-03-01,0.1770472405889831,3
3120,2024-01-01,0.17454132486255944,3
8885,2024-01-01,0.22875256594700985,2
3237,2024-03-01,0.15030728295973828,4
9364,2024-04-30,0.14853317916988593,4
5317,2024-01-01,0.34983672227504004,1
1296,2024-01-01,0.12179654074531299,5
596,2024-05-30,0.3251783171558816,1
8327,2024-01-31,0.2373045673128209,2
5924,2024-01-31,0.03857933436257774,10
2362,2024-03-31,0.16759209073531986,3
8230,2024-03-01,0.0846065405924042,7
1113,2024-01-01,0.13714563923556566,4
2117,2024-01-01,0.09386011095603665,6
9826,2024-04-30,0.025806523387958462,10
1580,2024-01-31,0.055074568228072496,9
8822,2024-01-01,0.07264161572718908,8
2258,2024-01-31,0.13365429889826583,4
7817,2024-05-30,0.07910239148319752,7
9909,2024-01-31,0.10115715695036814,6
376,2024-01-31,0.18170611100064948,3
4084,2024-03-31,0.08768421321387745,7
7845,2024-03-31,0.13307939602547175,4
69,2024-05-30,0.06278449336117227,9
6421,2024-04-30,0.12800053503682757,4
4463,2024-01-01,0.12785844286484935,4
3933,2024-03-31,0.05747699412413767,9
5584,2024-04-30,0.13077392850767403,4
2329,2024-01-31,0.029128045887974012,10
1334,2024-04-30,0.03856422682894317,10
4055,2024-03-31,0.09340148785962174,6
3842,2024-04-30,0.026911132663465512,10
116,2024-03-31,0.1742079085987665,3
2257,2024-04-30,0.31543122967898335,1
9609,2024-04-30,0.03519274851731752,10
6171,2024-01-31,0.04854322414347264,10
2923,2024-01-31,0.06472161023539676,8
9523,2024-05-30,0.03530104122845554,10
708,2024-03-01,0.06450138175723527,8
3945,2024-05-30,0.13158035700053064,4
9659,2024-01-31,0.3635427709571967,1
3563,2024-03-01,0.08259005383006517,7
4680,2024-03-31,0.09442770695954776,6
1598,2024-04-30,0.07105032473405663,8
580,2024-03-31,0.15504616740872743,4
78,2024-03-31,0.28196779176606224,2
3858,2024-05-30,0.29905347117996944,1
4038,2024-01-01,0.11429432986424315,5
6436,2024-04-30,0.05048629023060293,9
817,2024-03-31,0.06171385943537134,9
4956,2024-03-01,0.13714759760871514,4
9510,2024-03-31,0.4185388305113417,1
9445,2024-05-30,0.1005304127283039,6
574,2024-03-31,0.3576657870256098,1
5474,2024-03-01,0.03654835087290118,10
6294,2024-01-31,0.14920771931684515,4
5102,2024-03-31,0.07979346582913649,7
288,2024-05-30,0.057257903732832315,9
6286,2024-03-31,0.23241107900447733,2
866,2024-03-01,0.20564251679558415,2
9612,2024-01-01,0.053951794383219065,9
1950,2024-01-31,0.11378007160560027,5
9865,2024-03-01,0.6054912272810267,1
9573,2024-03-31,0.1422396485906707,4
1911,2024-03-01,0.061782548227290096,9
3962,2024-01-31,0.04851466574368507,10
8493,2024-04-30,0.12360044839404107,5
6074,2024-03-31,0.07164047180355958,8
7735,2024-01-31,0.6515516502928904,1
345,2024-05-30,0.30800062594105465,1
2021,2024-05-30,0.15769142147685802,3
9954,2024-01-31,0.07155925744969548,8
911,2024-05-30,0.15391508537871212,4
8992,2024-05-30,0.14264586976695587,4
5011,2024-05-30,0.0794334474012713,7
9192,2024-03-31,0.32020550656167024,1
9817,2024-01-31,0.028841845804625427,10
6129,2024-03-01,0.2047438054390428,2
240,2024-01-31,0.1014981338696692,6
4670,2024-01-01,0.09159521312042279,6
5379,2024-03-01,0.12420501758784663,5
4163,2024-04-30,0.08338449154920292,7
6521,2024-05-30,0.3186858947361875,1
8908,2024-03-01,0.16307764511280745,3
3723,2024-05-30,0.03894603016783382,10
2686,2024-03-01,0.14690417896582453,4
3399,2024-04-30,0.09076026663932855,6
2695,2024-05-30,0.06170063160470822,9
3362,2024-01-01,0.09266536237133217,6
7100,2024-01-31,0.07693349223269162,7
9968,2024-01-01,0.2598658903576618,2
3185,2024-04-30,0.08298540948642452,7
400,2024-03-01,0.35790329838185486,1
1323,2024-05-30,0.16463722645524756,3
2943,2024-03-01,0.11768537363669669,5
6833,2024-03-31,0.05982038112088903,9
388,2024-03-01,0.0527742532221698,9
4531,2024-05-30,0.24468528373565926,2
4106,2024-04-30,0.08518706924917431,7
5624,2024-04-30,0.18415573068176827,3
6257,2024-05-30,0.09604205709759857,6
8018,2024-05-30,0.09413183947472191,6
3118,2024-03-01,0.046557017732013234,10
875,2024-03-31,0.09556206474953288,6
7926,2024-05-30,0.11156717078988418,5
9862,2024-04-30,0.0657905165718261,8
3852,2024-01-31,0.11725114551054493,5
4563,2024-05-30,0.22751947763716449,2
2930,2024-04-30,0.042477384911735104,10
7509,2024-01-01,0.1728050880319931,3
3702,2024-05-30,0.08407748640414288,7
4110,2024-01-31,0.05533434656286395,9
1120,2024-05-30,0.24628327987206225,2
8294,2024-05-30,0.17520915936832088,3
5022,2024-04-30,0.06089579274926619,9
6797,2024-03-31,0.15142594685321542,4
31,2024-03-01,0.08879536537832299,7
8412,2024-03-31,0.11310940445515355,5
7831,2024-04-30,0.1525443813773811,4
5379,2024-04-30,0.1346887680837751,4
312,2024-05-30,0.13980187282971568,4
6516,2024-01-31,0.3900005381019556,1
2415,2024-05-30,0.12479250303961102,5
9663,2024-03-31,0.09935407828074747,6
7925,2024-01-31,0.5989541034557829,1
5116,2024-05-30,0.08655360581735544,7
8417,2024-01-01,0.11405824588376383,5
1272,2024-01-31,0.11709491553765258,5
3045,2024-03-31,0.09782769922644555,6
2243,2024-04-30,0.6842863279258165,1
8994,2024-03-31,0.18337702344856524,3
4392,2024-03-01,0.18219113439781937,3
5548,2024-05-30,0.10639024384166826,5
1898,2024-03-01,0.09866260674367101,6
236,2024-03-31,0.31396943428268514,1
903,2024-03-01,0.6681131973491623,1
227,2024-04-30,0.09745439337834691,6
9660,2024-05-30,0.26432029982005206,2
4880,2024-04-30,0.03892394307347111,10
6045,2024-05-30,0.1434711216206105,4
9358,2024-01-01,0.06759484961194571,8
1633,2024-03-31,0.03410071341496982,10
7042,2024-01-31,0.09153897836268231,6
2576,2024-05-30,0.09548331948323491,6
3551,2024-03-01,0.06431406445921774,8
3940,2024-05-30,0.045499662748790436,10
6886,2024-04-30,0.06622684732004684,8
4584,2024-03-31,0.08854602090327997,7
6455,2024-01-31,0.05398393886026839,9
3683,2024-01-31,0.13692613622381913,4
1865,2024-03-01,0.25969237364236847,2
6952,2024-05-30,0.1321948888659695,4
560,2024-01-31,0.07473564618217207,8
19,2024-01-31,0.05473470907842871,9
9209,2024-01-01,0.12882381501697596,4
5982,2024-03-01,0.06773288488076326,8
4189,2024-01-31,0.13904978903714663,4
385,2024-01-01,0.4145891985201815,1
3703,2024-03-01,0.06388814043434089,8
2426,2024-03-01,0.6086130957879778,1
6153,2024-01-31,0.09655694153243648,6
6631,2024-05-30,0.1501245585993797,4
5257,2024-01-01,0.07852557503053988,7
1438,2024-01-31,0.07452521655856535,8
777,2024-05-30,0.23954113532856655,2
3339,2024-04-30,0.12582321064695953,5
7657,2024-01-01,0.09454989030901752,6
7980,2024-01-31,0.11639117637785847,5
1862,2024-04-30,0.5643187652122107,1
1281,2024-04-30,0.09677913149310562,6
9939,2024-03-01,0.15018621477594568,4
7534,2024-04-30,0.5176259094380175,1
4534,2024-03-01,0.40054338245622517,1
9876,2024-04-30,0.1580215123621184,3
8974,2024-04-30,0.3520191941974297,1
4690,2024-01-31,0.07550362254194916,8
6595,2024-03-01,0.3216719918631471,1
3889,2024-03-31,0.10478747258664915,6
9893,2024-03-01,0.09431840933350485,6
5137,2024-03-01,0.19305676286840656,3
7244,2024-03-01,0.2785341970520844,2
3153,2024-05-30,0.1533018190491214,4
1755,2024-01-31,0.0600570725218666,9
670,2024-01-01,0.10862264495065839,5
956,2024-01-01,0.16840267649688612,3
6178,2024-04-30,0.11410089153120079,5
908,2024-04-30,0.0642004553691918,8
26,2024-03-31,0.11985406877653233,5
4713,2024-04-30,0.09765727393794478,6
7813,2024-03-31,0.11042116865914392,5
1602,2024-04-30,0.10281011446212095,6
2399,2024-01-31,0.26511909827744984,2
3994,2024-01-01,0.20311786835055468,2
3053,2024-01-01,0.32027876270732075,1
4775,2024-05-30,0.04299885301477149,10
3947,2024-03-31,0.19446013478157284,3
7372,2024-05-30,0.19012680739208163,3
6590,2024-03-01,0.4635163711411657,1
9098,2024-01-31,0.1093019220004491,5
3820,2024-03-31,0.0820074833104281,7
6510,2024-04-30,0.04311495830149173,10
9706,2024-03-01,0.14809374302979192,4
9237,2024-03-31,0.09263297428118009,6
9061,2024-01-01,0.08200191172871638,7
5539,2024-05-30,0.5264042805953739,1
1088,2024-05-30,0.08300838241599265,7
235,2024-03-01,0.12334104320187922,5
4224,2024-04-30,0.4355233215090033,1
9474,2024-01-01,0.04978023843958588,10
747,2024-01-01,0.08252292580321693,7
8527,2024-03-01,0.0972604738088985,6
8801,2024-03-01,0.040100073575691425,10
2967,2024-01-31,0.15103497646261427,4
7785,2024-01-31,0.45063156811229915,1
8072,2024-01-01,0.0833173706114652,7
81,2024-01-01,0.07551468258222278,8
2,2024-04-30,0.1569046073023549,3
8829,2024-03-01,0.06743991023502309,8
1803,2024-05-30,0.10266155207199842,6
1345,2024-05-30,0.09138469335870118,6
3347,2024-03-01,0.0319154299969693,10
4402,2024-01-31,0.06478800710065061,8
9949,2024-01-01,0.10997061163205947,5
104,2024-03-31,0.09463642169861691,6
2816,2024-04-30,0.12536969789067873,5
194,2024-03-31,0.28755021673031633,2
3389,2024-01-01,0.0780270818946483,7
6107,2024-03-01,0.09945720695879967,6
4711,2024-05-30,0.04567451493825444,10
3534,2024-03-31,0.0971132634788715,6
213,2024-04-30,0.08129974991687332,7
132,2024-03-31,0.08704247574124499,7
3487,2024-05-30,0.15330874817052217,4
1127,2024-03-31,0.08915690644235127,7
7938,2024-01-01,0.053212763871615165,9
7720,2024-05-30,0.2086369975885326,2
373,2024-03-31,0.06699411112107961,8
5975,2024-03-01,0.15026262364318732,4
684,2024-03-01,0.13956388016734966,4
7183,2024-01-31,0.10513346587554248,6
1989,2024-01-01,0.2243364958864544,2
7816,2024-03-01,0.13288183922110128,4
4516,2024-05-30,0.17901320812642751,3
3455,2024-04-30,0.12279103837690125,5
4105,2024-03-31,0.10522272584410154,6
7085,2024-05-30,0.4222745728719258,1
9546,2024-05-30,0.08267259460578336,7
968,2024-01-31,0.05272812518567876,9
6500,2024-01-31,0.05676338274410351,9
7936,2024-01-31,0.05767080906290936,9
7467,2024-03-01,0.11699606875215862,5
41,2024-04-30,0.435693359231217,1
1776,2024-03-31,0.12687937001668842,5
45,2024-03-31,0.06087118593324715,9
8423,2024-03-01,0.06264233317179137,9
5909,2024-05-30,0.06292043891754247,9
3571,2024-01-31,0.16638243386389742,3
997,2024-03-01,0.18343932632450718,3
3714,2024-03-31,0.3608914747501162,1
6751,2024-04-30,0.09886872459047766,6
4549,2024-03-01,0.28320857965405444,2
9073,2024-01-01,0.05862104329649401,9
8083,2024-01-01,0.1125071047262719,5
8893,2024-05-30,0.08366664297465012,7
1986,2024-01-01,0.07119658034714255,8
738,2024-04-30,0.497198977153468,1
722,2024-05-30,0.1525846505408065,4
8252,2024-01-31,0.6338050690949149,1
3277,2024-03-31,0.15366087155740166,4
3342,2024-01-31,0.061443474137798104,9
7257,2024-01-01,0.15835685701069377,3
1651,2024-01-01,0.13024827670113215,4
1195,2024-03-01,0.8059306553021037,1
4968,2024-05-30,0.1462124343098755,4
9837,2024-03-31,0.15385522339208507,4
9754,2024-01-01,0.3351222498513261,1
6533,2024-04-30,0.09990848815266667,6
5452,2024-03-31,0.05191910422225847,9
5437,2024-04-30,0.04420399796271122,10
2107,2024-01-01,0.23254486285290085,2
6023,2024-03-01,0.0968728111939625,6
7860,2024-04-30,0.27045237190633725,2
5310,2024-01-01,0.03178155865368198,10
857,2024-03-31,0.14531979482669075,4
3600,2024-05-30,0.06707951081342024,8
2038,2024-03-31,0.06797066755002139,8
1435,2024-05-30,0.17956490762894053,3
2933,2024-04-30,0.1685127288193212,3
3777,2024-05-30,0.27347746877471735,2
5688,2024-01-01,0.2673797634445015,2
2323,2024-01-31,0.37331855342933684,1
7549,2024-03-31,0.14530502121725003,4
2826,2024-04-30,0.05944858167497832,9
2139,2024-03-01,0.20546536257683778,2
8763,2024-03-01,0.12819591696145985,4
1230,2024-01-01,0.04742623821173702,10
7477,2024-01-01,0.9040225997566448,1
1658,2024-01-01,0.11054310210060087,5
9553,2024-01-31,0.37376843172627067,1
7070,2024-03-01,0.12697028541484354,5
285,2024-03-31,0.0432347251408906,10
9247,2024-03-01,0.5830996140533197,1
9473,2024-01-31,0.20504831694852396,2
5812,2024-05-30,0.1569751700901567,3
357,2024-05-30,0.06785850584117535,8
6425,2024-05-30,0.12386976768524621,5
2988,2024-01-01,0.18636668160142908,3
9578,2024-04-30,0.14278195032079388,4
3789,2024-03-01,0.0382591309528467,10
4456,2024-05-30,0.044990409146723184,10
3313,2024-01-01,0.05800585281872544,9
3275,2024-01-01,0.13340651185581825,4
401,2024-01-01,0.1193534241396116,5
7684,2024-04-30,0.10404101910403601,6
4064,2024-03-01,0.07507583479187692,8
9257,2024-01-31,0.1364979254559653,4
5801,2024-04-30,0.04125969676734848,10
3929,2024-01-31,0.39041570959019123,1
1285,2024-03-01,0.09334189714618918,6
5803,2024-03-01,0.5638618764326568,1
3228,2024-03-31,0.07896155700283598,7
6393,2024-03-01,0.8333511261816821,1
8416,2024-01-31,0.2344085831423949,2
8009,2024-04-30,0.49666116098090224,1
5111,2024-01-01,0.4212568617555656,1
144,2024-01-01,0.2608394308513722,2
7584,2024-03-31,0.09536625579002216,6
2163,2024-03-01,0.11285583767873629,5
608,2024-01-31,0.11933866090067514,5
5770,2024-03-01,0.6704049129182685,1
7051,2024-04-30,0.04401127608543166,10
6390,2024-01-01,0.0850245918517137,7
6403,2024-03-31,0.09171706694010112,6
1383,2024-04-30,0.053260609938932446,9
4634,2024-05-30,0.08071379483058197,7
3208,2024-03-01,0.17281759676734257,3
5502,2024-01-31,0.08116715437366538,7
5445,2024-01-31,0.07902231072365921,7
8680,2024-03-31,0.07006246149262088,8
4075,2024-04-30,0.24282807677272067,2
8691,2024-03-01,0.06390925925784748,8
6510,2024-03-01,0.06561901798862774,8
3629,2024-03-31,0.4003776970068977,1
904,2024-01-31,0.057732923155501145,9
1390,2024-03-01,0.061300666658121505,9
4701,2024-04-30,0.0870182258720261,7
1012,2024-04-30,0.5480140045579571,1
7645,2024-01-31,0.08704770205331765,7
2753,2024-03-31,0.14642520627828418,4
6719,2024-05-30,0.2715780791551501,2
5490,2024-03-31,0.11541203579181386,5
3653,2024-03-31,0.10956105381018236,5
4086,2024-03-31,0.07157802822652791,8
540,2024-04-30,0.16962985571200762,3
2087,2024-04-30,0.07012968977908202,8
1130,2024-05-30,0.14412437503862077,4
1414,2024-01-01,0.28270803315213827,2
3631,2024-03-01,0.03587563069240197,10
1120,2024-01-31,0.37879963697875296,1
8695,2024-01-31,0.046182952631704806,10
7278,2024-04-30,0.2598588239898202,2
7096,2024-03-01,0.21320315436953452,2
3742,2024-05-30,0.14289436180267048,4
7168,2024-05-30,0.10181361372454653,6
5786,2024-03-31,0.04611110523594062,10
1595,2024-03-01,0.050055571665580535,9
2032,2024-01-01,0.03971137326094752,10
3009,2024-01-01,0.287935585009503,2
4856,2024-01-01,0.23366517041899332,2
4161,2024-04-30,0.08894177328386067,7
22,2024-04-30,0.05748960739170497,9
7344,2024-01-31,0.10481941545807222,6
1096,2024-04-30,0.0959521441457165,6
2793,2024-01-01,0.2065405753062908,2
3312,2024-03-31,0.13424175882820785,4
568,2024-03-31,0.06849771973229471,8
5552,2024-01-31,0.06253679922186117,9
3375,2024-01-01,0.07118692240541631,8
9657,2024-03-01,0.08285540310846003,7
3513,2024-05-30,0.07989240151683961,7
5575,2024-01-31,0.07251025009374348,8
1697,2024-01-01,0.28344577075593325,2
3740,2024-01-01,0.09076788464234672,6
9752,2024-04-30,0.07845913196043015,7
2092,2024-03-01,0.2064194019682299,2
5553,2024-01-01,0.08063863431564182,7
7051,2024-01-01,0.025975708019022326,10
907,2024-03-31,0.10172884296365083,6
7341,2024-03-31,0.06274716708794484,9
8018,2024-03-01,0.10076117208738215,6
4409,2024-03-31,0.0923344470891401,6
5293,2024-05-30,0.049136218379595156,10
7618,2024-01-01,0.025122945910736827,10
2553,2024-01-01,0.08459215806321625,7
635,2024-01-01,0.059735112357563576,9
2371,2024-01-01,0.28463234239217644,2
4149,2024-05-30,0.11020841940825311,5
1564,2024-01-31,0.1481566345896762,4
8010,2024-03-31,0.20086930877359413,3
8637,2024-04-30,0.8922609392049139,1
1654,2024-03-01,0.04968773521608036,10
574,2024-03-01,0.4215772670689652,1
5225,2024-01-31,0.04763770659763343,10
8853,2024-03-01,0.05736800584859939,9
8721,2024-05-30,0.2249426130558154,2
7889,2024-04-30,0.1534881552391534,4
5587,2024-04-30,0.06837968622252595,8
7113,2024-01-31,0.10281256177216005,6
4284,2024-03-01,0.04455490046641208,10
3663,2024-01-31,0.22905471275171338,2
3254,2024-05-30,0.08382176985390608,7
9697,2024-04-30,0.045209128044159205,10
228,2024-03-01,0.1744970477704516,3
5626,2024-03-01,0.06048858427733243,9
1353,2024-03-31,0.10170348874524991,6
9252,2024-03-01,0.0861860028741519,7
983,2024-05-30,0.034463086227830675,10
5190,2024-03-01,0.08213190840817268,7
5950,2024-04-30,0.16829658331349623,3
4886,2024-01-01,0.07850429251201435,7
8265,2024-03-31,0.22332675351414058,2
1089,2024-03-31,0.09464195959438554,6
2792,2024-01-31,0.050564712679504346,9
7451,2024-01-31,0.06873297487670002,8
5449,2024-03-01,0.09886286739728985,6
51,2024-01-31,0.17279938745097234,3
9232,2024-05-30,0.05465094365865382,9
5565,2024-03-01,0.13938257949113597,4
3244,2024-05-30,0.10352270939743898,6
6631,2024-03-31,0.08975913268396407,7
3523,2024-01-01,0.06257727217784277,9
1441,2024-03-31,0.31780813940068003,1
3621,2024-05-30,0.04341571803476323,10
7219,2024-05-30,0.07765903526825475,7
7736,2024-03-01,0.1328934434862457,4
6083,2024-04-30,0.08270322879391316,7
2500,2024-03-01,0.12279459315825206,5
5628,2024-01-31,0.12305421501573917,5
340,2024-01-01,0.13789099003708707,4
2042,2024-03-01,0.05711828050368721,9
1455,2024-05-30,0.05733325479001489,9
6466,2024-05-30,0.26958754327392,2
390,2024-01-01,0.09901574911792758,6
2339,2024-04-30,0.06772391618926103,8
691,2024-03-01,0.05130950472000209,9
6642,2024-01-31,0.08969571812030538,7
1295,2024-01-01,0.2572070684570803,2
8663,2024-03-01,0.17312549536845578,3
9085,2024-04-30,0.09023487512011635,6
3497,2024-04-30,0.04807076953337502,10
3443,2024-01-01,0.18429917855695904,3
626,2024-03-31,0.11151790057366072,5
1436,2024-01-31,0.0861787642209343,7
6848,2024-01-31,0.057617073255135896,9
3189,2024-03-01,0.2559152111950944,2
409,2024-05-30,0.1339545980316382,4
909,2024-03-01,0.08075828630935153,7
3413,2024-03-01,0.0506516487319554,9
2983,2024-05-30,0.2854937447161777,2
2212,2024-03-31,0.20663069331430234,2
8321,2024-05-30,0.04667659091711644,10
9406,2024-01-01,0.15500522849760054,4
7943,2024-04-30,0.060196041251392135,9
2355,2024-01-31,0.15289902751670695,4
1532,2024-05-30,0.041002158614899004,10
4826,2024-01-31,0.08694088058114186,7
4586,2024-01-31,0.04845420235681381,10
4048,2024-01-01,0.07734960584125268,7
5939,2024-01-31,0.4960309568727775,1
1449,2024-01-01,0.1509912703974143,4
7302,2024-03-01,0.10151476317847093,6
4688,2024-01-01,0.18892084319453914,3
7912,2024-01-01,0.07145161192814863,8
7739,2024-03-31,0.38574013429726495,1
2846,2024-01-31,0.21205332559445947,2
5335,2024-05-30,0.21593365434364795,2
5253,2024-04-30,0.06323810931146086,9
7219,2024-04-30,0.08745877337163276,7
3573,2024-01-31,0.1440555558270679,4
4904,2024-03-31,0.07051016525599907,8
2639,2024-01-01,0.06802495716496704,8
9563,2024-03-31,0.17047395439894814,3
794,2024-01-01,0.24605209922960017,2
3171,2024-01-31,0.11351380264732107,5
303,2024-03-01,0.06590882830520566,8
1029,2024-05-30,0.14348078571161638,4
5604,2024-01-31,0.14083538427375206,4
2839,2024-01-01,0.09774239376451782,6
8084,2024-03-01,0.0983019391746206,6
1790,2024-03-01,0.07381000744613557,8
4656,2024-03-01,0.11988626296838598,5
2514,2024-01-31,0.05102638063407648,9
8824,2024-04-30,0.11502919334547308,5
2484,2024-03-01,0.2518535331325614,2
7554,2024-04-30,0.04818814019366297,10
1289,2024-01-31,0.11514349185607861,5
2065,2024-01-31,0.116111583086841,5
4374,2024-04-30,0.24930894597741146,2
3185,2024-03-31,0.08165127872683958,7
6927,2024-03-31,0.1060939285720801,5
6049,2024-03-31,0.06111943722219692,9
4595,2024-03-31,0.11429672193375459,5
5641,2024-03-01,0.12887002727121089,4
4315,2024-03-01,0.22588173004427173,2
5377,2024-03-01,0.08916338655913696,7
2073,2024-01-01,0.16643649703252106,3
1270,2024-03-31,0.04154365169564794,10
4905,2024-05-30,0.1648710952622137,3
8301,2024-05-30,0.09506106668464359,6
6766,2024-03-31,0.24827921639405884,2
148,2024-03-31,0.09423713233962984,6
3960,2024-03-31,0.11948961116944569,5
987,2024-01-01,0.12054337012754414,5
6812,2024-05-30,0.41274505233474207,1
6594,2024-03-31,0.06000983055287122,9
7505,2024-04-30,0.3862987230147918,1
121,2024-03-31,0.17160662773653526,3
9128,2024-03-01,0.11404952004837346,5
3407,2024-03-01,0.06494352289954874,8
1337,2024-03-01,0.07549759794175097,8
8235,2024-01-01,0.165362207165923,3
3204,2024-01-31,0.08623622147132631,7
5989,2024-04-30,0.06325633097524357,9
7805,2024-03-01,0.2725823082791982,2
8484,2024-04-30,0.12516148174512745,5
509,2024-03-31,0.18978157804157347,3
9263,2024-01-31,0.10471027482449226,6
3457,2024-05-30,0.1553324207130373,3
2436,2024-01-01,0.07040332663013397,8
1371,2024-03-31,0.09112518779260559,6
7417,2024-01-31,0.12763001644666974,4
608,2024-03-31,0.08665706136923165,7
3462,2024-04-30,0.07547147734809466,8
7667,2024-04-30,0.11878327051730797,5
9330,2024-01-31,0.07959021348554997,7
3470,2024-03-01,0.07227317530580428,8
377,2024-03-31,0.6286285554458156,1
5785,2024-01-31,0.07570945648137993,8
5194,2024-05-30,0.17018945561313842,3
2676,2024-04-30,0.2293489735798655,2
4544,2024-03-31,0.07849734490870007,7
9578,2024-03-31,0.10955224094087726,5
8519,2024-05-30,0.6927443006532977,1
3182,2024-01-01,0.05160234992345279,9
6920,2024-01-31,0.16061141338463616,3
7494,2024-03-31,0.2681096530640972,2
4430,2024-03-31,0.08153871251073207,7
2473,2024-05-30,0.06745470443275156,8
8502,2024-01-31,0.13081494069656957,4
2442,2024-03-31,0.11157835807405377,5
2288,2024-05-30,0.05242285880348333,9
3397,2024-03-31,0.053884671776019584,9
4800,2024-03-31,0.146944983862506,4
8815,2024-01-01,0.0775620906857615,7
9215,2024-01-01,0.3058384732192115,1
1185,2024-03-31,0.16843801875666414,3
6615,2024-05-30,0.10167538570390688,6
4251,2024-03-31,0.10203794024013255,6
2866,2024-01-31,0.7248419843139677,1
9331,2024-05-30,0.09191192123984551,6
9309,2024-05-30,0.20416318703778621,2
2885,2024-04-30,0.5521417118213714,1
1565,2024-03-31,0.04966097255872645,10
7334,2024-04-30,0.13544309326068457,4
6227,2024-01-01,0.12566215285040855,5
1325,2024-03-01,0.06909678752551111,8
1000,2024-04-30,0.09192358480291687,6
3493,2024-04-30,0.09790457872464672,6
9723,2024-01-01,0.08644912062973577,7
9348,2024-01-31,0.16341990126673744,3
8490,2024-01-01,0.09489051525903518,6
7373,2024-03-01,0.06962192986065371,8
2965,2024-03-31,0.2192707767109655,2
8321,2024-04-30,0.05807922071047602,9
7555,2024-04-30,0.18974002346046148,3
5309,2024-04-30,0.09700073441959768,6
6442,2024-03-31,0.03139652812483999,10
7500,2024-05-30,0.044992230732696696,10
2416,2024-01-01,0.04686492381200719,10
4947,2024-01-31,0.1464805226695379,4
2325,2024-03-31,0.073867050053843,8
6055,2024-01-31,0.4993096244268456,1
153,2024-05-30,0.2598343872493497,2
544,2024-03-31,0.311971767604945,1
411,2024-03-01,0.0723948118412653,8
952,2024-05-30,0.16633751598580057,3
8340,2024-01-01,0.07928144184843856,7
6488,2024-04-30,0.1372430594474433,4
7674,2024-01-01,0.05939016942423721,9
7773,2024-03-01,0.1373642816611196,4
8041,2024-03-31,0.09859263191043982,6
1375,2024-03-01,0.11636827450984268,5
9037,2024-03-31,0.27907847390370183,2
7589,2024-03-31,0.6927959032103554,1
6665,2024-01-31,0.27972019069995774,2
9111,2024-01-31,0.25814460932006245,2
5679,2024-01-01,0.1335929814155023,4
6944,2024-03-01,0.051701437636845454,9
741,2024-03-01,0.05285273667967613,9
8547,2024-03-01,0.2780437727550059,2
6738,2024-04-30,0.15593084224883502,3
2740,2024-03-31,0.4622250640112376,1
4817,2024-03-31,0.10600334048681588,5
8594,2024-01-01,0.20722618852105437,2
2647,2024-03-31,0.11523162933478882,5
9163,2024-05-30,0.050589282651863327,9
1378,2024-01-31,0.08157542072322524,7
7220,2024-01-31,0.049741116198125844,10
8794,2024-03-31,0.11627724444769125,5
1192,2024-03-01,0.6297636352817536,1
7553,2024-01-31,0.05092781385001499,9
358,2024-03-31,0.18485564775672328,3
5750,2024-05-30,0.1935285511672005,3
1802,2024-05-30,0.1841122323647119,3
3101,2024-01-31,0.07231027324656997,8
8163,2024-03-01,0.2186317725116566,2
775,2024-03-01,0.04832811995419678,10
5373,2024-01-01,0.033237095130545326,10
3088,2024-01-01,0.3468062413347792,1
2393,2024-01-01,0.03533177897438094,10
3260,2024-03-31,0.812384776797192,1
9515,2024-03-01,0.08436679082486781,7
2236,2024-01-31,0.06637052840406232,8
664,2024-03-31,0.13231105361132015,4
7692,2024-03-31,0.03675965696560842,10
3548,2024-03-01,0.088245031408098,7
9048,2024-04-30,0.25749258941829667,2
4138,2024-01-01,0.07051737920451309,8
4627,2024-03-01,0.07539203690026926,8
7472,2024-01-01,0.05005362370608078,9
2585,2024-01-01,0.049290007063955026,10
7958,2024-03-31,0.06500345810318048,8
8296,2024-03-01,0.10539262007380064,6
3726,2024-01-01,0.12092228978446415,5
963,2024-05-30,0.13456289130578464,4
7507,2024-05-30,0.1093031262120775,5
8945,2024-03-01,0.31100644882492545,1
2344,2024-01-01,0.33519805063418073,1
2941,2024-03-31,0.06083950570479257,9
9732,2024-01-31,0.2449986343130994,2
205,2024-03-31,0.12411147045033148,5
8453,2024-01-01,0.3778565608908194,1
9953,2024-04-30,0.1891986669422405,3
9560,2024-04-30,0.16393125829133942,3
276,2024-01-31,0.05548328494277147,9
5936,2024-03-31,0.09560323301821709,6
529,2024-05-30,0.08235386008567476,7
7791,2024-03-01,0.17343775087337368,3
8603,2024-01-31,0.10169309863341298,6
6903,2024-03-01,0.47833873460024484,1
651,2024-01-31,0.08887866372019408,7
3359,2024-01-01,0.2407538769888905,2
4115,2024-01-31,0.11206548094642785,5
3963,2024-01-01,0.044669528712142456,10
8801,2024-01-01,0.06151956247201939,9
9172,2024-04-30,0.09868482348333414,6
9819,2024-04-30,0.5443832756804861,1
9787,2024-01-31,0.11022643730298941,5
758,2024-03-31,0.030288802740493632,10
2010,2024-05-30,0.1393256886836994,4
9107,2024-05-30,0.10596017259975779,5
3699,2024-03-31,0.07651983906904342,7
6333,2024-03-01,0.13213072620137684,4
6876,2024-05-30,0.16095407335052933,3
9436,2024-03-31,0.03635889480451576,10
9553,2024-01-01,0.31893513615247293,1
8554,2024-01-01,0.07175707246683352,8
7387,2024-05-30,0.05938917952014414,9
9399,2024-03-31,0.5929325406362924,1
8355,2024-04-30,0.050446606656384924,9
9954,2024-03-01,0.05820946998150464,9
4886,2024-01-31,0.10705308340796234,5
2328,2024-01-01,0.13263235358338044,4
7337,2024-05-30,0.02879715227674791,10
1848,2024-05-30,0.14389416029127192,4
7858,2024-05-30,0.25774001615111525,2
2164,2024-03-31,0.142450951021046,4
1046,2024-01-01,0.21288064806798487,2
7639,2024-03-31,0.29498245851679156,2
6151,2024-03-01,0.0961403133101057,6
2302,2024-03-01,0.3496813427064498,1
5037,2024-01-31,0.08093513848131105,7
1580,2024-05-30,0.04932441015622278,10
9565,2024-03-01,0.07273945058463738,8
1520,2024-04-30,0.36107462351532255,1
5377,2024-04-30,0.08197774998960682,7
5345,2024-03-31,0.08248778953806307,7
2284,2024-01-01,0.05401315199099185,9
8429,2024-04-30,0.06611155202884263,8
1142,2024-04-30,0.1504724832838283,4
6250,2024-03-31,0.07811067893144362,7
6935,2024-01-31,0.3641291845168443,1
6228,2024-04-30,0.07270921046459929,8
6216,2024-04-30,0.4096228648068501,1
5449,2024-01-31,0.08427869212167408,7
1641,2024-01-01,0.9405918796977384,1
3358,2024-04-30,0.11991433087941084,5
6969,2024-03-01,0.07273345724001828,8
9629,2024-05-30,0.11876303779904071,5
8441,2024-05-30,0.29752714883119186,1
7497,2024-04-30,0.08666442672670387,7
9141,2024-03-31,0.16707558405613185,3
9075,2024-03-01,0.07999485678157235,7
8278,2024-01-01,0.048132196066547735,10
475,2024-03-01,0.12654974817044115,5
4556,2024-01-31,0.07038393718442741,8
3714,2024-01-31,0.13318094698547678,4
613,2024-03-01,0.06638198010853676,8
7609,2024-03-01,0.08826635340117102,7
1199,2024-05-30,0.10369559720707865,6
2084,2024-01-01,0.09316491188179737,6
3445,2024-03-31,0.11332541902871475,5
6298,2024-03-01,0.04429162354889401,10
3327,2024-04-30,0.3378214290087214,1
9220,2024-01-01,0.2173975098505926,2
7210,2024-04-30,0.22961397553988588,2
8120,2024-03-01,0.2594165861446975,2
5283,2024-04-30,0.07898111052493682,7
869,2024-04-30,0.08168792420603593,7
7893,2024-05-30,0.08310732281390311,7
7647,2024-03-01,0.0398120496569031,10
8505,2024-03-01,0.25998207863517503,2
7711,2024-03-01,0.09313525595695189,6
9179,2024-05-30,0.18747572489971684,3
718,2024-04-30,0.8048899493814511,1
3549,2024-01-01,0.09213415426153201,6
4101,2024-05-30,0.8902850656230429,1
2182,2024-01-31,0.04496288004429286,10
5860,2024-04-30,0.11383668684399881,5
5765,2024-01-01,0.1250938706726338,5
5709,2024-03-31,0.025312401583458585,10
9032,2024-05-30,0.14758680969015417,4
5919,2024-01-31,0.12875882342692457,4
9464,2024-01-31,0.03557703714597905,10
5369,2024-01-31,0.1513740435196968,4
3196,2024-01-01,0.14142692711102636,4
9731,2024-03-31,0.6645419434127656,1
3149,2024-01-01,0.11077501823711303,5
8125,2024-01-01,0.3027739600723336,1
3277,2024-03-01,0.23222762473069194,2
6911,2024-05-30,0.08280730124688494,7
4871,2024-01-01,0.06618125714628413,8
8837,2024-01-31,0.08622672234225288,7
8393,2024-01-01,0.15691771484876432,3
5888,2024-03-01,0.09101417900562311,6
2541,2024-01-01,0.03860885762472553,10
7528,2024-01-31,0.38191398631892953,1
8871,2024-01-01,0.1644527272037281,3
8064,2024-04-30,0.25073293330583296,2
4667,2024-03-31,0.11424703889369911,5
5529,2024-05-30,0.05029269037480579,9
3903,2024-05-30,0.09167205589594217,6
8133,2024-01-31,0.1316090872039438,4
7003,2024-01-31,0.07316831947929733,8
8527,2024-03-31,0.1330447802551138,4
5457,2024-05-30,0.20824673033771088,2
7112,2024-03-31,0.09129829563764277,6
759,2024-05-30,0.12795191404959835,4
8727,2024-04-30,0.07193616117894068,8
7230,2024-01-31,0.2295427249605856,2
6331,2024-03-01,0.12162636751955709,5
2722,2024-03-31,0.08941820057322061,7
6590,2024-01-01,0.05779951955525161,9
7850,2024-05-30,0.15935185962191883,3
4439,2024-04-30,0.05443110024456074,9
1374,2024-01-31,0.036474230741691344,10
1849,2024-05-30,0.07518056809025196,8
3075,2024-03-31,0.26781658272538633,2
5749,2024-01-01,0.04260548487116615,10
15,2024-01-31,0.13558962773705543,4
8703,2024-03-31,0.06497121963937622,8
9079,2024-03-31,0.30923603518194637,1
8591,2024-03-01,0.07810598648218899,7
7438,2024-05-30,0.0503377687946214,9
15,2024-04-30,0.14618156295768042,4
8783,2024-04-30,0.17367295449942585,3
7261,2024-03-01,0.05127740599488199,9
7538,2024-03-01,0.10341718294529181,6
1423,2024-03-01,0.05237786407725547,9
7975,2024-05-30,0.057357738659323254,9
7257,2024-04-30,0.15635371746829482,3
2887,2024-01-31,0.1930939855313833,3
5738,2024-05-30,0.08369684530199929,7
8702,2024-04-30,0.1530304046243121,4
6958,2024-04-30,0.06177358477044086,9
8344,2024-01-01,0.21843702425136016,2
1674,2024-03-31,0.10141178617413094,6
3496,2024-03-01,0.07967865876440254,7
594,2024-03-31,0.03639203765937791,10
2099,2024-01-31,0.10861769430527651,5
8227,2024-01-31,0.052273003331723474,9
7817,2024-03-31,0.2001696905732365,3
4683,2024-03-31,0.10939755881090059,5
9137,2024-04-30,0.0360899905138039,10
5114,2024-05-30,0.10262036260544233,6
9613,2024-04-30,0.0583326831435889,9
1905,2024-04-30,0.0630939471196693,9
2878,2024-03-31,0.09132737629987518,6
4928,2024-01-01,0.09205371905973354,6
7663,2024-03-31,0.200793479132332,3
5506,2024-03-01,0.14024339497046948,4
548,2024-05-30,0.08226311957464325,7
7966,2024-05-30,0.07710432959408557,7
5139,2024-05-30,0.10320113121523776,6
6707,2024-01-01,0.03386540889418563,10
6807,2024-05-30,0.20532702246144066,2
3359,2024-03-01,0.15985013365822393,3
9237,2024-05-30,0.05311428479383907,9
4010,2024-03-01,0.044621537472386584,10
108,2024-03-01,0.10680405450074891,5
8349,2024-05-30,0.10311301728901949,6
8648,2024-03-31,0.07733178948085351,7
2018,2024-01-31,0.21728036796277336,2
7605,2024-01-31,0.0419658906419938,10
2115,2024-04-30,0.05776708722211965,9
6756,2024-03-01,0.09495155910812668,6
9021,2024-03-01,0.1308616521677983,4
7060,2024-01-01,0.21914969444650498,2
6677,2024-01-01,0.15461538498188881,4
9068,2024-04-30,0.10303557771740071,6
5532,2024-03-31,0.09609601368861553,6
338,2024-03-01,0.046607158686137413,10
6393,2024-05-30,0.8196948392695945,1
6011,2024-05-30,0.07279652103219686,8
8534,2024-04-30,0.04445049767671058,10
5958,2024-01-01,0.10748494392766607,5
5665,2024-05-30,0.046384728620350424,10
9119,2024-01-01,0.18538547714611397,3
7402,2024-03-01,0.06085592734391626,9
4347,2024-05-30,0.7084009985201388,1
7354,2024-03-31,0.10640436493730618,5
8978,2024-04-30,0.08812272154371646,7
6869,2024-04-30,0.10877318062235686,5
6037,2024-05-30,0.5536979269388749,1
9387,2024-04-30,0.38309570892231004,1
3694,2024-03-01,0.03351108294356021,10
9474,2024-05-30,0.030730407469378412,10
5215,2024-03-31,0.09652972679880688,6
3404,2024-05-30,0.11020375349675843,5
6777,2024-01-31,0.11267290238498584,5
9905,2024-01-01,0.06399229192033187,8
6826,2024-05-30,0.07592337217354535,8
1489,2024-03-31,0.12856000948180088,4
8089,2024-04-30,0.16339197158235425,3
910,2024-04-30,0.07197475745017014,8
5109,2024-01-31,0.049471744925628364,10
1050,2024-01-31,0.0816990336407609,7
2272,2024-01-01,0.15139626912584192,4
2891,2024-04-30,0.043151293923521,10
8856,2024-04-30,0.3255410199046233,1
9607,2024-04-30,0.23992091222411757,2
2237,2024-01-01,0.06630431910288614,8
7343,2024-03-31,0.3144338524187299,1
9769,2024-01-31,0.04002677950815757,10
5087,2024-01-31,0.06756514431661839,8
2651,2024-05-30,0.1065117019491595,5
1247,2024-04-30,0.09343052410951438,6
15,2024-01-01,0.3535833996356583,1
9808,2024-03-31,0.0754655860781107,8
9208,2024-03-01,0.07706310507004335,7
7197,2024-05-30,0.17606196393176463,3
3356,2024-01-01,0.2511074874362451,2
221,2024-03-01,0.06516451348275806,8
7517,2024-03-31,0.13967102092928882,4
3610,2024-01-31,0.17291610955698244,3
2738,2024-01-31,0.10149045602562909,6
6440,2024-04-30,0.5639303865210331,1
4463,2024-01-31,0.11228659774984437,5
2041,2024-04-30,0.06813240311733593,8
5460,2024-04-30,0.09755783903093965,6
3108,2024-04-30,0.03967867383688193,10
8688,2024-04-30,0.1370773368894527,4
9936,2024-03-01,0.08084861779133426,7
6815,2024-03-31,0.4835130948051048,1
6726,2024-03-01,0.06296868918932459,9
3888,2024-03-31,0.08435187155746406,7
1371,2024-03-01,0.12282271268191094,5
4757,2024-05-30,0.1911138534914725,3
2263,2024-04-30,0.10581330999307921,6
7333,2024-05-30,0.2117974272666258,2
8633,2024-01-31,0.23064495432434504,2
5725,2024-01-01,0.04882918690461112,10
3282,2024-01-31,0.12558189564085254,5
2655,2024-01-31,0.04967702457296616,10
5938,2024-03-31,0.12796640110806423,4
3139,2024-05-30,0.053068178101498276,9
5496,2024-03-01,0.04933387410939705,10
6791,2024-01-31,0.06565898014072244,8
414,2024-04-30,0.052829700260481186,9
5693,2024-03-01,0.15547060467148552,3
9921,2024-04-30,0.14153442553285275,4
5598,2024-01-01,0.05776898371428505,9
2066,2024-01-31,0.26266604504183655,2
1458,2024-01-31,0.047024021611267494,10
6274,2024-01-31,0.11063598345514569,5
8792,2024-03-31,0.05454989069968995,9
4971,2024-01-01,0.09767749591010565,6
4191,2024-04-30,0.13925116654402037,4
650,2024-05-30,0.28464517665262895,2
6586,2024-03-31,0.32674997665506567,1
864,2024-05-30,0.26483259121803454,2
5612,2024-04-30,0.05072662834679961,9
4309,2024-01-31,0.19237237558979636,3
1916,2024-01-31,0.13326556551473304,4
278,2024-05-30,0.1400040736482777,4
2511,2024-01-31,0.16908194538432114,3
6269,2024-05-30,0.217271847487651,2
4461,2024-03-01,0.2554737072779189,2
6592,2024-04-30,0.08473859477659107,7
1073,2024-01-01,0.2600261328415679,2
2887,2024-01-01,0.19092810971975482,3
8912,2024-04-30,0.05916763348862394,9
5876,2024-05-30,0.03386120777093943,10
8908,2024-04-30,0.19617205932562734,3
5321,2024-01-31,0.1484899350920663,4
2295,2024-01-31,0.050683725790344254,9
5975,2024-05-30,0.12146892225509001,5
5922,2024-01-31,0.06336086960149184,9
4450,2024-01-01,0.4248289460622327,1
613,2024-05-30,0.05914241259704738,9
3346,2024-03-01,0.16340988378218405,3
7085,2024-01-01,0.23899285228338157,2
3180,2024-03-01,0.13710961067951918,4
4067,2024-01-01,0.10204413306128506,6
4628,2024-05-30,0.06430454301641786,8
7421,2024-05-30,0.5784234592103841,1
6931,2024-04-30,0.07914128680543,7
9763,2024-04-30,0.04586693895791856,10
9058,2024-03-01,0.10732334619800758,5
4259,2024-03-01,0.0819573044254084,7
5088,2024-03-01,0.09781257975312493,6
1307,2024-01-01,0.0950591882637331,6
1710,2024-05-30,0.0340619959700855,10
6728,2024-03-31,0.10703227311514353,5
8164,2024-03-01,0.1096368459992514,5
6619,2024-04-30,0.10089274639372477,6
8751,2024-03-01,0.12297447751319195,5
6908,2024-01-01,0.056907176179238995,9
2312,2024-05-30,0.03526121930813336,10
3027,2024-05-30,0.06602021131238853,8
7563,2024-05-30,0.08621925359726777,7
9481,2024-03-31,0.06344244893846966,9
1258,2024-03-01,0.27442940321410975,2
5768,2024-01-01,0.06896560777462582,8
9906,2024-01-31,0.04368856109692516,10
3452,2024-01-31,0.08955624935820707,7
8132,2024-01-31,0.06701827392810371,8
7989,2024-05-30,0.22918861168734403,2
3963,2024-05-30,0.047162508148667244,10
40,2024-01-01,0.18067867294080295,3
7462,2024-03-31,0.1349590497271823,4
9177,2024-04-30,0.10585054570516982,6
6405,2024-04-30,0.1484412583904132,4
8195,2024-01-01,0.2334740068969884,2
4015,2024-03-01,0.1406189316600393,4
3880,2024-05-30,0.15549084603246052,3
8362,2024-03-31,0.11954553923268933,5
8329,2024-04-30,0.030983723754925425,10
1908,2024-01-01,0.08746019510312293,7
3228,2024-04-30,0.10271600277187201,6
3654,2024-04-30,0.027742591256639484,10
5755,2024-05-30,0.15739647027920886,3
2652,2024-01-01,0.17518243679966583,3
997,2024-01-31,0.18267572848421113,3
3359,2024-05-30,0.19796295114836807,3
9002,2024-05-30,0.08790020463608535,7
7999,2024-03-01,0.16689092827895508,3
6701,2024-05-30,0.2595982187851209,2
1881,2024-05-30,0.10193268241166985,6
9657,2024-01-31,0.13677410256199443,4
8106,2024-03-31,0.20342052764015847,2
7582,2024-05-30,0.591878510435076,1
3479,2024-01-01,0.11709986740896977,5
718,2024-05-30,0.7086012941822681,1
4181,2024-03-01,0.06885107119819144,8
8045,2024-03-01,0.37291226579745196,1
9804,2024-04-30,0.19827581768983113,3
2385,2024-05-30,0.2036417927354007,2
6451,2024-03-01,0.19014737462512254,3
7789,2024-01-01,0.05663112710473191,9
1868,2024-05-30,0.07537230680181109,8
6303,2024-03-01,0.12302500586358288,5
917,2024-05-30,0.3338936186058183,1
8389,2024-04-30,0.26871244269548816,2
1869,2024-03-01,0.12899320002995882,4
5144,2024-01-31,0.052673582600615304,9
906,2024-05-30,0.10668772485851066,5
833,2024-01-01,0.06012901623418061,9
7653,2024-05-30,0.11679968933728763,5
7458,2024-01-31,0.2624422242713982,2
4543,2024-01-31,0.18558630652139677,3
5563,2024-01-01,0.067328024779221,8
1830,2024-03-01,0.29751855388641957,1
9316,2024-05-30,0.09715419585095135,6
6082,2024-03-01,0.07735513400245295,7
5907,2024-03-01,0.12936083661762007,4
3684,2024-03-31,0.1104035120041112,5
9425,2024-05-30,0.1332111875482852,4
6627,2024-01-01,0.21520167755839595,2
9611,2024-03-31,0.3455106708868007,1
8405,2024-04-30,0.33437381963885626,1
6262,2024-03-01,0.18533857069508552,3
577,2024-01-31,0.05166176634943858,9
9467,2024-01-01,0.07735747213248759,7
1359,2024-03-31,0.08500021439115339,7
693,2024-01-01,0.2534843283354607,2
769,2024-03-01,0.1347806415902715,4
5387,2024-01-01,0.04394553230961764,10
4573,2024-05-30,0.5112665927071613,1
9177,2024-03-31,0.14969970347749284,4
3530,2024-04-30,0.07510653024268799,8
7745,2024-01-01,0.09529178525106888,6
6673,2024-05-30,0.024295797466426138,10
6693,2024-01-01,0.08621920802585263,7
3081,2024-03-01,0.046541195144086084,10
3214,2024-03-01,0.128284852770891,4
2186,2024-05-30,0.17785541664636476,3
6680,2024-04-30,0.08083574219249845,7
4950,2024-05-30,0.11693036451053315,5
5672,2024-03-31,0.3063478005634443,1
1971,2024-01-01,0.1739674508618224,3
7874,2024-03-01,0.5067216784158255,1
1246,2024-01-31,0.14101449155606727,4
185,2024-04-30,0.14018419396921,4
7161,2024-05-30,0.06724987786983737,8
4313,2024-03-01,0.15879236964044477,3
1472,2024-03-31,0.05171263025081547,9
7886,2024-04-30,0.10497621781686234,6
2523,2024-03-01,0.04879770874011651,10
5311,2024-04-30,0.0649467899294684,8
2821,2024-03-31,0.13203770918250265,4
1859,2024-01-31,0.067248996840565,8
3284,2024-03-31,0.08248255749790395,7
1920,2024-04-30,0.08469699239066003,7
6132,2024-01-31,0.2334507282256646,2
8427,2024-01-01,0.0649499118627547,8
1929,2024-05-30,0.5305501150003563,1
7119,2024-05-30,0.12216363301607905,5
4055,2024-04-30,0.09749381797228017,6
9656,2024-04-30,0.04728513675257232,10
8240,2024-03-31,0.1858694720116254,3
9189,2024-03-31,0.06539875586701016,8
6309,2024-04-30,0.10955211714763852,5
1825,2024-03-01,0.24801143644034662,2
4096,2024-05-30,0.09287729516736902,6
1559,2024-05-30,0.13522382619518342,4
7137,2024-04-30,0.06509283034009998,8
3879,2024-01-31,0.402715610196341,1
332,2024-04-30,0.12947458397968042,4
1714,2024-05-30,0.0439398918467524,10
1957,2024-04-30,0.05768351187301332,9
3886,2024-05-30,0.2877358111871983,2
5722,2024-03-31,0.5266775887619872,1
5243,2024-05-30,0.024808236873535196,10
3106,2024-01-31,0.4585571936269204,1
6647,2024-01-31,0.0934568063566291,6
3550,2024-01-31,0.08928760446784531,7
1819,2024-03-01,0.13927981299500425,4
1338,2024-03-01,0.1564413602086799,3
5180,2024-03-31,0.11506550018707397,5
3401,2024-01-01,0.26429014188221617,2
1197,2024-05-30,0.30690661980016887,1
1869,2024-05-30,0.07550189337533256,8
2819,2024-05-30,0.0901214859200672,6
131,2024-05-30,0.1890430065778341,3
425,2024-01-31,0.42381389309641043,1
9506,2024-05-30,0.05843479240954999,9
7508,2024-05-30,0.14376043198854285,4
7775,2024-03-01,0.07963599494828594,7
5278,2024-05-30,0.10310021374589903,6
8369,2024-01-31,0.07269119275961929,8
9305,2024-01-01,0.44934598076457455,1
4990,2024-03-01,0.11351674694612277,5
505,2024-03-31,0.11955594599991184,5
5445,2024-05-30,0.09579622586665515,6
9339,2024-03-31,0.09825897608381158,6
5435,2024-04-30,0.20039599122382604,3
1402,2024-01-01,0.05488136303797088,9
8911,2024-05-30,0.2349073697207459,2
7236,2024-03-31,0.14657879004177654,4
6941,2024-04-30,0.04851200450734502,10
5458,2024-04-30,0.09724647186942997,6
6246,2024-03-31,0.20686649677778393,2
1906,2024-01-01,0.15463370316268288,4
3836,2024-04-30,0.201069250961587,2
3555,2024-03-31,0.04021134188684055,10
129,2024-03-01,0.14081104584340626,4
863,2024-01-01,0.07907751575750238,7
2038,2024-03-01,0.0761728280393314,8
2351,2024-01-31,0.07938573493161878,7
5179,2024-05-30,0.23753172292113064,2
3652,2024-04-30,0.1084421490279807,5
7160,2024-05-30,0.06035864320153425,9
6925,2024-01-01,0.1353561000454563,4
1097,2024-01-01,0.1118681010960255,5
3593,2024-01-01,0.08993523187341039,7
4082,2024-05-30,0.3236216619872221,1
3176,2024-05-30,0.08045906852504615,7
7093,2024-03-31,0.11908027011952786,5
2072,2024-04-30,0.06957496402371098,8
1149,2024-01-31,0.08286265463342946,7
5462,2024-04-30,0.07463198788636419,8
5661,2024-03-31,0.05894749595124867,9
4648,2024-04-30,0.0948423363666824,6
2978,2024-03-31,0.07669989617305818,7
7685,2024-03-01,0.07949330323322601,7
1798,2024-05-30,0.16212833590545522,3
7746,2024-03-31,0.1292581663930094,4
733,2024-05-30,0.12942198772782773,4
1617,2024-01-01,0.10579011738113439,6
9048,2024-01-01,0.3230232586062891,1
3487,2024-03-01,0.20561100817005093,2
296,2024-05-30,0.3082671379320428,1
7170,2024-01-31,0.07671827060047726,7
9223,2024-01-31,0.2012438653906711,2
5608,2024-03-31,0.06988343452495147,8
5440,2024-05-30,0.11205941251374886,5
9863,2024-03-31,0.2504357387562993,2
124,2024-03-31,0.06424007419450735,8
7734,2024-05-30,0.09499258814999278,6
1605,2024-03-31,0.04189008353459672,10
2011,2024-03-31,0.0777428255763451,7
6276,2024-05-30,0.1633184744654389,3
3126,2024-04-30,0.06809182630964355,8
6557,2024-01-01,0.07371604365193654,8
2086,2024-01-31,0.16614107169582126,3
5629,2024-05-30,0.09129205889704632,6
7387,2024-01-31,0.06447911627806445,8
888,2024-01-31,0.20734016709509462,2
381,2024-04-30,0.9232825180697284,1
5063,2024-04-30,0.09232717701780692,6
7662,2024-01-31,0.35768389462176287,1
1374,2024-03-31,0.03415303113252749,10
9728,2024-04-30,0.24326778918232178,2
8899,2024-04-30,0.10210050844625988,6
961,2024-03-01,0.08722081483291046,7
9687,2024-03-01,0.24275351416736526,2
8728,2024-03-31,0.08177886673055061,7
6918,2024-01-31,0.13698643579643424,4
980,2024-04-30,0.058053006892191436,9
2093,2024-04-30,0.3404361029608843,1
3129,2024-04-30,0.5208452950525675,1
6710,2024-04-30,0.0867475913445638,7
7519,2024-04-30,0.15327969622923932,4
8428,2024-04-30,0.07583934382054884,8
5466,2024-01-31,0.09633630211335412,6
7551,2024-01-01,0.11763011549897591,5
2392,2024-03-01,0.318420526479331,1
30,2024-04-30,0.16444232097560815,3
5634,2024-03-01,0.13953687890159472,4
5194,2024-03-31,0.17748239893921705,3
1781,2024-04-30,0.18522840802371227,3
9078,2024-01-01,0.17273428026995097,3
5731,2024-04-30,0.04303376571204031,10
6943,2024-05-30,0.06234256649442955,9
9857,2024-05-30,0.14770960071214867,4
6964,2024-04-30,0.08104016106491538,7
1516,2024-03-31,0.14065013516050195,4
6798,2024-03-31,0.11162602439543443,5
8327,2024-01-01,0.22513671170916952,2
3104,2024-01-31,0.7548620539315049,1
4902,2024-03-01,0.12476459833133154,5
6547,2024-01-01,0.04501070377999449,10
699,2024-01-01,0.16084195832589926,3
4384,2024-01-31,0.37316927455422716,1
3562,2024-03-01,0.19710209935923892,3
321,2024-01-01,0.0595264382269663,9
8474,2024-01-01,0.0701981773404335,8
9266,2024-03-31,0.18665218961832108,3
9687,2024-03-31,0.2439545799526381,2
2446,2024-01-31,0.07967748934960225,7
9107,2024-01-31,0.09665290284007641,6
966,2024-03-31,0.08582285305953608,7
6570,2024-01-01,0.18309390658800542,3
4638,2024-01-01,0.17891740722875227,3
9437,2024-01-31,0.06573558338456947,8
2160,2024-04-30,0.6350870343458619,1
3996,2024-01-31,0.04674824149531648,10
9712,2024-03-01,0.09453429003163148,6
7095,2024-05-30,0.08141285771430559,7
5321,2024-03-31,0.13385362055143407,4
4147,2024-04-30,0.09422992004060886,6
4459,2024-04-30,0.17871950892892774,3
9625,2024-03-01,0.1645851551717474,3
5472,2024-01-31,0.06441826472025315,8
2260,2024-05-30,0.1516798048603277,4
427,2024-01-31,0.1983776754236648,3
8255,2024-01-31,0.06606848959582733,8
3627,2024-01-31,0.07716634494704117,7
2896,2024-04-30,0.10602689303188009,5
5925,2024-01-31,0.06515676515539648,8
843,2024-01-01,0.3852662937114392,1
5139,2024-03-01,0.0881596760533304,7
8919,2024-03-01,0.13118916943780115,4
1105,2024-03-31,0.11803629834919176,5
4242,2024-05-30,0.13332704181725777,4
32,2024-01-31,0.15816167290114097,3
5866,2024-05-30,0.04824219730930154,10
5666,2024-05-30,0.1071364730324675,5
4238,2024-05-30,0.13616279601780074,4
2814,2024-04-30,0.20534805039162082,2
1763,2024-04-30,0.05988335038315304,9
174,2024-05-30,0.10129980510969278,6
7846,2024-03-01,0.08684292915091575,7
6279,2024-04-30,0.33485809821249574,1
4375,2024-05-30,0.12256552617981685,5
247,2024-05-30,0.20175618512691101,2
9107,2024-03-01,0.08639094605558763,7
563,2024-04-30,0.1342537698742015,4
6676,2024-04-30,0.060490845202807064,9
8557,2024-01-01,0.06594744811862771,8
9812,2024-03-31,0.10185516949749844,6
8834,2024-03-31,0.1918119208308862,3
5293,2024-04-30,0.09057211546723512,6
3017,2024-04-30,0.0852997382434553,7
5518,2024-03-01,0.07985744553055439,7
7730,2024-04-30,0.06854528253481335,8
8309,2024-04-30,0.27392229394433054,2
791,2024-04-30,0.05359404060943034,9
6027,2024-01-01,0.100661449087586,6
7183,2024-05-30,0.0611364646899524,9
1793,2024-01-31,0.10231658535357736,6
6587,2024-01-31,0.8263805894828584,1
6786,2024-04-30,0.04816196693323389,10
7427,2024-04-30,0.2799954418382702,2
9035,2024-01-01,0.0465450159367423,10
3679,2024-05-30,0.11899510657640276,5
1190,2024-01-31,0.10667287398798907,5
2658,2024-01-31,0.05717694627914904,9
6463,2024-01-31,0.0578463946886693,9
1949,2024-04-30,0.054317182952743306,9
1782,2024-03-01,0.1282460232969885,4
8365,2024-05-30,0.037857901532818185,10
423,2024-05-30,0.08177196275527601,7
8743,2024-05-30,0.17231024849400184,3
1224,2024-04-30,0.1355755911526303,4
1101,2024-05-30,0.17439893910806478,3
8563,2024-03-31,0.18404189800813744,3
3124,2024-03-01,0.049896046887590986,10
2777,2024-05-30,0.25469254448737244,2
6830,2024-03-01,0.09131722568248815,6
5754,2024-03-31,0.04916854259919578,10
4693,2024-04-30,0.2748872450162865,2
7151,2024-03-01,0.17081641660698296,3
2443,2024-03-01,0.08745857450094498,7
2220,2024-01-01,0.11883069729914325,5
5329,2024-04-30,0.3294888714348126,1
6840,2024-05-30,0.06730992137609877,8
2036,2024-01-01,0.13952632515754354,4
5786,2024-05-30,0.05706739279461596,9
1820,2024-01-31,0.09514711668138918,6
9402,2024-05-30,0.12447814518679201,5
3229,2024-04-30,0.17789172498340308,3
8754,2024-01-31,0.09636155462489283,6
752,2024-01-01,0.16918636956834268,3
6133,2024-04-30,0.2507793104716032,2
5117,2024-05-30,0.057898223798413945,9
1709,2024-05-30,0.038456370983382955,10
9574,2024-03-01,0.19954585789248877,3
7530,2024-03-31,0.09144654763619808,6
3517,2024-05-30,0.06174592003639261,9
4479,2024-03-01,0.16793830477918426,3
9762,2024-03-01,0.20670975240593809,2
1122,2024-03-01,0.02243114300959064,10
3771,2024-01-31,0.34047591909331265,1
8053,2024-04-30,0.13934557723241603,4
8249,2024-01-01,0.06494625261822488,8
6995,2024-03-01,0.08744771598217717,7
5029,2024-03-31,0.8911020401338182,1
2844,2024-05-30,0.37737436371597716,1
3264,2024-01-01,0.15817273962120398,3
2104,2024-03-01,0.08981898850676984,7
9136,2024-05-30,0.04856961566031314,10
8570,2024-03-01,0.06215193127959946,9
1270,2024-05-30,0.045471918118676,10
9083,2024-04-30,0.04501159875027345,10
4916,2024-03-01,0.07820932719332993,7
4619,2024-03-31,0.1239991028597135,5
9481,2024-05-30,0.08653287000560525,7
2815,2024-05-30,0.12217213368914281,5
3777,2024-03-31,0.47791382393305076,1
3019,2024-03-01,0.14699196398168726,4
9314,2024-04-30,0.13974217951446302,4
5043,2024-05-30,0.08785749908508343,7
1221,2024-03-31,0.10777805596116205,5
5662,2024-03-01,0.06720506234156491,8
6166,2024-03-01,0.15474636785510637,4
2187,2024-01-01,0.06435988434211165,8
3220,2024-04-30,0.03261733344115729,10
8868,2024-01-31,0.14526021779026999,4
7378,2024-01-01,0.09995837507430667,6
8434,2024-03-01,0.17953784891610744,3
9283,2024-03-31,0.23982769377522953,2
4036,2024-03-01,0.27939281297924046,2
3851,2024-04-30,0.1115707013982273,5
2129,2024-01-31,0.04941983218451361,10
7281,2024-04-30,0.14291784649572992,4
7623,2024-05-30,0.05044574665675066,9
965,2024-01-01,0.2679722256260897,2
9807,2024-01-31,0.19862454945017013,3
5625,2024-04-30,0.1477741087394766,4
3594,2024-03-01,0.06267677910969398,9
9950,2024-04-30,0.12183720416863106,5
5994,2024-04-30,0.07548186456830185,8
198,2024-04-30,0.11268387735324101,5
7011,2024-03-01,0.053249765087852084,9
5380,2024-01-01,0.13199565199731567,4
2776,2024-04-30,0.03832813299733694,10
7824,2024-04-30,0.0768600445979425,7
2084,2024-05-30,0.06831475679609188,8
1536,2024-03-31,0.19581702211675314,3
6635,2024-03-01,0.17533315646733866,3
2240,2024-01-01,0.5124593106443406,1
7480,2024-01-01,0.18645317524224608,3
6448,2024-03-31,0.09090146871442138,6
4889,2024-01-31,0.08863855646602141,7
3957,2024-05-30,0.04564407142023248,10
189,2024-05-30,0.13127773233465673,4
9042,2024-03-01,0.09211898471426494,6
4971,2024-04-30,0.38869478089947124,1
1942,2024-01-31,0.13603665557063457,4
4445,2024-05-30,0.11270230149229962,5
4066,2024-01-01,0.35417152019724407,1
7755,2024-01-31,0.29298822008839115,2
7546,2024-05-30,0.106690967947484,5
528,2024-01-01,0.22101188373366673,2
5779,2024-01-01,0.0822704247749165,7
2,2024-05-30,0.12605535598249784,5
3298,2024-03-01,0.035351740728886805,10
8063,2024-03-31,0.08129540731251733,7
6874,2024-01-01,0.18564453367986114,3
2684,2024-03-01,0.06006866420287671,9
5971,2024-01-01,0.20638647751386333,2
2105,2024-03-31,0.14097938158135442,4
7402,2024-01-31,0.055546139246971195,9
6844,2024-04-30,0.06707754956707357,8
7443,2024-01-01,0.31458854560275823,1
8416,2024-05-30,0.29667233799815185,1
919,2024-03-01,0.36519843644358424,1
9399,2024-04-30,0.65181343238623,1
5088,2024-01-01,0.10466343073604588,6
8538,2024-03-01,0.15261487190643835,4
7983,2024-01-31,0.1937262377757681,3
8736,2024-01-31,0.09737982545458054,6
5198,2024-03-01,0.2933128086236684,2
4476,2024-04-30,0.04838432087384746,10
4547,2024-05-30,0.09406251794589848,6
584,2024-01-31,0.08964577202964298,7
4009,2024-01-01,0.15885077424374158,3
5091,2024-04-30,0.04647874390432085,10
9309,2024-04-30,0.1016474386274529,6
8379,2024-03-01,0.07357909146491595,8
3792,2024-05-30,0.06379769325297116,8
9752,2024-05-30,0.06403665960487392,8
7382,2024-01-31,0.1449719063341805,4
271,2024-03-31,0.15654419554007956,3
3903,2024-03-01,0.12850832370509402,4
2124,2024-04-30,0.09693922264822047,6
9271,2024-04-30,0.3020722765923713,1
1524,2024-05-30,0.0988140353396481,6
1470,2024-05-30,0.11200285258165432,5
685,2024-04-30,0.09901566313031057,6
2605,2024-03-01,0.07682816922620257,7
2362,2024-04-30,0.185672417455665,3
5084,2024-01-31,0.05785439487323532,9
7906,2024-04-30,0.06423436901123632,8
2693,2024-03-01,0.06927522125698556,8
8645,2024-01-01,0.1360018941382843,4
9293,2024-03-01,0.0759022344177154,8
3016,2024-04-30,0.14214632966809315,4
7682,2024-03-01,0.03644088965588897,10
4930,2024-03-01,0.07757621713651162,7
3424,2024-05-30,0.10550072707466984,6
2489,2024-01-31,0.06658681862329062,8
5568,2024-03-31,0.07989534461740525,7
9784,2024-01-01,0.22201498928599203,2
5533,2024-03-01,0.39633346022253824,1
9014,2024-01-01,0.11194125452610576,5
1106,2024-03-01,0.10170672628517652,6
7237,2024-03-01,0.1526303885217443,4
1863,2024-05-30,0.08426866284548383,7
9965,2024-01-31,0.0938288484761528,6
5416,2024-04-30,0.0721649289983392,8
1650,2024-05-30,0.0893502441588164,7
5444,2024-05-30,0.08386064507126245,7
609,2024-01-31,0.5232190015898822,1
8452,2024-03-01,0.1282157646880876,4
1420,2024-01-01,0.27906420462526327,2
8935,2024-04-30,0.08099387797836353,7
6667,2024-05-30,0.05558859047655172,9
1617,2024-03-31,0.11769027438106662,5
61,2024-03-01,0.12389486263354205,5
8945,2024-05-30,0.2600237576164714,2
3271,2024-03-01,0.15857690801510013,3
5567,2024-04-30,0.058805348906565205,9
8659,2024-03-31,0.12205313832754987,5
736,2024-05-30,0.14450242593530305,4
5639,2024-03-31,0.06206808950391754,9
2708,2024-03-31,0.18971623576461336,3
1091,2024-01-31,0.19027986193952307,3
1608,2024-05-30,0.04747687759379258,10
1614,2024-03-01,0.06783279933939866,8
7692,2024-01-31,0.04058486375845513,10
3769,2024-01-01,0.06931279460289468,8
1560,2024-03-01,0.050429167002183965,9
2621,2024-01-01,0.10238499752336669,6
3386,2024-04-30,0.436679259474807,1
5729,2024-05-30,0.07154470846448653,8
5943,2024-01-01,0.15722577010254804,3
9400,2024-04-30,0.14244781769596732,4
4714,2024-05-30,0.06824718473214343,8
9989,2024-05-30,0.1673582779499606,3
5751,2024-01-31,0.05957017087298495,9
5190,2024-01-31,0.05781005666800795,9
4666,2024-03-01,0.32403335663810845,1
6141,2024-03-31,0.16640667426007835,3
8226,2024-04-30,0.1726693069850477,3
8750,2024-01-31,0.08411732331527252,7
1773,2024-01-31,0.0778871942777022,7
2419,2024-01-31,0.21072561645151477,2
8287,2024-05-30,0.10295079123763917,6
5835,2024-03-01,0.09797065251637346,6
7528,2024-04-30,0.26786333705946686,2
5255,2024-05-30,0.0886037242972372,7
7674,2024-04-30,0.05925414525992956,9
3439,2024-05-30,0.3462303396301188,1
638,2024-03-01,0.044188615682986924,10
5396,2024-01-31,0.09838904968038736,6
1142,2024-01-01,0.12426205392525144,5
4935,2024-05-30,0.09523887823842347,6
2267,2024-01-01,0.13847825509407458,4
6098,2024-01-31,0.08685242833656667,7
2063,2024-03-01,0.3976065180663103,1
3286,2024-04-30,0.06700813290114672,8
5295,2024-03-01,0.07055604146066134,8
5235,2024-01-31,0.09267710458868678,6
8220,2024-01-31,0.2318255885058672,2
693,2024-03-31,0.2243458079058601,2
391,2024-01-31,0.22833434646038708,2
7103,2024-01-31,0.22651356316173785,2
2693,2024-01-31,0.06815500246397632,8
8608,2024-03-31,0.05286398332486448,9
2025,2024-01-01,0.13550891551215105,4
7984,2024-04-30,0.1449266595221778,4
4735,2024-01-31,0.05750880672190781,9
3218,2024-05-30,0.045316020701340845,10
9707,2024-01-31,0.06449174909525665,8
727,2024-03-01,0.13617516353686857,4
4868,2024-04-30,0.5394914331489733,1
9193,2024-05-30,0.16369069505715753,3
4005,2024-01-31,0.09211787214094416,6
578,2024-01-01,0.1400680394856867,4
924,2024-05-30,0.10451311993380272,6
3456,2024-03-01,0.06091971056236655,9
1991,2024-05-30,0.2598111631780249,2
268,2024-03-31,0.6883100273092662,1
6313,2024-01-31,0.1145096704121877,5
6817,2024-01-31,0.0993511601499028,6
924,2024-04-30,0.13493703637338061,4
37,2024-01-01,0.03792626207691637,10
7007,2024-01-01,0.07227270678879054,8
5340,2024-03-31,0.06789202288468839,8
9028,2024-01-01,0.06629667862869947,8
2821,2024-01-01,0.1275281745432941,4
4402,2024-04-30,0.06396732290380504,8
2738,2024-01-01,0.033624770328790576,10
8800,2024-01-31,0.1431595936329355,4
9084,2024-01-31,0.09817303402950746,6
8876,2024-01-31,0.10433618867768307,6
7494,2024-03-01,0.29293613182353434,2
1968,2024-03-01,0.06902618469370596,8
3316,2024-01-31,0.4002675726876004,1
4765,2024-04-30,0.07593101522928745,8
8705,2024-03-31,0.09527271521519373,6
929,2024-04-30,0.1801493362620371,3
932,2024-01-31,0.07850512812632843,7
8312,2024-01-01,0.39319700437718846,1
3399,2024-01-31,0.09403737489685465,6
6419,2024-01-01,0.09801483850853838,6
8199,2024-01-31,0.7325809976151123,1
8345,2024-03-01,0.3104193547191403,1
5400,2024-04-30,0.10420255504052138,6
3595,2024-01-31,0.18226853764922588,3
3015,2024-04-30,0.12965733608668384,4
9667,2024-01-01,0.09897052486278302,6
6869,2024-01-31,0.5107326324831036,1
4319,2024-01-31,0.5334275342837346,1
9479,2024-04-30,0.05155912361728825,9
6584,2024-03-01,0.11938829248100803,5
1379,2024-05-30,0.06509965432801734,8
9894,2024-04-30,0.04561971018022424,10
6155,2024-01-01,0.3776335023794122,1
9772,2024-03-31,0.2750539314433306,2
1585,2024-01-31,0.16742541102195052,3
2921,2024-04-30,0.04873524005787595,10
6588,2024-01-01,0.0556064045279584,9
8260,2024-05-30,0.43484475158080776,1
9286,2024-03-31,0.22175328755700338,2
4992,2024-01-31,0.14032332826036734,4
2872,2024-04-30,0.15089488124078776,4
3734,2024-03-31,0.0795657895081066,7
610,2024-03-31,0.4598352804223347,1
5538,2024-03-01,0.09239192537182027,6
5851,2024-01-31,0.18670238249505966,3
118,2024-01-31,0.11704347471935755,5
8374,2024-05-30,0.1164692190457157,5
2516,2024-03-31,0.06331110854080774,9
7358,2024-01-01,0.04080209903512183,10
9939,2024-05-30,0.09667936437341801,6
4394,2024-03-01,0.054887719396064724,9
3881,2024-03-01,0.07131529753956023,8
5538,2024-03-31,0.07879538075597167,7
4108,2024-03-31,0.08193610557019514,7
734,2024-05-30,0.1447517210385793,4
2784,2024-01-01,0.11853662343035784,5
5891,2024-04-30,0.08284504550459512,7
4685,2024-05-30,0.08062471700625852,7
8329,2024-03-31,0.028050659528720684,10
2118,2024-03-31,0.15067444099498448,4
4779,2024-01-01,0.07532322633688032,8
5005,2024-05-30,0.0663016648491242,8
5319,2024-04-30,0.06274205909797351,9
9807,2024-04-30,0.23706258872910244,2
7488,2024-03-31,0.3234154335605205,1
7283,2024-05-30,0.10008343550387049,6
9088,2024-03-01,0.08868545218990215,7
8924,2024-05-30,0.042873165912646755,10
7320,2024-04-30,0.09178101010665739,6
172,2024-05-30,0.049782054950626486,10
5872,2024-01-01,0.13629465442182304,4
9866,2024-01-01,0.3569975616719137,1
310,2024-01-01,0.3712196621285421,1
8877,2024-01-31,0.09935279695432328,6
7083,2024-04-30,0.06129755598333293,9
9046,2024-01-31,0.10258615084210526,6
7761,2024-05-30,0.1841285397741446,3
9442,2024-03-31,0.03810276118200945,10
8510,2024-03-01,0.08871231105038899,7
2232,2024-05-30,0.10308939795684308,6
6549,2024-01-01,0.14506358253328208,4
3353,2024-01-31,0.17115412816093992,3
8750,2024-03-31,0.0754887311595407,8
8015,2024-01-31,0.3872880168359834,1
1043,2024-05-30,0.19963912063696054,3
3997,2024-03-01,0.0771405034049179,7
4756,2024-01-31,0.16673571834955722,3
4878,2024-03-01,0.34354410504991517,1
4141,2024-04-30,0.16023506622740047,3
5272,2024-05-30,0.08493595423733731,7
334,2024-04-30,0.0965218757547243,6
2752,2024-05-30,0.128029610884394,4
7524,2024-04-30,0.08814262197230054,7
9208,2024-01-31,0.0855785806060094,7
8183,2024-05-30,0.11025398459181728,5
3662,2024-03-31,0.19496540924690292,3
8578,2024-03-01,0.19498921135548808,3
3992,2024-03-31,0.06777120971611554,8
8626,2024-01-01,0.13046198907087916,4
6200,2024-03-31,0.23022950596717895,2
389,2024-04-30,0.11933930703581554,5
8467,2024-03-01,0.10991743540426858,5
2811,2024-01-01,0.11985781849377751,5
5674,2024-05-30,0.1333616726336854,4
502,2024-01-01,0.17474266669109492,3
8380,2024-03-31,0.13369270751132342,4
8164,2024-04-30,0.14197067387432422,4
7200,2024-03-31,0.14706939641242944,4
7569,2024-01-01,0.18718737923047488,3
1927,2024-03-31,0.24635240286941654,2
348,2024-05-30,0.3706489817581606,1
270,2024-04-30,0.08836063762276394,7
6001,2024-05-30,0.07105656163881832,8
6184,2024-03-31,0.10583549375739434,6
5540,2024-04-30,0.04179281310328839,10
617,2024-05-30,0.06047076584166226,9
8887,2024-01-01,0.42141823620033686,1
6635,2024-04-30,0.17820622575471262,3
1960,2024-03-31,0.08351953620441958,7
8800,2024-03-31,0.2185286540926315,2
4640,2024-03-01,0.04494530536811228,10
1380,2024-03-31,0.081335645807653,7
581,2024-01-01,0.5850387656070279,1
3706,2024-01-31,0.1085763773266588,5
707,2024-01-31,0.06811870446006922,8
4528,2024-04-30,0.047644243157028636,10
321,2024-04-30,0.07073963129860843,8
6365,2024-04-30,0.058359695751922666,9
5237,2024-01-01,0.04838810173054578,10
3167,2024-01-01,0.4566209544198843,1
5019,2024-04-30,0.22796847309632634,2
2788,2024-03-31,0.1415771748359996,4
5251,2024-04-30,0.11828841627899282,5
3804,2024-01-01,0.12937417398587436,4
562,2024-01-31,0.04458223329691081,10
8112,2024-05-30,0.04801881199383991,10
3024,2024-03-31,0.2202541902643781,2
8805,2024-01-01,0.09494878426487528,6
150,2024-03-01,0.19154946823365707,3
2255,2024-01-01,0.5492480713203873,1
73,2024-03-01,0.0551523060639974,9
7328,2024-03-01,0.07677115047584787,7
2986,2024-01-31,0.09942178070251488,6
2053,2024-05-30,0.25264390066931786,2
5239,2024-01-31,0.13733862339569017,4
1081,2024-05-30,0.06007268803339714,9
5429,2024-01-01,0.0834530411245808,7
4378,2024-01-01,0.11086997094507998,5
2932,2024-01-01,0.12486602239752592,5
2432,2024-01-01,0.1686405167656589,3
1915,2024-03-31,0.06332092446221103,9
4159,2024-04-30,0.343326353131853,1
4780,2024-03-31,0.06781387452065893,8
1874,2024-01-01,0.07229039868890387,8
6772,2024-05-30,0.05812660433476772,9
5682,2024-01-01,0.07342359473119266,8
9260,2024-05-30,0.06417541507145927,8
2981,2024-03-01,0.33393246092036805,1
4344,2024-05-30,0.15183142523604864,4
7044,2024-01-01,0.24090084744593648,2
3432,2024-05-30,0.09367154985750709,6
525,2024-01-01,0.13826018298163184,4
2683,2024-01-31,0.12118618275205356,5
9881,2024-01-01,0.06024594123611681,9
9497,2024-04-30,0.06443484531483583,8
7488,2024-01-01,0.11391269154465909,5
796,2024-01-31,0.17792511623222457,3
1989,2024-04-30,0.19237030984677198,3
9166,2024-01-01,0.07385578403900483,8
6214,2024-03-31,0.05096354697968475,9
2508,2024-01-31,0.14774047256051154,4
8132,2024-01-01,0.04866832435638575,10
8543,2024-01-01,0.09046344622071296,6
7925,2024-05-30,0.7632850747753456,1
3720,2024-05-30,0.13927918945816278,4
4664,2024-03-01,0.1449875072935501,4
8616,2024-01-31,0.10721667097562462,5
3994,2024-04-30,0.18074132996609604,3
8035,2024-01-31,0.08931890402925773,7
324,2024-01-31,0.18655040718772065,3
3576,2024-04-30,0.06943197531692122,8
1558,2024-01-01,0.2865330016229433,2
7770,2024-05-30,0.10129099001893695,6
6012,2024-04-30,0.05062492931230915,9
9848,2024-01-01,0.04587092319325485,10
8972,2024-03-01,0.07818387043227575,7
2206,2024-03-01,0.07325683177735336,8
1352,2024-05-30,0.04173713494167172,10
142,2024-01-01,0.09848215805068777,6
6100,2024-05-30,0.10749940281062459,5
3485,2024-05-30,0.2547227848368543,2
4889,2024-03-01,0.10529212877770913,6
563,2024-03-31,0.08445135009723294,7
6814,2024-05-30,0.19365009538129122,3
5244,2024-05-30,0.2882342068881892,2
6083,2024-01-01,0.07014698355316575,8
3111,2024-01-01,0.05462586284504609,9
4464,2024-03-01,0.1381899622703814,4
4512,2024-01-31,0.17364300742674427,3
5715,2024-01-31,0.08517757767994204,7
8444,2024-04-30,0.07817926979244537,7
4198,2024-01-31,0.0827351234093737,7
1726,2024-03-01,0.14578476907483742,4
3221,2024-05-30,0.059327301931045434,9
5284,2024-01-31,0.12104172337463823,5
1033,2024-01-01,0.1127954520399096,5
7824,2024-03-01,0.0843591771189834,7
5372,2024-01-31,0.3019215953010265,1
7739,2024-04-30,0.22810634631465232,2
3079,2024-01-31,0.08861654950881503,7
4513,2024-01-31,0.0952924835315051,6
6493,2024-05-30,0.16332252277956744,3
8861,2024-03-01,0.10001726280465889,6
4642,2024-05-30,0.05824037986952847,9
5271,2024-03-01,0.054513820162045534,9
9675,2024-01-31,0.2541031551190188,2
8538,2024-05-30,0.12166487521466193,5
6776,2024-04-30,0.05846001857401131,9
2045,2024-04-30,0.061926340937435376,9
6630,2024-04-30,0.12648746780306938,5
6956,2024-01-31,0.1208548914348412,5
1501,2024-05-30,0.0843787648769452,7
9009,2024-05-30,0.06545772387316387,8
2669,2024-04-30,0.10559887200628408,6
3015,2024-01-01,0.15438477405927606,4
515,2024-05-30,0.32367308945204076,1
3238,2024-05-30,0.1810932585485762,3
8229,2024-03-01,0.044550328312995637,10
8132,2024-03-01,0.058214981696110925,9
2998,2024-03-01,0.04887344884638876,10
5695,2024-01-31,0.060806360676774814,9
231,2024-05-30,0.1381095218149004,4
6712,2024-04-30,0.11066519780572205,5
8222,2024-05-30,0.23063740610885164,2
8088,2024-03-01,0.2760890210736992,2
4534,2024-01-01,0.45293360949773065,1
6748,2024-03-31,0.06814285280603084,8
6640,2024-01-01,0.0819697927118239,7
3347,2024-01-31,0.045476953324382244,10
892,2024-01-01,0.07280149622610328,8
8349,2024-03-31,0.07298903465409984,8
9526,2024-01-31,0.1789299866515306,3
9550,2024-01-31,0.0913675768246738,6
7612,2024-01-01,0.4111310390233357,1
6916,2024-03-31,0.08833600114806592,7
5689,2024-05-30,0.12045294502578534,5
4859,2024-01-31,0.031220517458267146,10
3964,2024-03-31,0.055984605247746434,9
3816,2024-01-31,0.140578265097887,4
3874,2024-01-01,0.15964391540639794,3
6907,2024-05-30,0.05598653681539175,9
4533,2024-01-31,0.10132187111364732,6
6770,2024-05-30,0.12069084823056014,5
6058,2024-03-31,0.07424244464805332,8
1619,2024-03-31,0.062665923980894,9
2646,2024-03-31,0.16185303333243226,3
8480,2024-05-30,0.08223513358412582,7
1427,2024-03-31,0.1967627072617674,3
3240,2024-01-01,0.35187340375942,1
4721,2024-01-31,0.13130381878727324,4
6166,2024-01-01,0.12273841431126012,5
9044,2024-05-30,0.28521381505843435,2
2062,2024-03-01,0.13067687221908308,4
6444,2024-05-30,0.09104838912108931,6
3873,2024-05-30,0.4465040052641067,1
7180,2024-01-01,0.1967507015755649,3
9918,2024-05-30,0.04198153605905371,10
9980,2024-03-31,0.1465806591815647,4
5715,2024-03-31,0.085425083257413,7
9362,2024-03-01,0.14332605405860957,4
2006,2024-04-30,0.04761144046244142,10
6729,2024-04-30,0.042575779970164,10
3506,2024-03-01,0.05216209371775597,9
2955,2024-04-30,0.04578781619775411,10
6181,2024-01-31,0.08922873338487375,7
6840,2024-03-01,0.05712330963646161,9
6537,2024-01-01,0.2551788025597065,2
2625,2024-04-30,0.19217771558861832,3
9187,2024-04-30,0.10012014714346698,6
880,2024-01-31,0.20782521698942075,2
9037,2024-01-01,0.06311095293489452,9
3391,2024-03-01,0.05536505406793219,9
6620,2024-04-30,0.06678084084693926,8
8642,2024-04-30,0.14504563664222883,4
2834,2024-03-31,0.11242545752715799,5
1926,2024-03-31,0.4083325990154391,1
1545,2024-04-30,0.11730252490430851,5
463,2024-05-30,0.07867236165894212,7
9303,2024-04-30,0.07846771993967269,7
5343,2024-01-31,0.06580223915180208,8
5445,2024-03-01,0.07394700468142212,8
3891,2024-04-30,0.05635661525266396,9
4410,2024-04-30,0.1700556730085485,3
2765,2024-01-31,0.1430049339674001,4
6043,2024-04-30,0.11377051707638354,5
350,2024-05-30,0.06960069522416619,8
678,2024-01-01,0.048632888607134765,10
5329,2024-01-01,0.33890427841215226,1
9044,2024-01-31,0.365049381889977,1
9362,2024-01-01,0.1553555850304613,3
4679,2024-03-31,0.11636905276173577,5
8059,2024-03-31,0.13595105808117597,4
671,2024-01-31,0.28186800769788767,2
4844,2024-03-01,0.09080095175328258,6
8202,2024-03-31,0.12642107477815276,5
213,2024-01-01,0.07060163751338731,8
8311,2024-01-31,0.13221396743710778,4
9845,2024-01-31,0.044922848910419234,10
2565,2024-03-01,0.10158223524708655,6
1264,2024-01-31,0.09337214590770755,6
3932,2024-01-01,0.049161271473472816,10
5747,2024-03-01,0.09528342843799323,6
7309,2024-05-30,0.07527650121631935,8
7393,2024-03-31,0.36713755660126285,1
1541,2024-05-30,0.13623590603002764,4
7873,2024-01-31,0.7778608019869934,1
8275,2024-01-31,0.11111474249535372,5
1557,2024-01-01,0.0681255468390678,8
2526,2024-03-01,0.031408505304008946,10
7190,2024-01-31,0.27075037215190934,2
9787,2024-01-01,0.2945858607184938,2
8476,2024-01-31,0.10819637865212657,5
5193,2024-01-01,0.11922440611277048,5
5473,2024-04-30,0.11410694342281048,5
1187,2024-05-30,0.2966111848046101,1
3159,2024-03-31,0.2506761852517794,2
3048,2024-03-01,0.13539141082709646,4
2048,2024-04-30,0.06895554677544943,8
7347,2024-03-01,0.05456641033890006,9
5985,2024-05-30,0.0525409763226013,9
1784,2024-01-01,0.2497138954001031,2
2191,2024-03-31,0.16515805779107273,3
5773,2024-03-01,0.16812633888344256,3
6386,2024-04-30,0.3063507473390695,1
8396,2024-03-01,0.15910579493494498,3
2417,2024-04-30,0.12490144021135326,5
4123,2024-01-01,0.08445825943371088,7
9233,2024-05-30,0.12581969383020092,5
241,2024-04-30,0.07789935270374342,7
9362,2024-04-30,0.12223356812908812,5
1515,2024-01-01,0.2996761863828185,1
8391,2024-03-31,0.04241521595396416,10
2058,2024-01-01,0.09472154273053701,6
3290,2024-01-01,0.14174861773684508,4
5782,2024-05-30,0.2637330385328177,2
4107,2024-03-01,0.3977114376187063,1
7424,2024-01-31,0.281189272332644,2
4307,2024-01-01,0.07196923401871869,8
4694,2024-03-01,0.05987148313798895,9
8933,2024-04-30,0.2354954392489822,2
3024,2024-01-31,0.17169456756418322,3
6538,2024-01-01,0.21477599895079336,2
4713,2024-03-31,0.10011465132138393,6
8844,2024-01-01,0.1654157844931413,3
6425,2024-01-01,0.10492155549478824,6
1209,2024-01-31,0.0596210544884847,9
4776,2024-03-31,0.03681966540926652,10
8364,2024-01-01,0.2429342651439152,2
9829,2024-01-01,0.1305702792648461,4
4960,2024-03-01,0.44380196161249247,1
4709,2024-05-30,0.07774597437189122,7
3488,2024-01-01,0.1289250025625778,4
853,2024-03-31,0.7496604667908491,1
3687,2024-03-31,0.11019352786898567,5
7957,2024-04-30,0.06261206246904984,9
9399,2024-05-30,0.7010430416745197,1
3827,2024-01-01,0.08569155375666714,7
8078,2024-05-30,0.14204215496514971,4
9758,2024-03-31,0.07444549111487589,8
9520,2024-03-01,0.14842926652838756,4
5347,2024-05-30,0.08618210942139083,7
8063,2024-05-30,0.05450150210356249,9
9040,2024-04-30,0.08922942274078133,7
222,2024-05-30,0.09963219948085116,6
7397,2024-04-30,0.09558704242348183,6
6081,2024-05-30,0.0729097638295737,8
8822,2024-04-30,0.13882038313583075,4
7877,2024-05-30,0.1336935588347361,4
1791,2024-03-01,0.4842366401164494,1
2103,2024-03-31,0.17738892966900208,3
7677,2024-01-31,0.11662052987771282,5
8126,2024-01-31,0.12439970865612367,5
8527,2024-01-01,0.10102001360254191,6
4714,2024-01-31,0.07098753256947903,8
7933,2024-01-01,0.3748763694030135,1
2551,2024-04-30,0.03847007318898701,10
6554,2024-01-01,0.5892798477122677,1
3804,2024-05-30,0.06771341649782836,8
4316,2024-03-31,0.07270323600800933,8
6136,2024-03-31,0.06995353470255405,8
5681,2024-01-31,0.050712845143557325,9
2720,2024-01-31,0.17068698948894104,3
3689,2024-01-01,0.08888443072728389,7
325,2024-03-01,0.4344483071476437,1
7279,2024-05-30,0.05185406227879351,9
7396,2024-04-30,0.08308734582856972,7
9628,2024-01-01,0.1493543238205853,4
4768,2024-01-31,0.09143486854743849,6
4574,2024-01-01,0.08696077807308195,7
2729,2024-05-30,0.50892793556214,1
9967,2024-01-01,0.0683715089673414,8
6451,2024-04-30,0.17368569675493503,3
2479,2024-01-31,0.2506241694315762,2
8192,2024-01-01,0.07549726251443221,8
2018,2024-04-30,0.19445918886143398,3
3973,2024-04-30,0.0957317628897467,6
5202,2024-03-01,0.06183561391416052,9
9215,2024-03-01,0.40334023759213516,1
5718,2024-05-30,0.23047418922536614,2
2050,2024-01-01,0.07267357188209991,8
2517,2024-05-30,0.4493494644238894,1
1306,2024-03-01,0.06734307812372266,8
4562,2024-03-01,0.3059363277086071,1
1307,2024-03-01,0.11828682667740965,5
2004,2024-03-01,0.0814947732392524,7
657,2024-01-31,0.25438810704522175,2
2584,2024-01-31,0.11109084891265901,5
8670,2024-04-30,0.14300257574483624,4
5063,2024-03-31,0.16460557156593306,3
3742,2024-03-31,0.18423464381467175,3
348,2024-03-31,0.14633354309996158,4
947,2024-01-31,0.0441266036201419,10
8020,2024-03-01,0.05379380502111314,9
1809,2024-01-31,0.1513709672464148,4
3371,2024-03-01,0.0536029412141348,9
4803,2024-01-31,0.16958231423634168,3
6650,2024-03-31,0.2838546694070459,2
6534,2024-04-30,0.04849680670650272,10
1603,2024-01-31,0.09894360638203827,6
5460,2024-01-31,0.10251238088830489,6
1311,2024-01-01,0.08591551842458357,7
3774,2024-04-30,0.18788801847284242,3
397,2024-04-30,0.07780168593275216,7
6596,2024-03-01,0.13425509022080673,4
3957,2024-04-30,0.05105772538942737,9
8112,2024-04-30,0.06052802620347666,9
8400,2024-05-30,0.24932304722598303,2
7738,2024-01-31,0.12046437094839267,5
2170,2024-03-31,0.19289672493655602,3
7038,2024-01-01,0.19187925581255735,3
8148,2024-03-31,0.1278746830252565,4
5980,2024-03-01,0.054868616447401986,9
9586,2024-01-01,0.03641389242657991,10
4500,2024-03-31,0.2673810675425763,2
57,2024-03-01,0.11235675560831572,5
4251,2024-01-31,0.11593257270183784,5
6538,2024-01-31,0.18242180904662042,3
527,2024-05-30,0.091575473579332,6
6862,2024-05-30,0.04327416519871236,10
3955,2024-03-31,0.19812017544954624,3
7342,2024-03-01,0.07487240375154941,8
7797,2024-01-31,0.1202690432632871,5
5316,2024-05-30,0.0842552713570013,7
3782,2024-01-01,0.08072825447466918,7
2712,2024-04-30,0.4057208994632958,1
4112,2024-04-30,0.18329179749963748,3
2609,2024-01-31,0.07601171238146295,8
6910,2024-04-30,0.28484651394527327,2
8729,2024-01-31,0.40387377997710433,1
1553,2024-03-01,0.2387781642127704,2
8519,2024-04-30,0.7999796896023855,1
6551,2024-01-31,0.08989624598948603,7
7717,2024-03-01,0.07963668006615299,7
2100,2024-04-30,0.044069479195825344,10
5224,2024-04-30,0.09030353381684475,6
5692,2024-03-01,0.025705781417398106,10
2608,2024-04-30,0.12802888893272124,4
8726,2024-03-31,0.12076044311687872,5
1995,2024-01-01,0.14343676152986773,4
6764,2024-01-31,0.03778076319181947,10
3412,2024-03-01,0.07241710570119564,8
7159,2024-01-31,0.06379796824725814,8
862,2024-04-30,0.06001881964306414,9
3429,2024-04-30,0.12058028602281824,5
2688,2024-01-01,0.20083168977775256,3
55,2024-04-30,0.18302804291752228,3
1894,2024-01-01,0.05145906993918985,9
1931,2024-01-31,0.06306213648919345,9
1100,2024-01-31,0.053821153113008516,9
5062,2024-01-01,0.05131170234963491,9
6982,2024-05-30,0.17026883624605021,3
1750,2024-03-01,0.05921212092732742,9
8322,2024-04-30,0.04231995610043968,10
829,2024-01-01,0.07410848759381997,8
5754,2024-01-01,0.06976271090245775,8
2865,2024-03-01,0.09058628402846254,6
8292,2024-05-30,0.48959456773936266,1
104,2024-05-30,0.11269216608347736,5
2982,2024-05-30,0.04585504082573549,10
4012,2024-05-30,0.09168387406926023,6
8441,2024-01-01,0.26574269787387955,2
7554,2024-03-01,0.04334268230298851,10
2220,2024-05-30,0.08191560683472836,7
5292,2024-01-01,0.06392144832637178,8
5804,2024-04-30,0.07206233402231624,8
1906,2024-03-01,0.15118632112711644,4
8576,2024-03-01,0.05848158343279326,9
4473,2024-03-01,0.4318388987179336,1
3984,2024-04-30,0.14989093667528441,4
2981,2024-05-30,0.35546896541403916,1
8543,2024-01-31,0.07256681252935474,8
4395,2024-04-30,0.13364901738194096,4
1306,2024-03-31,0.04952080460541171,10
6110,2024-03-01,0.08172647136616876,7
3065,2024-03-01,0.2568661490718289,2
5979,2024-03-01,0.11868585134435221,5
6272,2024-03-31,0.0981435056639407,6
7247,2024-01-01,0.12987843931306164,4
564,2024-03-31,0.12392707787926144,5
4751,2024-03-31,0.08933815013159815,7
4179,2024-03-01,0.061399100090481856,9
132,2024-01-31,0.09065280504728145,6
3819,2024-03-31,0.13887791743310468,4
10,2024-04-30,0.08247256059479241,7
3259,2024-03-31,0.16175160131626845,3
4102,2024-01-01,0.22573571450138516,2
1515,2024-01-31,0.2857328779495584,2
5005,2024-03-31,0.048365450087942394,10
2206,2024-01-31,0.08051436001309141,7
1892,2024-04-30,0.07078914689479418,8
9795,2024-03-01,0.2699528708833281,2
7600,2024-01-01,0.1612907223173284,3
3277,2024-01-31,0.2679066357960552,2
8221,2024-03-31,0.0606018515371231,9
8082,2024-01-31,0.1592464156877717,3
7967,2024-03-01,0.17677938372217628,3
5894,2024-03-01,0.12707407585854108,5
282,2024-01-31,0.028821408939089965,10
8553,2024-04-30,0.035304187302760345,10
7818,2024-03-31,0.10774462346764584,5
3388,2024-03-31,0.0776045704189564,7
5074,2024-01-31,0.07022693684763683,8
7134,2024-05-30,0.218797646424945,2
5570,2024-03-31,0.09952330871770487,6
8474,2024-05-30,0.03940248256230926,10
6914,2024-03-01,0.09321438717070199,6
4057,2024-04-30,0.032003072681353405,10
6443,2024-03-01,0.04261294020372828,10
2121,2024-01-31,0.09169106465450323,6
5285,2024-04-30,0.04246582805221428,10
8758,2024-01-31,0.04820587251478689,10
3929,2024-03-31,0.39158037629487263,1
6666,2024-04-30,0.17458323903902315,3
2133,2024-03-31,0.08337798968535177,7
8200,2024-04-30,0.06491752231037465,8
8551,2024-03-01,0.11676008232649217,5
8542,2024-01-01,0.2799871718136331,2
7500,2024-04-30,0.07767272553905546,7
8001,2024-01-01,0.12813493215460023,4
7358,2024-03-31,0.03152329694090551,10
8799,2024-01-01,0.09878411742335892,6
6818,2024-05-30,0.04436439853844134,10
8806,2024-01-01,0.07845861491632096,7
9476,2024-03-01,0.16585546487287975,3
6033,2024-05-30,0.044349474394296456,10
6954,2024-04-30,0.13439002356074461,4
3239,2024-03-01,0.2918908446402911,2
5073,2024-05-30,0.07152788858086302,8
4310,2024-01-01,0.15511832599757897,4
4562,2024-01-31,0.22098097015838608,2
6789,2024-03-01,0.060627834779706395,9
1062,2024-05-30,0.06213280143495876,9
5491,2024-01-31,0.0401283147467515,10
3433,2024-05-30,0.1447003994424441,4
3594,2024-01-01,0.06854040879409862,8
3857,2024-04-30,0.07195447131546463,8
7672,2024-01-31,0.038172166190112405,10
4241,2024-05-30,0.19719145372881397,3
961,2024-05-30,0.0900726136791602,6
9188,2024-05-30,0.10688377672206595,5
8099,2024-04-30,0.06386839084590223,8
3378,2024-01-31,0.1270519917202027,5
8975,2024-05-30,0.07194582111559611,8
9331,2024-03-01,0.07560509781768497,8
9398,2024-03-01,0.11159392399819527,5
4832,2024-03-31,0.36155623891405175,1
9236,2024-03-01,0.03890279049922583,10
177,2024-01-01,0.151963528416689,4
7222,2024-01-31,0.33726307722278925,1
5087,2024-04-30,0.05422977160813214,9
7854,2024-03-31,0.0691721080439335,8
8797,2024-01-31,0.09925140731424811,6
5661,2024-04-30,0.0759445719126403,8
3374,2024-03-31,0.05725848614122194,9
96,2024-01-31,0.07172335821698571,8
6608,2024-03-01,0.07211731076112228,8
3910,2024-03-31,0.054730465562389086,9
6089,2024-05-30,0.08661991019245016,7
2976,2024-01-01,0.02970689400042212,10
3101,2024-01-01,0.06671671664948765,8
6032,2024-01-31,0.07506104817703514,8
2562,2024-01-31,0.15219496177355096,4
4652,2024-04-30,0.12703771003758965,5
6106,2024-01-31,0.0586100518372202,9
6677,2024-01-31,0.15150931418798186,4
7812,2024-01-01,0.14044489003511285,4
4446,2024-04-30,0.02914204482587802,10
7880,2024-03-01,0.44251838302263075,1
9713,2024-03-31,0.08423457215118398,7
4437,2024-03-01,0.0799877822304829,7
5166,2024-03-01,0.16745786350215372,3
8287,2024-01-31,0.06937350162104901,8
3467,2024-01-31,0.30795631999913164,1
5978,2024-05-30,0.064583886891965,8
6935,2024-05-30,0.3314982390675949,1
4603,2024-04-30,0.1120863462406892,5
9650,2024-01-31,0.09865033875902057,6
3967,2024-01-01,0.12667572374898034,5
8753,2024-01-01,0.14856426428462888,4
8011,2024-05-30,0.2088098246910894,2
8339,2024-01-31,0.11702384996222864,5
1939,2024-04-30,0.04204264667255034,10
4457,2024-01-31,0.1573866883979024,3
8065,2024-04-30,0.17091824046068826,3
602,2024-03-31,0.07287851527983752,8
3411,2024-01-01,0.04473851765826653,10
9526,2024-03-31,0.22901833960899348,2
9747,2024-04-30,0.04209926538184308,10
9546,2024-03-01,0.08969235036912489,7
4817,2024-01-01,0.10366993167138958,6
4204,2024-01-01,0.16049710484456736,3
5489,2024-01-31,0.10608595125550645,5
1252,2024-01-01,0.19077213143476757,3
2210,2024-03-01,0.15780528331731242,3
8517,2024-03-01,0.4816345311279139,1
4937,2024-05-30,0.19277712471726602,3
2958,2024-01-31,0.05913568615579639,9
4408,2024-01-31,0.15950219302963356,3
4045,2024-03-31,0.12865790488126014,4
2550,2024-01-31,0.19924590324735025,3
3148,2024-04-30,0.12931883541178096,4
2049,2024-01-01,0.0328749061894604,10
338,2024-01-01,0.04262208881295334,10
8500,2024-03-31,0.1906638448506866,3
4292,2024-01-01,0.04769435384435758,10
2581,2024-03-31,0.11720407333680348,5
1886,2024-05-30,0.07634327646410495,7
1241,2024-03-01,0.04504909048993685,10
6123,2024-01-01,0.027858123586173785,10
9238,2024-04-30,0.08932236856158213,7
7073,2024-03-31,0.07322921677501577,8
3778,2024-03-01,0.14953125242532245,4
7065,2024-01-01,0.16394102144884606,3
5238,2024-05-30,0.03281927582330186,10
1652,2024-01-31,0.13401902112425543,4
1109,2024-05-30,0.12597276869033489,5
5246,2024-01-31,0.1807006492896831,3
1508,2024-01-31,0.04284889041216041,10
4415,2024-03-31,0.18830363883559137,3
2404,2024-05-30,0.06950779927806164,8
3459,2024-01-31,0.04374640605441801,10
1937,2024-01-31,0.07120567086365827,8
2228,2024-01-01,0.0750605418565825,8
1454,2024-05-30,0.08718436541624601,7
7420,2024-05-30,0.3174844038879881,1
9554,2024-04-30,0.0493350791845764,10
4772,2024-05-30,0.08493609905651667,7
2641,2024-03-31,0.07703607358601888,7
1104,2024-04-30,0.09830311149453398,6
3647,2024-01-31,0.12652406685427472,5
3499,2024-01-01,0.5994148455405753,1
5764,2024-04-30,0.1528025373310081,4
3417,2024-05-30,0.044753867224824766,10
6692,2024-01-31,0.07112568007746436,8
424,2024-03-01,0.04579580935691039,10
2534,2024-03-01,0.21907166067501566,2
6397,2024-01-31,0.10359112310302042,6
6652,2024-03-01,0.7042580029103581,1
8013,2024-05-30,0.08258879096896306,7
5226,2024-01-31,0.1525260453071431,4
1248,2024-04-30,0.09650009802845494,6
8352,2024-01-01,0.07323366319479978,8
4096,2024-03-01,0.10565723868076685,6
3592,2024-03-01,0.12671867347199808,5
6771,2024-01-01,0.07023930606933892,8
1976,2024-04-30,0.40876633548282276,1
3860,2024-04-30,0.10885590158001238,5
3680,2024-01-01,0.07409390133336317,8
3157,2024-01-01,0.13217379810657412,4
5401,2024-01-31,0.08681687669543732,7
2990,2024-04-30,0.07874698896039864,7
8793,2024-05-30,0.06946713659497317,8
7309,2024-03-01,0.07144544225878807,8
3087,2024-03-31,0.5736494597498868,1
8588,2024-03-31,0.14483456798901143,4
4849,2024-01-01,0.07126682568518139,8
4608,2024-03-31,0.06927657136710917,8
9689,2024-01-01,0.12884943372305802,4
8099,2024-03-01,0.06491659600163262,8
2194,2024-01-01,0.07537371239771515,8
1691,2024-01-31,0.2287700619139668,2
2811,2024-05-30,0.10004869247713405,6
8803,2024-04-30,0.09060923030108707,6
7045,2024-03-31,0.04250328523095552,10
8680,2024-01-01,0.07614052957862694,8
4958,2024-03-31,0.06579307647016634,8
8176,2024-05-30,0.07130950235134671,8
3768,2024-05-30,0.37522873481229785,1
3515,2024-04-30,0.8226781710513649,1
7530,2024-04-30,0.11092794339847689,5
7864,2024-04-30,0.06929527949807283,8
9047,2024-03-31,0.09138563467729101,6
2653,2024-05-30,0.2794765610525875,2
7587,2024-04-30,0.28770817609611504,2
1588,2024-01-31,0.044430548137047575,10
5678,2024-01-31,0.06047932562624552,9
8544,2024-01-01,0.09046880503124759,6
941,2024-03-01,0.03349673835922225,10
9023,2024-04-30,0.10080207998231766,6
9333,2024-05-30,0.07026895819526616,8
6621,2024-04-30,0.07323704731369876,8
7969,2024-05-30,0.37183140402153375,1
5584,2024-03-31,0.22540968505316375,2
8094,2024-01-31,0.8901395369491649,1
189,2024-01-01,0.08911864751610554,7
8646,2024-03-01,0.046492172357025435,10
4374,2024-03-31,0.206641998872834,2
1915,2024-03-01,0.06986561241285245,8
7837,2024-03-01,0.41675796879299554,1
3431,2024-01-31,0.11567687230102047,5
6130,2024-01-01,0.21101461313828832,2
1133,2024-04-30,0.13740034544418037,4
4330,2024-03-31,0.05666085062757468,9
9243,2024-03-01,0.3102191830211681,1
7162,2024-05-30,0.17606343709353284,3
5547,2024-01-01,0.18827351843040407,3
7423,2024-01-31,0.31597431742149173,1
2566,2024-01-31,0.10220512683919558,6
1997,2024-01-31,0.33608015959363163,1
5607,2024-03-01,0.13210764275392495,4
254,2024-04-30,0.049575845714060866,10
4058,2024-04-30,0.3417083071398972,1
1470,2024-03-31,0.21163009300621016,2
2851,2024-03-31,0.045328001295957335,10
4311,2024-01-01,0.32582390222349966,1
5654,2024-05-30,0.06353070245214053,9
7749,2024-03-01,0.14109751740112608,4
9524,2024-05-30,0.16824161929216647,3
1886,2024-03-01,0.090501839463011,6
6237,2024-05-30,0.7547068614410253,1
8540,2024-01-01,0.049339619404099234,10
9734,2024-01-01,0.08250802145610403,7
232,2024-04-30,0.06537930692696894,8
1170,2024-03-31,0.07340665250462419,8
3662,2024-04-30,0.12049028456561597,5
7055,2024-03-01,0.08990767789361072,7
5037,2024-04-30,0.07020370696310511,8
9294,2024-01-01,0.16269793088820078,3
6343,2024-04-30,0.21347035431761907,2
660,2024-01-01,0.0794880211666812,7
2265,2024-04-30,0.13484984479523793,4
8344,2024-03-01,0.12206441876646684,5
3287,2024-05-30,0.1657659291123372,3
6407,2024-03-31,0.21664630537225354,2
7108,2024-05-30,0.06793012935362464,8
8902,2024-03-01,0.06352421121212469,9
9756,2024-01-01,0.08820473730935602,7
7190,2024-03-31,0.17015598150975134,3
46,2024-03-31,0.1488711211957483,4
4529,2024-03-01,0.06421075964295522,8
2096,2024-01-01,0.10300368045840919,6
5786,2024-04-30,0.04845842513256403,10
70,2024-01-31,0.08480444969000699,7
2922,2024-01-31,0.18448477020493775,3
36,2024-04-30,0.10131573079887991,6
8267,2024-05-30,0.2276553657392583,2
8438,2024-03-31,0.04941441574133171,10
8592,2024-04-30,0.04865913199244821,10
6878,2024-01-01,0.04308921703657407,10
1851,2024-03-31,0.21622320530834974,2
1350,2024-04-30,0.4817634629107475,1
4018,2024-01-01,0.08422696254835912,7
4664,2024-03-31,0.1506289627902616,4
8884,2024-03-01,0.1794470288322279,3
4997,2024-01-31,0.11494288349252153,5
227,2024-03-31,0.0667534997308811,8
2110,2024-03-31,0.3901082989346171,1
4909,2024-01-31,0.2931075781866737,2
8794,2024-01-01,0.09233052667728792,6
6961,2024-05-30,0.04107728652287072,10
552,2024-04-30,0.06537391869857453,8
8180,2024-01-31,0.25416730250845093,2
176,2024-01-01,0.11247836182063611,5
7836,2024-05-30,0.38546895356512234,1
908,2024-01-31,0.19940048049420248,3
4721,2024-03-31,0.15017856519785963,4
3651,2024-05-30,0.11707490377449424,5
5899,2024-01-01,0.04911969006381328,10
4289,2024-04-30,0.21835398851769258,2
9832,2024-01-31,0.07632777692986994,8
4796,2024-03-31,0.23527895939180204,2
3675,2024-01-01,0.18768346323757717,3
5058,2024-03-31,0.2541343458172594,2
9590,2024-05-30,0.14758165616478824,4
7944,2024-01-31,0.15721686013405156,3
1,2024-03-01,0.05662007587887896,9
3375,2024-05-30,0.060311812502712545,9
4561,2024-05-30,0.11754206769712769,5
6196,2024-01-01,0.1327040901222973,4
9201,2024-03-01,0.15930942672797843,3
9143,2024-03-01,0.14695200252568316,4
5412,2024-01-31,0.11067399412963377,5
1449,2024-04-30,0.0843096871515484,7
9914,2024-03-31,0.0709974209348214,8
5047,2024-03-31,0.5600525572076538,1
4897,2024-04-30,0.1252839056991414,5
2263,2024-03-01,0.12386892152067315,5
3450,2024-03-31,0.08922734472964063,7
1131,2024-03-31,0.10394565040763468,6
1949,2024-05-30,0.07480663365793759,8
123,2024-01-01,0.0692487493837442,8
4410,2024-03-31,0.26468982418420944,2
2414,2024-01-31,0.1671691850237743,3
8050,2024-05-30,0.04221383443202061,10
3072,2024-01-31,0.4215426298802933,1
9455,2024-03-31,0.2966976642878844,1
3434,2024-04-30,0.15436845836086124,4
923,2024-03-31,0.06255706444775215,9
6002,2024-01-01,0.08839833996186591,7
899,2024-01-31,0.052590119685386454,9
1317,2024-03-31,0.08123730747524517,7
7695,2024-01-31,0.1289162993257121,4
1438,2024-05-30,0.09858836877585582,6
9561,2024-05-30,0.0707903689074572,8
7230,2024-03-31,0.21518510834972748,2
826,2024-01-31,0.09295858686837712,6
5031,2024-05-30,0.14855740876881685,4
574,2024-04-30,0.3051008488242868,1
3447,2024-05-30,0.0532964225179857,9
1054,2024-05-30,0.1961082205301091,3
8570,2024-04-30,0.0683463712774204,8
65,2024-03-31,0.1993286608290244,3
3449,2024-03-01,0.17464139596320485,3
8928,2024-04-30,0.06141262514687618,9
3842,2024-01-01,0.026950023338885375,10
6,2024-03-01,0.05310678188670378,9
6426,2024-03-31,0.10979363334621475,5
9971,2024-03-01,0.04635826921471139,10
1487,2024-05-30,0.336039052247707,1
2390,2024-01-01,0.20670747528480224,2
8357,2024-05-30,0.03641345285764241,10
3292,2024-05-30,0.0948263584083587,6
8759,2024-04-30,0.12267714470440415,5
4599,2024-05-30,0.11672763850328564,5
486,2024-01-31,0.1817052173436858,3
9501,2024-03-01,0.1430091333731064,4
5843,2024-04-30,0.04996452859695153,9
4748,2024-01-01,0.03965856323388884,10
206,2024-01-01,0.12161411922843034,5
5203,2024-05-30,0.17927351619168994,3
1861,2024-04-30,0.14169079452663103,4
4924,2024-05-30,0.1323164092913337,4
9997,2024-03-01,0.11870348941939769,5
1654,2024-05-30,0.04719252575160798,10
5582,2024-03-01,0.14135704186771908,4
5294,2024-03-31,0.33028623241429145,1
3980,2024-05-30,0.08820248726758353,7
7722,2024-04-30,0.14943311202627715,4
987,2024-01-31,0.16192784157350346,3
9834,2024-05-30,0.11602973579269825,5
7288,2024-04-30,0.13101695005005146,4
705,2024-04-30,0.09856845404669516,6
6892,2024-03-31,0.1298924533763423,4
1083,2024-03-01,0.0557348232814,9
4326,2024-05-30,0.07843384754752931,7
299,2024-01-31,0.040844889092091614,10
7698,2024-03-01,0.08576381313081145,7
7476,2024-01-01,0.14881373617919505,4
5564,2024-01-31,0.0630871125729746,9
2799,2024-01-01,0.07076393814872235,8
9313,2024-01-01,0.06754405614281649,8
4851,2024-05-30,0.09344132432097002,6
6304,2024-05-30,0.08022495721075713,7
476,2024-01-31,0.15127838316657163,4
434,2024-05-30,0.22142787312599138,2
7423,2024-03-01,0.14502115511876004,4
88,2024-03-01,0.16798343213677017,3
1244,2024-03-01,0.08679756702470755,7
2080,2024-01-31,0.09805014185640165,6
1223,2024-05-30,0.19336844479653398,3
8417,2024-04-30,0.09725911604088901,6
8580,2024-03-31,0.266222340935012,2
98,2024-01-31,0.07171979235444961,8
3449,2024-01-01,0.11279058818791926,5
6275,2024-03-31,0.2198205136921418,2
8270,2024-01-31,0.06149092524413021,9
6319,2024-01-31,0.10540846450891819,6
9887,2024-03-31,0.1480171890504581,4
13,2024-05-30,0.0756817422110888,8
2811,2024-04-30,0.10122523581353492,6
7295,2024-01-01,0.1299809319340866,4
79,2024-05-30,0.1268977743106912,5
1408,2024-01-01,0.07327174263037492,8
1274,2024-01-01,0.05248514969484792,9
8197,2024-04-30,0.08225208598827997,7
5727,2024-03-31,0.2188164617792944,2
5214,2024-04-30,0.0596864517420391,9
220,2024-05-30,0.2067570059823525,2
1209,2024-01-01,0.053246533144132864,9
3798,2024-03-31,0.05005932803084816,9
2505,2024-01-31,0.25516891895295896,2
8702,2024-05-30,0.3061579277225745,1
129,2024-04-30,0.1211773969606016,5
8243,2024-05-30,0.03915140216238396,10
8309,2024-01-31,0.3631517184421734,1
2989,2024-03-01,0.10760280147909226,5
9705,2024-03-01,0.050319962074413783,9
7165,2024-03-31,0.07688394923262076,7
2932,2024-03-31,0.12258039579556616,5
5263,2024-01-31,0.21117221538804956,2
1952,2024-05-30,0.23575510216324178,2
8719,2024-01-01,0.5576309427647838,1
2633,2024-05-30,0.07992995549869374,7
5039,2024-01-31,0.05755357988123877,9
3063,2024-05-30,0.12078110263110359,5
4127,2024-01-31,0.049651034698019784,10
9029,2024-04-30,0.11765637076540451,5
7541,2024-04-30,0.04530647053776277,10
9625,2024-01-01,0.133854147776055,4
952,2024-04-30,0.14360946664997346,4
1412,2024-03-31,0.05660544414421854,9
1336,2024-05-30,0.05067377618531295,9
2784,2024-05-30,0.12529505409249853,5
1119,2024-01-31,0.14869958544503512,4
9019,2024-05-30,0.2825229943479946,2
4921,2024-03-31,0.13773924176598723,4
3284,2024-01-01,0.41798523069818116,1
267,2024-01-01,0.1836997988461729,3
5120,2024-03-31,0.15030159890205025,4
975,2024-05-30,0.14915123992043355,4
9942,2024-01-01,0.05170699351039757,9
7760,2024-01-01,0.07101434843120524,8
3118,2024-03-31,0.046249473475589435,10
8830,2024-03-31,0.05492360547425277,9
3793,2024-05-30,0.24117395713244993,2
2319,2024-03-31,0.13577766899483854,4
6020,2024-04-30,0.0544383278715241,9
6470,2024-03-01,0.5668361182205675,1
6510,2024-01-31,0.03682986770892697,10
4480,2024-05-30,0.4542157945106754,1
5840,2024-03-01,0.06536159906957147,8
4358,2024-04-30,0.04580860523809893,10
232,2024-05-30,0.06827470380960517,8
432,2024-05-30,0.04189552614602093,10
8937,2024-05-30,0.0891130208185733,7
4209,2024-01-31,0.0845042974648081,7
1014,2024-01-31,0.11861431851182788,5
1004,2024-01-01,0.09441729433155621,6
8098,2024-01-01,0.0795532962818113,7
2716,2024-04-30,0.14425996921652184,4
3253,2024-03-01,0.0888382914208146,7
7252,2024-01-01,0.1075139962874013,5
145,2024-05-30,0.09300301998599261,6
4785,2024-03-31,0.11862406984432951,5
2064,2024-01-01,0.04734363789814476,10
4227,2024-01-01,0.07905659330929764,7
6246,2024-01-01,0.0648135575834299,8
4081,2024-03-01,0.04632921349488346,10
873,2024-04-30,0.032015478859556884,10
1501,2024-03-31,0.07260309474374095,8
2215,2024-05-30,0.05354865632008079,9
7565,2024-04-30,0.10171354322336319,6
3860,2024-05-30,0.16067451470387667,3
3556,2024-01-01,0.203732115666627,2
4333,2024-04-30,0.49933725834699544,1
1573,2024-01-01,0.13854284101324138,4
2736,2024-01-31,0.07573698582589607,8
673,2024-01-31,0.058631491002768404,9
1505,2024-04-30,0.30363437548688077,1
5511,2024-05-30,0.09506750319052114,6
6939,2024-04-30,0.12308914372002286,5
913,2024-05-30,0.04586588737794098,10
5276,2024-01-31,0.07831148890231537,7
1965,2024-01-31,0.3659008114535729,1
662,2024-01-01,0.1509934083195973,4
8082,2024-03-01,0.11176583149074101,5
1264,2024-03-01,0.0750184112462168,8
214,2024-05-30,0.2129447182268965,2
3427,2024-01-31,0.06335992280188982,9
5385,2024-03-01,0.4052821752696089,1
5680,2024-05-30,0.046316470451138105,10
9616,2024-01-01,0.04134282167931527,10
2586,2024-05-30,0.07887481668405866,7
2237,2024-03-31,0.05882047340031434,9
975,2024-01-31,0.12073887044888042,5
2068,2024-01-01,0.053477317131456176,9
1711,2024-01-31,0.10917028844711126,5
2564,2024-01-31,0.19847398165883176,3
3167,2024-04-30,0.23301287441846774,2
2913,2024-01-31,0.18794357807433443,3
3253,2024-05-30,0.12574897687801156,5
134,2024-01-31,0.057720098176505925,9
2702,2024-01-31,0.4177531516979738,1
3302,2024-01-31,0.5638071162272071,1
8916,2024-04-30,0.1620662795304679,3
2777,2024-03-01,0.2925449658439543,2
3605,2024-03-31,0.04665087462396904,10
386,2024-03-01,0.2043220743653424,2
4264,2024-03-01,0.05395886610414692,9
1496,2024-01-01,0.15858413669251054,3
1986,2024-05-30,0.06432963763980012,8
5034,2024-01-31,0.0809465457802452,7
7877,2024-01-31,0.11527160679009203,5
4091,2024-01-31,0.11901645286010307,5
8460,2024-04-30,0.1728790440965053,3
2073,2024-04-30,0.14845221061930042,4
8,2024-05-30,0.19511271851890405,3
8477,2024-03-31,0.0668005069794794,8
5053,2024-05-30,0.051641718357746134,9
4587,2024-04-30,0.2196510400477504,2
5869,2024-01-31,0.05145622603619401,9
272,2024-05-30,0.18742494293078366,3
2970,2024-03-31,0.09030587120883414,6
4781,2024-04-30,0.06629168174670085,8
1127,2024-01-01,0.09350288002878097,6
463,2024-03-31,0.08099968500919413,7
2146,2024-05-30,0.08292752031817183,7
2111,2024-03-31,0.0422298618316855,10
4493,2024-03-31,0.053268689143672894,9
747,2024-01-31,0.13486803855192075,4
7518,2024-05-30,0.22200132453003135,2
1317,2024-01-01,0.1355572551968306,4
8621,2024-03-01,0.09065715415435668,6
4309,2024-03-01,0.1732164960756437,3
6082,2024-03-31,0.06719994251490072,8
798,2024-03-01,0.051736883132227775,9
9192,2024-01-01,0.4289219385776647,1
2162,2024-04-30,0.04169384394910015,10
5468,2024-04-30,0.17245101818803873,3
4259,2024-04-30,0.10554906453951918,6
7906,2024-01-31,0.15278297866801777,4
1696,2024-03-01,0.15355859537836114,4
5049,2024-01-31,0.07164176691330755,8
966,2024-01-01,0.08979538951393412,7
6460,2024-03-31,0.04847053736287519,10
1332,2024-03-31,0.04145443648377041,10
1542,2024-03-01,0.06018002506254781,9
6491,2024-04-30,0.09306590194005009,6
8964,2024-04-30,0.059081689182038405,9
5281,2024-01-31,0.09584764873096066,6
2421,2024-03-31,0.1749672399323456,3
3835,2024-01-31,0.05757146668687977,9
4505,2024-04-30,0.1028309549964945,6
5825,2024-01-01,0.10118110808380389,6
3020,2024-04-30,0.15294010738839806,4
4580,2024-01-01,0.1713999288615678,3
8611,2024-04-30,0.18393256269277045,3
1673,2024-01-01,0.06379088071666737,9
5303,2024-01-01,0.107882079652514,5
7703,2024-05-30,0.05179487944601466,9
377,2024-01-31,0.6432526275618902,1
3515,2024-03-31,0.8237775011903555,1
5292,2024-05-30,0.1615532361642153,3
5798,2024-03-01,0.17452503224008345,3
3076,2024-03-31,0.08161854090119382,7
3831,2024-03-31,0.054367170928398836,9
406,2024-01-01,0.1193893832240441,5
7148,2024-05-30,0.07027507877925654,8
3033,2024-05-30,0.04343015259528209,10
5924,2024-05-30,0.042678491907666496,10
8155,2024-05-30,0.29564037144371347,2
8892,2024-01-31,0.13973774114102566,4
1723,2024-03-01,0.08519315084052678,7
311,2024-01-31,0.2823111014224239,2
2264,2024-01-01,0.138615998539732,4
7279,2024-01-31,0.05274886678204774,9
1788,2024-03-01,0.37762894857481144,1
6694,2024-01-31,0.03307291030502652,10
3190,2024-03-01,0.37404643011917826,1
4269,2024-04-30,0.07396614236055454,8
4988,2024-01-31,0.30140876185274235,1
315,2024-01-01,0.08472046507573959,7
4165,2024-03-01,0.10870033538519008,5
9359,2024-03-31,0.3034831134317419,1
5815,2024-01-01,0.2649593666609222,2
9636,2024-04-30,0.06967468953754574,8
8407,2024-05-30,0.050973617313546486,9
9142,2024-05-30,0.11783025006914627,5
7428,2024-03-01,0.0396695838198112,10
74,2024-01-31,0.09284296312985808,6
340,2024-05-30,0.12580063325651872,5
2352,2024-01-31,0.0712353620484556,8
4136,2024-03-01,0.10833575417056393,5
8339,2024-03-31,0.11758761069238143,5
5753,2024-01-31,0.0910876663492823,6
1004,2024-03-01,0.4670533023586571,1
24,2024-03-01,0.112518112127881,5
1215,2024-03-31,0.0806534977189017,7
2757,2024-01-31,0.17735489168006066,3
6374,2024-03-01,0.05722342475835188,9
6882,2024-04-30,0.12981623490384425,4
9385,2024-04-30,0.0982125546297505,6
3051,2024-05-30,0.1426478939829803,4
3744,2024-05-30,0.21441236795677676,2
4594,2024-03-01,0.2587799737946477,2
7505,2024-05-30,0.24709345385525391,2
4915,2024-05-30,0.09037092910561496,6
756,2024-03-31,0.15543773213990933,3
883,2024-01-31,0.04797195039435082,10
6281,2024-04-30,0.06427192926250781,8
4553,2024-03-01,0.3536386642582748,1
7458,2024-03-31,0.26358946101217684,2
6369,2024-04-30,0.06661219583372224,8
6297,2024-04-30,0.06765702530634261,8
7887,2024-05-30,0.07384089403644312,8
7607,2024-01-01,0.11377765622941631,5
4638,2024-03-31,0.20508989103865377,2
4085,2024-01-31,0.07606175540009755,8
1415,2024-01-31,0.13805052296181972,4
9432,2024-01-01,0.049436115266512225,10
6203,2024-03-31,0.07096354986691421,8
1243,2024-04-30,0.17966692811677645,3
7009,2024-03-31,0.25360936438828646,2
4202,2024-01-31,0.15294630795537026,4
2341,2024-01-01,0.037420724516056915,10
2213,2024-01-01,0.1015621682035547,6
929,2024-01-31,0.14964301480268313,4
3759,2024-05-30,0.21371078582641165,2
5671,2024-05-30,0.2500534488539776,2
5990,2024-01-01,0.302767358283861,1
3907,2024-03-01,0.1347144720698573,4
8414,2024-03-01,0.0588005684035157,9
656,2024-03-31,0.25880335973885765,2
3050,2024-01-31,0.04373313842109717,10
903,2024-01-31,0.5939656880236016,1
2705,2024-03-31,0.08787812391546133,7
8008,2024-05-30,0.2567834178349569,2
3370,2024-03-31,0.4829791836638527,1
1354,2024-05-30,0.03733777635921747,10
4624,2024-01-01,0.16619492294160276,3
5597,2024-03-01,0.1622442150131286,3
2596,2024-01-31,0.2804524136912813,2
5193,2024-03-01,0.09793659850689401,6
3103,2024-05-30,0.15758184027550826,3
447,2024-01-01,0.09297579298961421,6
9625,2024-03-31,0.16242465871796039,3
734,2024-03-01,0.14992021580423728,4
1078,2024-04-30,0.18297063090670743,3
4461,2024-03-31,0.20909349014138845,2
6304,2024-03-31,0.10224071516029924,6
8970,2024-05-30,0.27014945199401386,2
5464,2024-03-01,0.1105942595070183,5
848,2024-05-30,0.11284184404563437,5
8080,2024-01-31,0.12308292410887962,5
7210,2024-01-01,0.23905391967243841,2
251,2024-05-30,0.3625450111719726,1
1904,2024-01-31,0.08025768897151153,7
4137,2024-05-30,0.2627727682548273,2
939,2024-05-30,0.14443007012596074,4
5788,2024-05-30,0.062239358589739065,9
4621,2024-01-01,0.15265501572567167,4
3208,2024-04-30,0.11838178370492435,5
2956,2024-05-30,0.1963519366036162,3
7061,2024-05-30,0.15560856917048957,3
1296,2024-01-31,0.09275877964370503,6
5984,2024-03-01,0.11581616594776786,5
3852,2024-05-30,0.0732950616029145,8
3522,2024-01-01,0.08324751769532697,7
2652,2024-04-30,0.2143955170059038,2
4950,2024-03-31,0.057111367546103964,9
3283,2024-01-01,0.16431181502277964,3
4084,2024-04-30,0.11535248111070316,5
9323,2024-03-01,0.09117821951591716,6
8698,2024-05-30,0.11219734030111983,5
6707,2024-04-30,0.036224253710033356,10
5053,2024-04-30,0.05937205474497693,9
6209,2024-03-01,0.0920644627277395,6
3921,2024-04-30,0.07751326231852784,7
9190,2024-03-01,0.03373652041773882,10
1205,2024-03-01,0.10951431639905669,5
4599,2024-04-30,0.12030459225017927,5
1409,2024-05-30,0.2239033883887851,2
9392,2024-01-01,0.053333397799380164,9
7678,2024-01-31,0.03587665091107039,10
9048,2024-01-31,0.2822869000311825,2
2564,2024-03-31,0.17679675947094714,3
1543,2024-01-01,0.0821474635733904,7
5543,2024-05-30,0.1073498867449883,5
1463,2024-03-01,0.04997569123239972,9
9077,2024-03-01,0.10406052346986303,6
9271,2024-03-31,0.23815828662113273,2
2242,2024-03-31,0.057962632497225344,9
9715,2024-05-30,0.14532507136566852,4
8428,2024-01-01,0.06631721370387798,8
5714,2024-04-30,0.16221057635675565,3
1073,2024-05-30,0.519542658271132,1
1747,2024-05-30,0.06929825298017714,8
3890,2024-01-01,0.05854000199274839,9
4569,2024-01-31,0.19434569871267468,3
1265,2024-01-01,0.06074650670927293,9
5464,2024-04-30,0.043161627203894666,10
4643,2024-03-31,0.1217267400751648,5
3920,2024-05-30,0.11159693719013762,5
8130,2024-01-01,0.07506403570265105,8
7350,2024-03-01,0.05851760429186161,9
8249,2024-05-30,0.07586334486835775,8
6435,2024-03-31,0.2722611512522252,2
9439,2024-03-31,0.06012083738403465,9
8997,2024-04-30,0.2516068160015242,2
7975,2024-03-31,0.0614423128274583,9
5897,2024-04-30,0.3078863947845598,1
2309,2024-01-01,0.10404614639254209,6
2136,2024-03-31,0.2581337054796638,2
2398,2024-05-30,0.07915249991217313,7
6348,2024-03-31,0.2034165311630463,2
8389,2024-05-30,0.10148163345577,6
8038,2024-03-31,0.01936929974763069,10
6555,2024-01-31,0.08308818401438858,7
3386,2024-01-01,0.3990558489762068,1
3176,2024-04-30,0.14832162037652868,4
5042,2024-03-31,0.08570407425805546,7
625,2024-01-31,0.18736435216389094,3
8501,2024-01-31,0.07427143640368432,8
5943,2024-03-31,0.12332724838867118,5
2738,2024-03-01,0.039020944229855796,10
3864,2024-01-01,0.10713994852900251,5
1639,2024-01-01,0.11237307882023191,5
5921,2024-04-30,0.195074110304882,3
144,2024-03-31,0.19291748479035722,3
6379,2024-05-30,0.052532115856917215,9
440,2024-01-31,0.08826360926082796,7
5971,2024-03-01,0.27330161953722365,2
183,2024-04-30,0.20637092211616678,2
3096,2024-01-01,0.07999860119625021,7
2781,2024-03-31,0.0281579718399591,10
5001,2024-01-01,0.07123352311331581,8
9181,2024-04-30,0.05982188572408537,9
4589,2024-04-30,0.09438974057569298,6
4583,2024-05-30,0.06101200990264743,9
371,2024-05-30,0.06481592280526705,8
4581,2024-01-31,0.0726575234975055,8
7458,2024-04-30,0.15750269008513937,3
5795,2024-03-31,0.06632736624312363,8
5996,2024-05-30,0.21517412400770963,2
6323,2024-03-01,0.03696414929541977,10
4136,2024-05-30,0.11783690291859535,5
7060,2024-05-30,0.21931991574983348,2
2183,2024-01-01,0.1347151904602561,4
6785,2024-04-30,0.13014942727189066,4
5893,2024-05-30,0.08133087037182213,7
2102,2024-03-31,0.05522173222366705,9
7237,2024-04-30,0.1898871729833929,3
4505,2024-05-30,0.12415208119445582,5
3090,2024-01-31,0.07517969840850927,8
5016,2024-05-30,0.39204006868930436,1
4706,2024-04-30,0.08953430627164201,7
2013,2024-01-01,0.06224308253742527,9
24,2024-03-31,0.18782515204140537,3
1548,2024-04-30,0.10026660442127444,6
1312,2024-01-31,0.5315043545556578,1
4085,2024-04-30,0.058181905017944624,9
1405,2024-01-31,0.23180733647580598,2
6910,2024-01-31,0.2895999041502663,2
3846,2024-05-30,0.0390651537575829,10
831,2024-05-30,0.09323219579357656,6
3695,2024-04-30,0.1896154006164527,3
841,2024-03-31,0.03506485439889437,10
8675,2024-01-01,0.11474094755101422,5
8818,2024-03-01,0.05170483291674584,9
373,2024-05-30,0.043625061361722145,10
2852,2024-04-30,0.14689261345660193,4
5670,2024-04-30,0.3904629955207087,1
9006,2024-03-31,0.08693579027284434,7
8272,2024-05-30,0.14609661460040038,4
9372,2024-03-31,0.19266028545305872,3
1016,2024-03-01,0.13961698393517796,4
206,2024-05-30,0.08240243468179984,7
6252,2024-03-01,0.07417107842806071,8
3998,2024-01-31,0.10244098754502533,6
4801,2024-05-30,0.2216731614210387,2
1540,2024-04-30,0.12317200314048683,5
904,2024-01-01,0.07187793615664231,8
7079,2024-03-31,0.06420672266963216,8
4602,2024-04-30,0.1953273353941424,3
7111,2024-04-30,0.1044850630626622,6
4636,2024-04-30,0.04893627110357115,10
5016,2024-03-31,0.4562709072160978,1
5210,2024-03-01,0.06900818761043953,8
8399,2024-01-31,0.18767136402947204,3
1703,2024-04-30,0.1428397191448871,4
490,2024-05-30,0.08926332593186011,7
7336,2024-04-30,0.3464445240222763,1
6081,2024-01-31,0.07243152444808569,8
7238,2024-03-31,0.5037405270357747,1
7189,2024-01-01,0.04829539589844238,10
1042,2024-01-31,0.25024159976102245,2
7199,2024-03-01,0.19190774172737574,3
1795,2024-01-31,0.1428019446000656,4
7013,2024-01-31,0.09281353246994299,6
8437,2024-01-01,0.3364579904340165,1
5179,2024-01-01,0.051008151525061884,9
397,2024-01-01,0.07518742695767491,8
842,2024-01-31,0.2918862796193515,2
5400,2024-05-30,0.0868120716878178,7
3573,2024-04-30,0.1276422117105591,4
8208,2024-04-30,0.08225830566209089,7
2802,2024-05-30,0.1468948930275441,4
3811,2024-05-30,0.07675425703052227,7
8469,2024-04-30,0.051383036782690815,9
1318,2024-01-31,0.3299317484814145,1
5130,2024-05-30,0.20008516274789007,3
2097,2024-01-31,0.23523389408235532,2
103,2024-03-31,0.03649424025384902,10
2780,2024-03-31,0.2455342247752241,2
31,2024-01-01,0.08468045039392166,7
4301,2024-04-30,0.037729964936056966,10
1778,2024-03-31,0.12042227880619896,5
4184,2024-01-01,0.1421711873254648,4
9298,2024-05-30,0.14042271210513046,4
8669,2024-05-30,0.21066204499866897,2
4153,2024-03-31,0.30040733232694683,1
8692,2024-05-30,0.3181444081265625,1
6185,2024-01-01,0.19553312224446492,3
3991,2024-03-31,0.08206845692249974,7
4998,2024-01-31,0.13972072161346005,4
9491,2024-03-01,0.1717854048905722,3
9938,2024-01-01,0.055142450859344425,9
9535,2024-03-31,0.16793256873060664,3
7406,2024-01-31,0.09107740589923723,6
1530,2024-03-31,0.09183212627540199,6
7541,2024-01-01,0.05968286965766214,9
2373,2024-03-31,0.6255471459279198,1
3399,2024-03-31,0.10193416290317461,6
9261,2024-01-31,0.029204546118361686,10
313,2024-03-01,0.24319511955869738,2
8159,2024-01-31,0.089454490714271,7
3731,2024-01-31,0.17310537616660676,3
671,2024-03-01,0.26125514463241956,2
2051,2024-03-01,0.07970316819911252,7
5188,2024-03-01,0.0731169825548307,8
7004,2024-01-01,0.16231548423987538,3
455,2024-05-30,0.0863439230772258,7
3493,2024-05-30,0.10496427966761875,6
2256,2024-01-31,0.14602703393908767,4
2566,2024-05-30,0.09230674770475927,6
4864,2024-01-31,0.07212638526552875,8
5417,2024-01-01,0.05415403761056215,9
4280,2024-01-31,0.12245187850770665,5
6462,2024-05-30,0.07965287942776109,7
2199,2024-01-01,0.05580665902274613,9
811,2024-05-30,0.07951122436563976,7
8189,2024-01-01,0.08190424636104425,7
7431,2024-03-31,0.29511384297765436,2
2582,2024-04-30,0.08871157401701095,7
4040,2024-03-31,0.19408954976811166,3
8951,2024-04-30,0.06193452264689571,9
1017,2024-01-31,0.1468530635251236,4
242,2024-04-30,0.08247853189676338,7
9661,2024-01-01,0.29928349278125566,1
433,2024-04-30,0.07378501016179906,8
2931,2024-01-31,0.09247923417910335,6
7257,2024-05-30,0.1901399275631544,3
5638,2024-01-01,0.04478944131530171,10
9572,2024-01-31,0.24755999208092952,2
2560,2024-03-31,0.07531180767296071,8
2580,2024-03-31,0.3686255684691389,1
5684,2024-05-30,0.20551342666402345,2
8200,2024-01-01,0.05590884270409581,9
6597,2024-03-01,0.08458817239922682,7
1951,2024-01-31,0.06683179172819476,8
6502,2024-01-31,0.0736804651948153,8
6424,2024-04-30,0.05687469985245319,9
9556,2024-05-30,0.165240429399445,3
3845,2024-01-31,0.11673105344446773,5
6242,2024-03-31,0.05814977755191177,9
2512,2024-04-30,0.09457618985900017,6
2762,2024-04-30,0.0536939110899752,9
154,2024-03-01,0.05457950049857726,9
5252,2024-05-30,0.20801176572386787,2
8249,2024-01-31,0.06612033169965532,8
8039,2024-03-31,0.02056986336247645,10
5797,2024-03-31,0.1947662321851323,3
5564,2024-01-01,0.07954975942397051,7
1590,2024-05-30,0.06428990855376777,8
3125,2024-04-30,0.22963322350210286,2
4559,2024-04-30,0.19900065782157647,3
5053,2024-01-31,0.048992274004254724,10
4615,2024-04-30,0.09745921002053533,6
430,2024-01-31,0.16289014557694437,3
900,2024-03-01,0.05938592177698406,9
4284,2024-05-30,0.03613309072831624,10
1321,2024-01-31,0.11848443309558265,5
5694,2024-04-30,0.36130154869773135,1
1731,2024-04-30,0.04631883442479987,10
4432,2024-03-31,0.5850348938992239,1
5777,2024-03-01,0.1006516649926796,6
1305,2024-03-01,0.05542882194902402,9
5516,2024-03-01,0.07566026839017778,8
7363,2024-03-31,0.5872740883153539,1
8390,2024-03-31,0.0740760991575588,8
2619,2024-05-30,0.08345075649104727,7
4257,2024-01-01,0.7211027412028413,1
4203,2024-01-31,0.07571114567370626,8
7843,2024-03-31,0.11828052944378557,5
4140,2024-01-31,0.06362800940910403,9
6573,2024-03-31,0.13808478980249062,4
7614,2024-04-30,0.18598511616840055,3
4833,2024-03-31,0.08588206085439108,7
2394,2024-01-31,0.07161543935118792,8
1256,2024-05-30,0.06135777032622111,9
3788,2024-04-30,0.06435851676557013,8
2358,2024-05-30,0.04315699492835909,10
4234,2024-04-30,0.05820512556772045,9
8262,2024-01-01,0.10521223531532573,6
2819,2024-03-31,0.08641031110909571,7
6077,2024-04-30,0.10539864985397018,6
7294,2024-03-01,0.07394742138318418,8
345,2024-03-01,0.3085558248647198,1
2659,2024-01-01,0.11319847850605746,5
6067,2024-05-30,0.07200293184230441,8
4007,2024-05-30,0.06852505446668973,8
1134,2024-03-01,0.0734973366970841,8
5762,2024-03-01,0.09902285710721172,6
7365,2024-03-31,0.1114255575489605,5
2150,2024-04-30,0.03647721192124095,10
4521,2024-05-30,0.06466906152995436,8
8620,2024-03-31,0.2802489752454935,2
3030,2024-03-31,0.08576868028460857,7
5040,2024-01-31,0.07827835960153816,7
3723,2024-01-31,0.06069677102730156,9
6721,2024-05-30,0.06751957889428868,8
9996,2024-01-31,0.06499532931907341,8
6390,2024-03-01,0.10591736764266554,6
7274,2024-03-01,0.09397688893596744,6
4283,2024-03-31,0.05284590901671532,9
5945,2024-03-01,0.12843557377990536,4
4574,2024-04-30,0.07400720652663152,8
2856,2024-04-30,0.061187972842048924,9
9047,2024-01-01,0.11599340084541925,5
6896,2024-03-01,0.08026961301863984,7
3198,2024-01-01,0.1875669548769099,3
9853,2024-01-01,0.2715675884201981,2
742,2024-04-30,0.09609815490009135,6
3401,2024-05-30,0.3295732484696093,1
9634,2024-03-01,0.13587068147237719,4
7948,2024-03-01,0.10442754515150021,6
2186,2024-03-31,0.37288735438902326,1
9070,2024-03-31,0.20496983884083875,2
1509,2024-03-31,0.04521501756205289,10
7086,2024-03-01,0.029668449670473804,10
6003,2024-03-01,0.1092223102244163,5
7515,2024-01-31,0.12479599213867057,5
3814,2024-01-01,0.1722622553598168,3
3091,2024-01-31,0.09323751669498401,6
4137,2024-01-01,0.2885752395168827,2
3849,2024-04-30,0.20257124905625318,2
9340,2024-04-30,0.3109876266500133,1
1948,2024-03-01,0.12341600972548483,5
1710,2024-01-01,0.05598739540807282,9
4403,2024-01-01,0.12596488496110977,5
9919,2024-03-01,0.40705806175634307,1
26,2024-05-30,0.08682579295735283,7
6345,2024-01-31,0.1814727037624461,3
1150,2024-05-30,0.07649634628722063,7
3332,2024-03-01,0.06519857047966005,8
2809,2024-05-30,0.05518920940956695,9
1525,2024-05-30,0.07271940153944494,8
9204,2024-01-01,0.07670430399578672,7
1151,2024-03-01,0.05446352839903587,9
4697,2024-04-30,0.05855849230822921,9
3168,2024-01-31,0.06551168210301131,8
2160,2024-03-31,0.5090723836532358,1
8738,2024-04-30,0.07290010227618705,8
6679,2024-01-01,0.10032809431772019,6
8945,2024-01-31,0.47188797854747006,1
4557,2024-03-31,0.03177830281646314,10
6634,2024-01-01,0.3430759154186074,1
1766,2024-01-01,0.03317569883792456,10
7758,2024-01-31,0.07912941833899198,7
6762,2024-03-01,0.15316522042008932,4
4141,2024-05-30,0.15099750904212347,4
7374,2024-05-30,0.14878850001158145,4
4887,2024-05-30,0.10717938626181818,5
6615,2024-01-31,0.16915666355494371,3
503,2024-01-01,0.09389962472912378,6
7733,2024-05-30,0.07910210614819105,7
3227,2024-01-01,0.0885486332250911,7
930,2024-01-31,0.10289309312351697,6
2613,2024-03-31,0.1530691754493376,4
4061,2024-05-30,0.0858747915025124,7
1724,2024-01-31,0.36451187261433604,1
3120,2024-04-30,0.18693005525005252,3
1569,2024-05-30,0.5759977557568116,1
2608,2024-03-31,0.12403903532098216,5
6124,2024-05-30,0.49836741720907796,1
2254,2024-01-31,0.3688233800745468,1
851,2024-03-01,0.028623270184969,10
4454,2024-01-31,0.07837835962351246,7
3700,2024-05-30,0.10477877372908208,6
4477,2024-01-01,0.06196710865462674,9
3917,2024-04-30,0.23821495539559717,2
3307,2024-03-31,0.06496423878692541,8
8193,2024-04-30,0.040340125328965463,10
5698,2024-01-31,0.1012329689558542,6
7378,2024-05-30,0.4393709180072899,1
9860,2024-03-01,0.05551582110853777,9
6706,2024-01-31,0.04512335322042447,10
80,2024-01-31,0.10817204332087264,5
8533,2024-03-01,0.30528505798787064,1
5571,2024-04-30,0.25442939773152606,2
9813,2024-03-01,0.16270411566464862,3
5357,2024-03-31,0.19440297352779054,3
9573,2024-04-30,0.1313480624370744,4
1690,2024-04-30,0.13970523526426226,4
4523,2024-03-31,0.060031547348073096,9
6041,2024-04-30,0.043257948100593024,10
8431,2024-04-30,0.10593820299823126,5
7603,2024-01-31,0.07561601183447508,8
6718,2024-03-31,0.07929548987524249,7
5454,2024-05-30,0.15484547414655445,4
1954,2024-05-30,0.042529315887886,10
8969,2024-01-01,0.24796628689116945,2
6543,2024-05-30,0.2619056217449337,2
2433,2024-03-01,0.08483436621298661,7
2347,2024-03-31,0.9625976345870115,1
538,2024-01-01,0.6560104917367813,1
3830,2024-05-30,0.32152093912195034,1
3286,2024-05-30,0.05858695993930641,9
7071,2024-01-31,0.2683007725944975,2
9764,2024-04-30,0.11349028578005285,5
8311,2024-01-01,0.11952629114155673,5
7326,2024-01-31,0.09716003773217141,6
6825,2024-01-31,0.12576789663754176,5
8595,2024-04-30,0.12169228004566673,5
6107,2024-05-30,0.08384133892150686,7
145,2024-01-31,0.0927850328565237,6
7971,2024-04-30,0.08091367704022732,7
871,2024-05-30,0.063316196833693,9
8329,2024-01-31,0.03488947605217072,10
9458,2024-03-31,0.09145509251953822,6
9343,2024-01-01,0.21082031155297115,2
8439,2024-03-01,0.07456587994481517,8
399,2024-03-31,0.13176589373569786,4
2556,2024-03-01,0.08240840773167285,7
5479,2024-01-01,0.3193041778420228,1
4501,2024-03-01,0.07190986987153025,8
9576,2024-03-01,0.18883499656779093,3
5637,2024-01-01,0.15377276690630282,4
5169,2024-03-31,0.04832410053472309,10
6503,2024-03-01,0.036864578564133846,10
5770,2024-01-01,0.2826043488876035,2
6434,2024-03-01,0.14541360710013865,4
446,2024-03-01,0.22823860666209833,2
1918,2024-04-30,0.08433222100348856,7
4409,2024-01-31,0.08769494911951177,7
4658,2024-01-31,0.058517975346216625,9
7105,2024-03-31,0.14410404708091307,4
4928,2024-01-31,0.09226808007268986,6
5299,2024-03-01,0.07948550194457558,7
350,2024-01-31,0.07686935774099929,7
3907,2024-05-30,0.13698239672611603,4
4980,2024-04-30,0.2748469066719067,2
9083,2024-05-30,0.043732181705001504,10
8732,2024-01-31,0.1571535180645749,3
5288,2024-04-30,0.0775597704240766,7
6555,2024-05-30,0.3057301812137272,1
4400,2024-01-01,0.19331656717512896,3
3656,2024-01-01,0.04274641436268361,10
830,2024-03-01,0.06037050658801616,9
528,2024-05-30,0.2008225297331901,3
2741,2024-01-01,0.37632324507781656,1
212,2024-05-30,0.13209666118942148,4
5203,2024-03-01,0.32780188339572536,1
7638,2024-04-30,0.29283788608373484,2
7564,2024-03-01,0.261261923304599,2
8817,2024-03-31,0.26671167260286754,2
196,2024-01-01,0.18657275657639308,3
8901,2024-03-31,0.13361595143546118,4
4882,2024-01-01,0.07888435668599911,7
5238,2024-03-01,0.04005425697860097,10
9428,2024-03-31,0.10891696768770151,5
1625,2024-01-31,0.14611681137150237,4
3687,2024-01-01,0.09675133445697459,6
6647,2024-03-01,0.12548506471935006,5
2887,2024-05-30,0.1641046201780223,3
7151,2024-01-01,0.20938176861833077,2
2059,2024-05-30,0.08913402059434347,7
243,2024-05-30,0.18434179296768763,3
5021,2024-01-31,0.4626622425562613,1
1108,2024-01-31,0.07568961032011336,8
7993,2024-03-31,0.07770121567229414,7
8975,2024-01-01,0.061096164177613016,9
323,2024-01-31,0.061387878048818,9
8551,2024-01-31,0.13557576635261612,4
4117,2024-04-30,0.05629515946959067,9
8832,2024-03-01,0.12351760987081889,5
7471,2024-04-30,0.029754361922885494,10
4310,2024-01-31,0.13676538459310592,4
7926,2024-03-31,0.118867131753252,5
4058,2024-05-30,0.6201946615055824,1
5600,2024-03-31,0.08468894265291069,7
6476,2024-03-01,0.038796075957006446,10
3588,2024-03-01,0.08527823169172825,7
6495,2024-01-31,0.09063310495099487,6
3603,2024-01-01,0.10435073976650602,6
4822,2024-03-01,0.6076966089058973,1
7714,2024-05-30,0.5514178210435489,1
4477,2024-01-31,0.054471933001416416,9
8962,2024-03-31,0.06971396486415836,8
7281,2024-03-31,0.16202113795970727,3
2487,2024-04-30,0.12374141464947382,5
8813,2024-05-30,0.17907685027528975,3
8257,2024-01-31,0.048477491139793265,10
1313,2024-01-01,0.059444276792571145,9
5528,2024-03-31,0.2384634703434705,2
7183,2024-03-01,0.0652609457978531,8
3658,2024-04-30,0.1267914651951391,5
9392,2024-03-31,0.06193737989619427,9
145,2024-03-31,0.10592288188724056,6
2703,2024-05-30,0.16764096912582446,3
9650,2024-05-30,0.07854491355637105,7
6460,2024-05-30,0.06506090337307903,8
2132,2024-05-30,0.22700937168140223,2
7135,2024-01-01,0.8105329510071446,1
1913,2024-01-31,0.0772092932519379,7
3031,2024-01-01,0.04701840482359059,10
265,2024-01-31,0.1593916108864577,3
2291,2024-01-01,0.11450456612459932,5
1539,2024-05-30,0.06715411184679099,8
5194,2024-04-30,0.12013742443817765,5
5928,2024-03-01,0.09576823975646931,6
9301,2024-05-30,0.06976515364122868,8
7594,2024-05-30,0.14119352557611617,4
3410,2024-05-30,0.06328432568642052,9
6945,2024-01-01,0.12699870213721515,5
748,2024-01-01,0.12777217532586452,4
7131,2024-03-31,0.03359813552760394,10
799,2024-01-01,0.09570910153019663,6
2442,2024-05-30,0.11587975050496559,5
404,2024-05-30,0.5181124415649433,1
4823,2024-05-30,0.09414524456232658,6
7025,2024-01-01,0.09252604641893933,6
942,2024-01-01,0.10156043970489465,6
9924,2024-01-01,0.2764010069347982,2
6693,2024-05-30,0.09003108044474006,6
237,2024-01-01,0.038667346029917664,10
9630,2024-01-01,0.10997194216980166,5
9519,2024-04-30,0.1572255554187257,3
4261,2024-03-31,0.11690374876238654,5
3035,2024-01-01,0.2668316925677421,2
6827,2024-01-01,0.073510652721275,8
3789,2024-01-31,0.04251236095777238,10
6141,2024-03-01,0.24246091264920422,2
6866,2024-04-30,0.2675316694344664,2
5919,2024-03-31,0.3735001754238453,1
8712,2024-03-01,0.10255614479360375,6
4558,2024-03-01,0.023329315136438076,10
7141,2024-04-30,0.15753691270991152,3
4070,2024-03-31,0.04106413165285138,10
7480,2024-05-30,0.26237782082096084,2
3921,2024-01-01,0.05748249255810134,9
8168,2024-03-31,0.5412253699704939,1
357,2024-01-01,0.10901720999251038,5
5913,2024-01-31,0.1258539493842269,5
4552,2024-04-30,0.10078937362299481,6
1655,2024-03-01,0.06744162806967227,8
5635,2024-01-01,0.129608342660501,4
5060,2024-03-01,0.1496107934568693,4
7120,2024-01-01,0.07457060615053991,8
3362,2024-03-01,0.1004678329144807,6
2070,2024-05-30,0.10861105448018407,5
2750,2024-05-30,0.07546384102906467,8
1642,2024-01-31,0.1280491623256906,4
5050,2024-05-30,0.24209713384528966,2
8082,2024-05-30,0.150678678125643,4
5024,2024-04-30,0.09836671218162847,6
419,2024-04-30,0.25264773288968223,2
2117,2024-05-30,0.09741056939587973,6
4953,2024-05-30,0.18652111885763473,3
7628,2024-01-31,0.059860184159610204,9
2290,2024-03-01,0.15313989349884435,4
9003,2024-05-30,0.06729299027767656,8
8883,2024-01-01,0.1670972977058257,3
3381,2024-03-31,0.08745934486710258,7
6804,2024-04-30,0.03958514827183351,10
7461,2024-01-01,0.1255339595551822,5
2723,2024-05-30,0.05417190918117669,9
874,2024-03-01,0.08007119570552268,7
233,2024-03-31,0.03874729532842206,10
9371,2024-05-30,0.12247153386845605,5
3090,2024-03-31,0.07245486586561141,8
1476,2024-03-01,0.8261509199420218,1
6266,2024-01-31,0.20514136863218077,2
9946,2024-03-01,0.07109328713802297,8
6800,2024-05-30,0.14750104155460214,4
908,2024-03-01,0.0550379542596584,9
551,2024-01-01,0.06851662356562258,8
8200,2024-03-31,0.06545040641166114,8
97,2024-05-30,0.24439508368711388,2
7771,2024-01-31,0.40909964002277993,1
8450,2024-01-01,0.14454100082743015,4
9710,2024-05-30,0.12611523698564764,5
1656,2024-03-31,0.09303052791114753,6
9892,2024-01-31,0.19748397808493742,3
5625,2024-03-01,0.13267913588476726,4
8535,2024-04-30,0.08617657075729461,7
4004,2024-04-30,0.07049044012269347,8
8399,2024-01-01,0.1709527859945318,3
5177,2024-04-30,0.14198524050181788,4
9484,2024-05-30,0.037778324641026935,10
359,2024-01-31,0.1409353627107546,4
9418,2024-04-30,0.054771998489435314,9
66,2024-01-01,0.2655190548188776,2
4159,2024-05-30,0.21583645592255055,2
9579,2024-01-01,0.27387203468977245,2
1457,2024-03-01,0.12049269600742886,5
2148,2024-01-01,0.29264699686612117,2
9180,2024-05-30,0.764876209976106,1
7603,2024-03-31,0.09156356747500025,6
5634,2024-04-30,0.11207316406854073,5
4318,2024-01-01,0.268431110493254,2
7140,2024-03-31,0.4014948961664144,1
239,2024-01-31,0.39662922937266776,1
9267,2024-05-30,0.1569110383450427,3
6202,2024-01-01,0.14361089610067307,4
3465,2024-03-01,0.1320680543660725,4
910,2024-03-01,0.07347755089272179,8
2833,2024-04-30,0.03430350822977501,10
7153,2024-03-01,0.10409356991663059,6
4673,2024-04-30,0.1247944250441253,5
3871,2024-01-01,0.11423246392687171,5
9279,2024-05-30,0.5208648022852633,1
1200,2024-01-31,0.05840336774054523,9
2995,2024-03-31,0.03848114913627228,10
3925,2024-03-31,0.058063245203919346,9
6688,2024-04-30,0.09438138153751856,6
3894,2024-05-30,0.03042226377644267,10
1016,2024-03-31,0.17209117352829967,3
4425,2024-05-30,0.33332196957109966,1
3363,2024-04-30,0.04032060432419109,10
9420,2024-01-01,0.07663466469835459,7
7724,2024-01-31,0.09280573400918976,6
4823,2024-04-30,0.11922141390141446,5
2949,2024-04-30,0.07718260300021,7
1173,2024-04-30,0.1034125256978746,6
7413,2024-01-01,0.11720327934010956,5
9583,2024-05-30,0.10034800808183772,6
3697,2024-01-31,0.05587734261734602,9
1205,2024-01-31,0.15188851916261703,4
2345,2024-03-01,0.07104750748763898,8
967,2024-03-01,0.03721334715847937,10
3526,2024-01-31,0.13925370836462042,4
521,2024-03-01,0.13642934842149396,4
7327,2024-04-30,0.07835520109092388,7
2319,2024-01-01,0.14579119841765056,4
9053,2024-05-30,0.1807171335312539,3
5162,2024-03-31,0.6247207192201016,1
3411,2024-03-01,0.054086625050563795,9
5517,2024-04-30,0.08182071412532964,7
7506,2024-05-30,0.07882316656210413,7
6363,2024-04-30,0.061223834884922355,9
1950,2024-05-30,0.09276528816109464,6
8523,2024-03-01,0.06562634932777386,8
1037,2024-01-01,0.03921653184763936,10
3151,2024-05-30,0.07889652192069256,7
3543,2024-03-01,0.08936831039395163,7
8634,2024-03-31,0.04153173285530461,10
8827,2024-04-30,0.2575912311082725,2
5433,2024-03-01,0.09368264814407212,6
2576,2024-04-30,0.12241116258532402,5
1166,2024-03-01,0.06691478824829535,8
4367,2024-04-30,0.03410452112414808,10
3906,2024-03-31,0.3600562453526264,1
7910,2024-03-01,0.09472109105422936,6
789,2024-05-30,0.11092100303151349,5
5084,2024-04-30,0.31379407968105966,1
7523,2024-01-01,0.10038829326721739,6
741,2024-01-31,0.043824846509309776,10
8848,2024-01-31,0.163407520454066,3
4499,2024-01-31,0.10617237434476594,5
2892,2024-01-01,0.10265103075555383,6
3095,2024-05-30,0.06893904251455303,8
5481,2024-03-01,0.3775443660621145,1
3194,2024-03-31,0.1337657190183106,4
7272,2024-04-30,0.17868159467262396,3
4956,2024-03-31,0.10822424023599814,5
6664,2024-03-01,0.05585179099400741,9
800,2024-01-31,0.060301223018931135,9
6787,2024-01-01,0.14765342278852944,4
2556,2024-03-31,0.3063600155187608,1
710,2024-03-01,0.09285939854232285,6
1674,2024-01-01,0.07604466678273474,8
7783,2024-01-31,0.05062034620018238,9
406,2024-04-30,0.09612312720798541,6
133,2024-05-30,0.06616795667241505,8
3939,2024-01-31,0.03579692140676309,10
7909,2024-04-30,0.2251837259819136,2
3276,2024-05-30,0.08239941926131258,7
5140,2024-01-01,0.11890904882575759,5
2872,2024-01-01,0.16193253162342705,3
6161,2024-01-31,0.10105452196549264,6
4373,2024-01-01,0.07352941809084867,8
1715,2024-04-30,0.04280439283794121,10
1326,2024-04-30,0.09059392129462221,6
1409,2024-01-01,0.18679364239834997,3
8087,2024-03-01,0.36560038434951103,1
9928,2024-03-31,0.33865321806309434,1
4147,2024-03-01,0.13258067570520732,4
3462,2024-03-01,0.06478978552153851,8
8408,2024-03-31,0.19751673882252166,3
2037,2024-01-01,0.0845209758595954,7
5171,2024-04-30,0.033439455719433596,10
6255,2024-05-30,0.19066500364812353,3
1820,2024-05-30,0.11914783486248838,5
3361,2024-05-30,0.5404428000861492,1
4249,2024-04-30,0.11270046333276437,5
8743,2024-01-01,0.148383189268206,4
3926,2024-01-31,0.2127984944264796,2
1285,2024-01-01,0.07087481215227102,8
1012,2024-03-31,0.5773639381446157,1
7959,2024-05-30,0.10258834607196463,6
2385,2024-03-31,0.20743309238864913,2
7115,2024-01-01,0.12345665531356483,5
1446,2024-03-01,0.2091321300373793,2
8102,2024-05-30,0.1260724852505339,5
3187,2024-01-31,0.11118635788782111,5
2025,2024-05-30,0.10957128433861524,5
711,2024-04-30,0.18179719315140097,3
1411,2024-03-01,0.17267349737416907,3
808,2024-05-30,0.08012905577158268,7
7796,2024-01-01,0.0815640812766466,7
7039,2024-05-30,0.19204688842338563,3
3377,2024-03-31,0.08684296829034298,7
988,2024-03-31,0.042588933344039924,10
1057,2024-04-30,0.13071271381711255,4
6069,2024-03-31,0.11086814044814684,5
3626,2024-04-30,0.2531525069043904,2
7850,2024-01-01,0.1812489609980539,3
4917,2024-04-30,0.11456855042732914,5
7890,2024-03-31,0.13625752602706123,4
8579,2024-04-30,0.2328648405546452,2
236,2024-03-01,0.31260419523854777,1
7488,2024-04-30,0.11513799220503304,5
3420,2024-03-31,0.07357898070287332,8
4473,2024-03-31,0.31756801955992847,1
8383,2024-01-01,0.12827645823626735,4
143,2024-03-31,0.061495259846586034,9
4302,2024-01-01,0.6742797760811502,1
7964,2024-03-01,0.42655520846355377,1
6710,2024-03-31,0.1406068268879234,4
3217,2024-04-30,0.15244389966048008,4
3995,2024-01-31,0.12314296117330044,5
4636,2024-03-01,0.06929361886773523,8
7025,2024-03-01,0.0820554211100399,7
6813,2024-03-01,0.24735088598420943,2
8793,2024-01-31,0.07935914883797623,7
1278,2024-03-31,0.10845012496741764,5
4605,2024-04-30,0.10106109920539552,6
8928,2024-01-01,0.054360661152592915,9
4593,2024-05-30,0.05044729692532514,9
4147,2024-05-30,0.11948794834525772,5
3783,2024-04-30,0.8320255401427128,1
1981,2024-01-01,0.1269793343463704,5
3756,2024-01-01,0.07774307643267893,7
3186,2024-05-30,0.22313924431171905,2
9584,2024-04-30,0.1084386207135183,5
6247,2024-03-01,0.1280726791870075,4
4945,2024-01-31,0.041221944853833924,10
7251,2024-05-30,0.05815500776470675,9
4838,2024-05-30,0.3045808199239143,1
2271,2024-01-31,0.2820671019746744,2
270,2024-01-31,0.06504090604293898,8
8628,2024-01-31,0.11758800873364288,5
7884,2024-04-30,0.1306356453635959,4
4456,2024-03-31,0.06054577399073988,9
15,2024-05-30,0.15441096774070429,4
2216,2024-03-01,0.5611384098831614,1
150,2024-01-31,0.19584755192348646,3
6530,2024-01-31,0.2339930541978209,2
2096,2024-03-31,0.10323206201103474,6
7209,2024-05-30,0.12348726882648343,5
1779,2024-05-30,0.6610834238416985,1
6909,2024-03-31,0.10553835772310417,6
4003,2024-03-31,0.18483105476835887,3
4730,2024-05-30,0.14193518382770257,4
7822,2024-01-31,0.24811236102821138,2
2316,2024-04-30,0.09132161079432742,6
7981,2024-03-31,0.13345349697924183,4
7464,2024-05-30,0.10527734376419895,6
1338,2024-05-30,0.0827962972886451,7
2047,2024-03-01,0.32038677329140897,1
8235,2024-03-01,0.12278143910617383,5
9612,2024-05-30,0.06138315688198336,9
3756,2024-03-31,0.07245960780235208,8
9538,2024-01-31,0.08500730011975695,7
8407,2024-04-30,0.04971725053304856,10
7467,2024-01-31,0.08546098711139646,7
624,2024-01-01,0.20045952124658345,3
7019,2024-03-31,0.0995894898158506,6
2421,2024-05-30,0.12576511119526426,5
7725,2024-01-01,0.1335290655690863,4
8768,2024-03-01,0.045944953784759705,10
1231,2024-01-31,0.07386627451391456,8
8987,2024-01-01,0.17507117209303638,3
2392,2024-04-30,0.2645768382495649,2
2022,2024-03-01,0.2920703725795378,2
3607,2024-01-01,0.044852353543812624,10
1438,2024-03-31,0.06698203107519647,8
8328,2024-01-31,0.2881048866272932,2
9568,2024-01-01,0.09140639257470179,6
4235,2024-04-30,0.3217999427621043,1
917,2024-03-31,0.45317029617869836,1
7749,2024-01-31,0.2161758321443889,2
112,2024-05-30,0.15434594432824134,4
3471,2024-01-31,0.336867670215592,1
58,2024-04-30,0.17673419636776413,3
3027,2024-04-30,0.06597457804436929,8
2270,2024-05-30,0.46622563552326624,1
1566,2024-01-01,0.10520792568713852,6
9713,2024-01-01,0.07021910023145,8
1355,2024-03-31,0.03973633798871803,10
6890,2024-01-01,0.10438208326667676,6
7832,2024-03-01,0.10738280416916147,5
8085,2024-03-01,0.16864734291981007,3
9963,2024-04-30,0.22973190992529058,2
2276,2024-04-30,0.15844502180147807,3
3370,2024-03-01,0.6821680678683524,1
6833,2024-01-01,0.0787601572179746,7
1114,2024-01-01,0.15244438161358947,4
4426,2024-03-01,0.12506855333448846,5
8442,2024-01-31,0.18054972574136943,3
9843,2024-05-30,0.10286528969291861,6
1135,2024-04-30,0.13020208860268337,4
6385,2024-01-31,0.4994131152492346,1
1934,2024-01-31,0.04281738865690491,10
9512,2024-03-01,0.10213189114232413,6
4767,2024-03-31,0.08827315366871073,7
8522,2024-01-01,0.05027706232989889,9
2848,2024-03-01,0.3537296471491515,1
3328,2024-03-31,0.20388627365678771,2
3170,2024-03-01,0.05194096424026517,9
5532,2024-01-01,0.0898432547260589,7
9436,2024-04-30,0.03345943872205792,10
6727,2024-03-31,0.11092762873304651,5
7410,2024-01-31,0.07088630500042979,8
5477,2024-01-01,0.20557524035691319,2
900,2024-01-01,0.14344864583626096,4
1778,2024-05-30,0.12536429161613277,5
3494,2024-05-30,0.1828174704794187,3
9684,2024-05-30,0.1321664564608058,4
1658,2024-03-01,0.10633698337489435,5
5856,2024-05-30,0.37246500879223704,1
9262,2024-03-01,0.12883726247068747,4
5726,2024-01-01,0.14445560329535453,4
6519,2024-01-01,0.20755242268682206,2
7989,2024-01-01,0.11581456651011786,5
8812,2024-03-31,0.12271692686832787,5
6312,2024-01-31,0.08528165373201288,7
4554,2024-03-31,0.1339493761177193,4
3419,2024-04-30,0.16720009128015761,3
1188,2024-03-31,0.12858559559145763,4
8543,2024-03-31,0.08146117130182179,7
9644,2024-04-30,0.1433005214626694,4
5646,2024-03-01,0.33909213028700796,1
3054,2024-01-01,0.20941997676358917,2
143,2024-01-31,0.06380156265134304,8
4981,2024-05-30,0.10786020735299089,5
1047,2024-03-01,0.043602858605025364,10
3351,2024-01-31,0.12863341440995052,4
2888,2024-01-31,0.08515075620519293,7
6391,2024-01-01,0.2570742149398805,2
7766,2024-04-30,0.20916242843159763,2
4865,2024-01-01,0.1223869233660712,5
6778,2024-05-30,0.05860967633553255,9
7181,2024-03-31,0.4007860819236919,1
7543,2024-05-30,0.09286532134891122,6
8669,2024-04-30,0.2330566664060705,2
4813,2024-05-30,0.13323818300185775,4
8255,2024-01-01,0.06240990848006735,9
1059,2024-04-30,0.07989455629663814,7
1463,2024-01-31,0.05640544848691191,9
1827,2024-04-30,0.0969632885434457,6
8833,2024-03-01,0.05589094102728494,9
8782,2024-03-01,0.09667741182684264,6
6781,2024-04-30,0.05947199054264577,9
1650,2024-04-30,0.09826314058285288,6
1483,2024-03-01,0.07576252904123418,8
6774,2024-03-01,0.6139250011305308,1
4782,2024-03-01,0.07231054804706805,8
7733,2024-04-30,0.1113204647888065,5
2700,2024-04-30,0.0592161520255959,9
9352,2024-01-31,0.28284989622686324,2
3013,2024-03-01,0.4016816324878888,1
4253,2024-03-01,0.5027853874156473,1
1995,2024-01-31,0.1235390336013819,5
9451,2024-01-01,0.08572944269168516,7
9855,2024-05-30,0.09357546041943884,6
9267,2024-03-31,0.11330626441834316,5
2039,2024-03-01,0.07886731830260434,7
5762,2024-01-31,0.10016060654582276,6
7800,2024-01-31,0.0711304283192354,8
3849,2024-01-31,0.10614143496177768,5
3541,2024-03-01,0.024465254833748923,10
7969,2024-03-01,0.3812855690705585,1
7274,2024-05-30,0.07532242003960316,8
8224,2024-05-30,0.08367238447284718,7
8065,2024-05-30,0.17010896711301066,3
7956,2024-01-01,0.060108648041987955,9
2390,2024-03-01,0.1887938708436,3
5843,2024-03-01,0.05119589911837842,9
6594,2024-01-31,0.07442685349460448,8
80,2024-03-31,0.08336191541842981,7
717,2024-03-31,0.07804384187393446,7
2109,2024-01-01,0.12879909024455516,4
7659,2024-05-30,0.05259715709600732,9
3796,2024-03-01,0.0919525304700547,6
2006,2024-03-31,0.05215865010901548,9
6941,2024-03-01,0.08095597187982354,7
581,2024-03-31,0.7011984949352976,1
7227,2024-01-31,0.052505157348990715,9
4495,2024-03-01,0.13164373478905383,4
8801,2024-04-30,0.038691040087865856,10
7536,2024-01-31,0.04828801425120636,10
8079,2024-01-31,0.048402254865176735,10
8571,2024-03-01,0.11645873686418501,5
6543,2024-01-31,0.19340426659288856,3
1411,2024-05-30,0.12091312487718574,5
9154,2024-03-31,0.13403839510770357,4
5006,2024-03-01,0.08370546351199974,7
5796,2024-03-01,0.12484144648867851,5
1463,2024-05-30,0.047890758185155584,10
6602,2024-03-31,0.055817581662385166,9
3529,2024-04-30,0.0554279492201097,9
2907,2024-01-31,0.17584142375171896,3
8941,2024-03-01,0.08184910618553887,7
3205,2024-01-01,0.749639027319274,1
3332,2024-05-30,0.06051575207935102,9
429,2024-01-31,0.12144951547283099,5
2175,2024-01-31,0.16944298149481268,3
6246,2024-04-30,0.0881878677071334,7
5209,2024-04-30,0.6593577220535927,1
8526,2024-04-30,0.08509452537585908,7
3436,2024-05-30,0.04071579321765665,10
5254,2024-05-30,0.17159006951357422,3
5059,2024-03-31,0.12139489757372177,5
9523,2024-01-31,0.04797405931323965,10
2121,2024-03-01,0.17474448567482548,3
7189,2024-03-01,0.039660108993338855,10
730,2024-01-01,0.07227589969097262,8
4095,2024-03-31,0.0710607427598674,8
7228,2024-03-01,0.06465351834999565,8
67,2024-03-31,0.24330382011315,2
2807,2024-05-30,0.12833871284538226,4
9287,2024-03-01,0.10366522460306837,6
3103,2024-03-01,0.20033077679011865,3
7837,2024-01-31,0.39423152379369475,1
6359,2024-04-30,0.06015656038807847,9
646,2024-01-31,0.10935303629745279,5
3963,2024-03-01,0.04915200618496754,10
5316,2024-01-01,0.0703801755316455,8
9354,2024-04-30,0.48236231637284416,1
4231,2024-03-01,0.07994698586063073,7
2730,2024-03-31,0.13068338847424574,4
3473,2024-01-31,0.0825561287270361,7
7532,2024-01-01,0.974185939249896,1
5530,2024-05-30,0.08559458469439099,7
2218,2024-03-01,0.0711856344113921,8
8152,2024-03-01,0.12456051564735625,5
6797,2024-01-01,0.17371312262358762,3
5613,2024-05-30,0.02497154705009849,10
2996,2024-04-30,0.07735777913042603,7
6757,2024-01-01,0.074001340613901,8
5279,2024-01-31,0.06268931748946371,9
6882,2024-01-01,0.11052876577473578,5
1705,2024-05-30,0.06981987000570691,8
3846,2024-01-01,0.03568039469311151,10
8703,2024-01-31,0.07612471561501305,8
578,2024-05-30,0.09326170744565973,6
9689,2024-01-31,0.44785712171060105,1
1406,2024-05-30,0.19417675533665055,3
8373,2024-01-01,0.09728385417549348,6
1011,2024-03-01,0.04192799653998476,10
7735,2024-04-30,0.6697026984833994,1
8522,2024-03-01,0.05214236352790885,9
4504,2024-04-30,0.14397125244165282,4
3977,2024-03-31,0.17751543541722467,3
6709,2024-04-30,0.05771791363217104,9
2524,2024-01-01,0.0684992431609839,8
6900,2024-03-31,0.18279526087980325,3
5420,2024-03-31,0.10691441617684072,5
8690,2024-04-30,0.741615908562786,1
5195,2024-05-30,0.12852742812917275,4
2621,2024-01-31,0.08403410358205018,7
2891,2024-03-31,0.0441109323622897,10
7782,2024-03-31,0.07539811304281024,8
1521,2024-05-30,0.07791020509132775,7
5578,2024-03-31,0.21430461882734267,2
4681,2024-01-01,0.10824787180791655,5
7391,2024-05-30,0.13008903157971072,4
2685,2024-05-30,0.05105005126500088,9
1347,2024-03-01,0.07300659966954122,8
7968,2024-03-01,0.14735847818142866,4
7742,2024-03-31,0.5323555797279876,1
5561,2024-01-31,0.22203918564488279,2
4032,2024-05-30,0.0590067417350649,9
3499,2024-01-31,0.4886567919876168,1
645,2024-03-31,0.054325139905552024,9
6260,2024-03-31,0.09346621189142668,6
8266,2024-05-30,0.35284704276597617,1
3844,2024-01-01,0.07602205143600185,8
7448,2024-03-31,0.10459890699569582,6
4134,2024-04-30,0.07081409069043697,8
7548,2024-01-31,0.29041876872610795,2
6973,2024-03-31,0.10616878286446359,5
7731,2024-01-01,0.06463736434056709,8
2353,2024-04-30,0.07839590735472039,7
9010,2024-05-30,0.1525051630665057,4
1202,2024-01-01,0.17813445085502447,3
5712,2024-01-01,0.1149818310569417,5
4390,2024-03-01,0.2226805397317786,2
8285,2024-05-30,0.2608443771673809,2
76,2024-03-01,0.19435325335001732,3
753,2024-05-30,0.25844122910705675,2
6561,2024-03-31,0.28072469433339564,2
7401,2024-03-01,0.043466306196363456,10
1613,2024-01-31,0.1680088918517383,3
2533,2024-03-01,0.03858922821725232,10
108,2024-03-31,0.4006619822776426,1
6156,2024-01-31,0.05630462234401053,9
4588,2024-01-31,0.04825034362016127,10
2495,2024-05-30,0.0975586867965492,6
7474,2024-05-30,0.14534084724123023,4
2322,2024-01-01,0.30257317997846367,1
6063,2024-01-01,0.13614817861425652,4
4,2024-04-30,0.054877026129585824,9
5003,2024-01-01,0.10780654244788435,5
2592,2024-04-30,0.039696310413302,10
326,2024-01-01,0.05832734850143185,9
7987,2024-03-31,0.06967888507076725,8
1724,2024-04-30,0.3829429838056504,1
8429,2024-03-01,0.0845868791768905,7
2544,2024-05-30,0.2930918734137239,2
8546,2024-05-30,0.08549629696912903,7
8621,2024-05-30,0.09033234569797041,6
5891,2024-01-31,0.10109924280841229,6
3273,2024-05-30,0.4045579391172023,1
384,2024-01-31,0.07127292229298396,8
4054,2024-01-01,0.1022229215164316,6
966,2024-03-01,0.07119828896683587,8
6148,2024-05-30,0.02938939261037903,10
9749,2024-04-30,0.08988238234159866,7
2444,2024-01-31,0.052571174938641815,9
8765,2024-04-30,0.13997037546666177,4
7209,2024-04-30,0.21854976586651878,2
9355,2024-01-31,0.5678086372277406,1
5896,2024-04-30,0.06922895471625777,8
1025,2024-03-31,0.0807986536608971,7
9919,2024-05-30,0.2983182050689497,1
6435,2024-01-31,0.14922521220739465,4
3573,2024-03-01,0.09077441967395489,6
8930,2024-04-30,0.273759565089478,2
8073,2024-05-30,0.04536212873708667,10
9313,2024-03-31,0.05403586963621325,9
9972,2024-01-31,0.17736214909364997,3
5484,2024-03-31,0.11214008591713946,5
4961,2024-01-01,0.07156304913688953,8
1413,2024-03-01,0.8540973650599111,1
8146,2024-05-30,0.19876571226972992,3
6608,2024-01-31,0.06903006577921922,8
7430,2024-01-31,0.1566344804838126,3
810,2024-03-01,0.0451462517058596,10
2464,2024-01-01,0.08096120403265769,7
3335,2024-01-31,0.06930491985965842,8
8632,2024-03-31,0.1461625446387302,4
2432,2024-04-30,0.1556555845738957,3
7779,2024-05-30,0.05671266802323372,9
4727,2024-04-30,0.15550814552356446,3
3720,2024-03-31,0.0855119176122761,7
8256,2024-01-31,0.08924844516780564,7
2172,2024-01-31,0.107436318140016,5
9124,2024-03-31,0.3935901043152702,1
8584,2024-05-30,0.08529400529322889,7
6402,2024-05-30,0.26403615867994795,2
853,2024-01-01,0.8575778453613511,1
5718,2024-01-31,0.26135093000116205,2
9055,2024-01-01,0.19072521848548293,3
8237,2024-03-31,0.18042706346795725,3
5142,2024-01-01,0.054036296862801085,9
1456,2024-03-01,0.09616384027015887,6
490,2024-03-31,0.08094493362844211,7
3571,2024-05-30,0.1347164118243368,4
5534,2024-03-31,0.09653914973075288,6
4603,2024-01-01,0.09312473881487145,6
1010,2024-05-30,0.07083725992747779,8
7009,2024-05-30,0.20136554168441553,2
4198,2024-03-01,0.11653729431482622,5
5735,2024-04-30,0.09904235501637715,6
6159,2024-01-01,0.13676467568449346,4
6460,2024-03-01,0.12473778847632647,5
9314,2024-03-01,0.13712601596050153,4
9991,2024-04-30,0.1539871631684545,4
787,2024-01-01,0.028733426758200807,10
4978,2024-03-31,0.4711191244400523,1
8713,2024-05-30,0.06111929370664762,9
2749,2024-01-31,0.4502348176213434,1
4905,2024-04-30,0.477346971868309,1
2855,2024-03-31,0.07018635129616431,8
5734,2024-03-31,0.2436461355758432,2
113,2024-03-31,0.4725935509236438,1
4739,2024-01-31,0.04160403927948632,10
2673,2024-05-30,0.06509123709094317,8
1476,2024-01-01,0.9120292544577862,1
539,2024-01-01,0.06349191305939156,9
3035,2024-05-30,0.24806623347008355,2
8652,2024-03-31,0.038901920090593414,10
4258,2024-05-30,0.16006079806764165,3
3554,2024-01-01,0.05525568495878979,9
5363,2024-01-31,0.07699198592711062,7
3707,2024-01-31,0.08986542629566305,7
2193,2024-01-01,0.07942721050604531,7
9356,2024-03-01,0.6338792269532476,1
8213,2024-01-01,0.10057400562330963,6
5200,2024-05-30,0.08235534866768121,7
4444,2024-04-30,0.21294565843117816,2
8108,2024-01-31,0.048855798055615456,10
8538,2024-01-01,0.16014695383615277,3
6331,2024-04-30,0.0666738796460226,8
6262,2024-01-01,0.19814916393552978,3
3745,2024-03-01,0.11001458016653211,5
4195,2024-03-01,0.26046012863836915,2
3259,2024-01-01,0.2608567891864268,2
2189,2024-01-31,0.05864598047967986,9
5050,2024-04-30,0.05317287495477966,9
4011,2024-01-31,0.08570712271174309,7
5487,2024-01-01,0.07894737541712316,7
9942,2024-03-01,0.04617655267830193,10
8542,2024-03-31,0.06287721349315688,9
2610,2024-01-01,0.10375202131333905,6
2433,2024-04-30,0.07311826552109474,8
8571,2024-01-01,0.1347062662933734,4
1330,2024-04-30,0.06768408720148601,8
1285,2024-04-30,0.09107869249159982,6
7907,2024-03-01,0.10168270863533757,6
2004,2024-04-30,0.07577906724755877,8
8870,2024-03-31,0.093603499338226,6
2109,2024-04-30,0.07524853649108841,8
7719,2024-03-31,0.0945860440422093,6
3024,2024-01-01,0.16852002406821906,3
7347,2024-05-30,0.06790864767238097,8
539,2024-03-01,0.06145197736058915,9
3470,2024-04-30,0.06613426758223341,8
3437,2024-03-01,0.8286446519652806,1
3641,2024-04-30,0.09088064745775017,6
9142,2024-03-31,0.06812220577690992,8
6755,2024-01-01,0.10727296849799467,5
2482,2024-05-30,0.11084369197293367,5
6705,2024-03-31,0.10695489488925121,5
4533,2024-03-31,0.08736685690037654,7
3350,2024-03-31,0.08422240255053554,7
7618,2024-03-01,0.024315941615017184,10
2405,2024-03-31,0.06387032011526284,8
2336,2024-04-30,0.06653096696347394,8
5845,2024-01-31,0.09125959098304058,6
1834,2024-03-31,0.05882680462315109,9
7108,2024-03-31,0.0707876296968891,8
3362,2024-05-30,0.08689465912431224,7
5646,2024-01-31,0.3439760853964348,1
8037,2024-03-01,0.1331691194414606,4
4065,2024-03-31,0.05735599713771921,9
6144,2024-03-31,0.07048400080013639,8
5638,2024-04-30,0.04701767205468392,10
1792,2024-01-01,0.12826145895654142,4
1197,2024-04-30,0.3001505443912624,1
4927,2024-01-31,0.08429487543520899,7
9558,2024-04-30,0.6974113800627717,1
5690,2024-05-30,0.08139095061406756,7
9452,2024-01-31,0.10078287348797413,6
7423,2024-05-30,0.38757453322023133,1
7614,2024-03-01,0.10017172749858774,6
4738,2024-01-01,0.04697175117916521,10
5518,2024-05-30,0.08710255190123706,7
2968,2024-04-30,0.09178152283390109,6
2459,2024-03-01,0.10134665875570596,6
3618,2024-05-30,0.16796041334794615,3
9946,2024-03-31,0.11622395242064831,5
3118,2024-05-30,0.055420409839799276,9
2690,2024-03-31,0.1247261781618755,5
1100,2024-03-01,0.3772872194786847,1
2392,2024-05-30,0.9892527407783788,1
3340,2024-05-30,0.08022641021751972,7
111,2024-01-01,0.06597971464093869,8
4733,2024-04-30,0.0856634402371072,7
7648,2024-04-30,0.1331499638001427,4
5052,2024-05-30,0.12303389029318218,5
6777,2024-05-30,0.5737096082103553,1
373,2024-03-01,0.032012298735139916,10
3155,2024-03-31,0.06739896397394914,8
3300,2024-03-01,0.06431596299568221,8
9228,2024-01-31,0.058029183864831885,9
2875,2024-01-31,0.13304416623250567,4
4997,2024-01-01,0.14258973168453193,4
7178,2024-03-31,0.08253758035944246,7
8833,2024-03-31,0.06072671161703437,9
1027,2024-03-31,0.09136875555051485,6
2430,2024-03-01,0.21044582873126486,2
929,2024-01-01,0.11253223397338656,5
3183,2024-05-30,0.309467594352133,1
8531,2024-01-31,0.19037729383765495,3
8020,2024-03-31,0.03993699628171853,10
1572,2024-01-01,0.8778171930164618,1
9463,2024-01-01,0.05042205544215368,9
6550,2024-04-30,0.10173413349362566,6
3349,2024-03-31,0.12576449040962087,5
7332,2024-04-30,0.07905004177961873,7
2528,2024-01-31,0.12009814109953158,5
6188,2024-04-30,0.1277765318783633,4
9221,2024-04-30,0.07269519276966713,8
5225,2024-05-30,0.04550511371481976,10
9724,2024-04-30,0.07815450843494051,7
572,2024-04-30,0.12889234229866303,4
4408,2024-04-30,0.08815619851983426,7
737,2024-01-31,0.04949730100750236,10
1971,2024-03-31,0.16243707418224387,3
1623,2024-03-31,0.048875343815686076,10
5818,2024-03-31,0.2941059381740093,2
4460,2024-05-30,0.09234139192855399,6
305,2024-03-31,0.12605258498570723,5
5668,2024-04-30,0.07993363868417684,7
9801,2024-05-30,0.14281521921530388,4
1944,2024-04-30,0.14193347034763035,4
9428,2024-04-30,0.12801605859491696,4
6458,2024-04-30,0.08418692988951154,7
781,2024-01-31,0.04673964495693539,10
5397,2024-03-31,0.10912376549030713,5
9099,2024-01-01,0.07960947057339686,7
4396,2024-03-31,0.10259317047859097,6
133,2024-03-01,0.08984539774134231,7
9288,2024-01-01,0.21439090768747676,2
2924,2024-04-30,0.26564021046370334,2
2141,2024-01-01,0.07995150943123114,7
8254,2024-05-30,0.05736758680388939,9
9930,2024-05-30,0.2430904749615277,2
7534,2024-05-30,0.6313495053303071,1
4182,2024-05-30,0.42566762294251154,1
554,2024-01-01,0.24441765214600875,2
2741,2024-05-30,0.6237749128467567,1
1683,2024-01-31,0.2140292840111898,2
1491,2024-03-01,0.05698819425868579,9
9234,2024-01-01,0.09293172107440432,6
396,2024-03-01,0.09982430524997618,6
5477,2024-04-30,0.19885210909533957,3
1107,2024-03-31,0.0780593880070099,7
6472,2024-01-31,0.05712598257421486,9
1854,2024-04-30,0.05875135988708262,9
7431,2024-01-31,0.18404373657595186,3
2389,2024-01-31,0.24842552998498385,2
8209,2024-01-31,0.036000158603727614,10
8445,2024-04-30,0.04611666106345106,10
8005,2024-01-01,0.054512817702862953,9
780,2024-01-31,0.13725774025921952,4
885,2024-01-31,0.8890331377042627,1
4438,2024-03-01,0.8409435726980987,1
8635,2024-03-01,0.06899884998621447,8
7218,2024-05-30,0.12983411216426616,4
6851,2024-03-31,0.05141005735465039,9
2252,2024-04-30,0.1218888585231089,5
7507,2024-01-31,0.08435441244526473,7
8105,2024-04-30,0.048420044987177197,10
5910,2024-03-31,0.14249183689400174,4
9641,2024-04-30,0.03836939370649406,10
9155,2024-03-01,0.04223935492430184,10
4109,2024-03-01,0.22996982643028432,2
2285,2024-04-30,0.13619789890704725,4
3562,2024-05-30,0.21477070980787918,2
7522,2024-01-01,0.11782663859345521,5
2830,2024-04-30,0.07323714320127453,8
3850,2024-01-01,0.09546617978654509,6
1085,2024-03-01,0.05162849760682365,9
6752,2024-03-01,0.4122215458222077,1
8935,2024-03-01,0.07385059835203028,8
3503,2024-03-01,0.06402770183727147,8
2870,2024-03-01,0.11046666693268346,5
2278,2024-01-31,0.1570848757576638,3
7491,2024-05-30,0.23994309837212918,2
1822,2024-03-01,0.03989138533205471,10
6383,2024-01-31,0.19000402358469787,3
2094,2024-03-01,0.0994995864516487,6
5416,2024-03-31,0.0764252446182969,7
2395,2024-03-31,0.12691679646500953,5
2161,2024-01-01,0.20884636376481472,2
7052,2024-01-01,0.09511949386062353,6
4737,2024-05-30,0.09618659565350966,6
2744,2024-03-01,0.06662649370001718,8
1069,2024-04-30,0.10131166846746979,6
696,2024-03-31,0.11116990469716559,5
3691,2024-01-31,0.08581054160709325,7
4394,2024-01-31,0.07194811178894536,8
545,2024-05-30,0.057282682508961305,9
2769,2024-04-30,0.027803053333173344,10
7931,2024-03-31,0.09048213508668987,6
1932,2024-01-01,0.04268245123588807,10
130,2024-05-30,0.06919224823646052,8
9780,2024-01-31,0.17274847950018984,3
6718,2024-01-31,0.08091533998992363,7
492,2024-01-01,0.05442006692441572,9
2879,2024-01-01,0.08262362289593948,7
8469,2024-01-01,0.0639488413844038,8
4903,2024-03-31,0.05172111900080602,9
829,2024-03-01,0.06602274163138634,8
3499,2024-03-01,0.5205369195719731,1
398,2024-03-01,0.08067896724261371,7
9298,2024-03-01,0.17891319084623253,3
2056,2024-01-31,0.08961845992605841,7
4042,2024-01-31,0.09416915374133948,6
7851,2024-04-30,0.16682874343275475,3
7390,2024-04-30,0.062190357797271424,9
7488,2024-03-01,0.15051199007066765,4
4229,2024-04-30,0.10479759768099574,6
508,2024-01-31,0.060889841495996126,9
5651,2024-05-30,0.10100396444320868,6
6779,2024-01-31,0.04818988932563029,10
1781,2024-01-01,0.2918902818304866,2
6777,2024-04-30,0.09329575900786108,6
8798,2024-04-30,0.06665573655854994,8
668,2024-01-31,0.045881180855725186,10
5933,2024-04-30,0.281985121802378,2
7736,2024-05-30,0.05724969624649868,9
3189,2024-04-30,0.25382909474437637,2
3793,2024-04-30,0.21466995642063078,2
6756,2024-01-01,0.05695272610394698,9
9823,2024-03-01,0.12711126258204203,5
2721,2024-05-30,0.09136925317884365,6
8827,2024-03-31,0.18652337440397976,3
7319,2024-01-31,0.04083949976046183,10
8637,2024-03-01,0.17950186873967727,3
371,2024-03-31,0.07204335227334255,8
3280,2024-05-30,0.4410257825571644,1
3524,2024-04-30,0.1320006399399718,4
4653,2024-04-30,0.04661669750782653,10
2666,2024-03-31,0.1286012951659234,4
6233,2024-05-30,0.03519404464983726,10
8734,2024-01-31,0.08425844053070079,7
1391,2024-01-31,0.10313641467373204,6
1094,2024-03-31,0.0766140509451165,7
8839,2024-05-30,0.24525482875728996,2
7430,2024-01-01,0.11977388254018626,5
6481,2024-04-30,0.5002208397437565,1
8837,2024-03-31,0.07225897723916827,8
5705,2024-03-01,0.23295118353277106,2
6545,2024-01-01,0.07809597683634535,7
6350,2024-03-31,0.07779248654180372,7
5026,2024-05-30,0.20479218045698117,2
6626,2024-03-01,0.49310610896928697,1
5920,2024-03-31,0.13509047255961487,4
1218,2024-03-01,0.3170410515943159,1
9412,2024-01-31,0.05075646520547784,9
4406,2024-01-31,0.14016271770476307,4
487,2024-01-31,0.1289467981009078,4
9878,2024-03-31,0.3653774825402289,1
9061,2024-05-30,0.0692992223434864,8
1980,2024-01-01,0.05191075472801537,9
7482,2024-04-30,0.5747679277011863,1
3509,2024-01-01,0.04990985643078859,10
2136,2024-03-01,0.274798783427162,2
4828,2024-03-01,0.1269633089667175,5
1245,2024-03-31,0.08976186167480414,7
2028,2024-01-01,0.18443435052673854,3
3569,2024-03-31,0.13854694335856568,4
9043,2024-04-30,0.23812613152977863,2
11,2024-05-30,0.07351272327276144,8
4715,2024-01-01,0.10389989333725827,6
4561,2024-01-31,0.12169191985265358,5
3460,2024-03-01,0.08784539527907803,7
9914,2024-03-01,0.07717694247487925,7
9659,2024-04-30,0.33981378364925696,1
8440,2024-03-31,0.21125304750536777,2
9612,2024-03-01,0.0890159153110018,7
5220,2024-03-01,0.1418162769080765,4
6622,2024-03-31,0.0669964894919901,8
9165,2024-01-01,0.08274082028954181,7
807,2024-01-31,0.03101034718615178,10
3761,2024-03-01,0.035058739947818225,10
7668,2024-03-01,0.06372617437320707,9
5405,2024-04-30,0.16540642694982646,3
7255,2024-03-01,0.07162874823953333,8
2164,2024-01-01,0.14951457545424393,4
3526,2024-01-01,0.0766797231996155,7
9430,2024-05-30,0.266383321750448,2
4201,2024-03-01,0.17141520430807014,3
4951,2024-03-31,0.08140323869704097,7
9810,2024-01-01,0.19476076255685135,3
5238,2024-03-31,0.036072840215338194,10
4099,2024-05-30,0.12824097944146906,4
4790,2024-01-01,0.4028307892093255,1
3329,2024-01-01,0.14492531801983602,4
5194,2024-01-01,0.09373872458307338,6
3112,2024-05-30,0.10041968951632627,6
8222,2024-01-31,0.20049626277845087,3
383,2024-04-30,0.06308299748663423,9
5837,2024-01-31,0.5972136672499829,1
8689,2024-04-30,0.049297261897035344,10
6648,2024-04-30,0.0979586129054354,6
987,2024-05-30,0.09997212388012901,6
2142,2024-05-30,0.061963714559341916,9
3733,2024-01-31,0.05315440295410439,9
9708,2024-04-30,0.026400098272711916,10
6675,2024-01-31,0.08453619978244331,7
3842,2024-01-31,0.030002144006379936,10
151,2024-03-31,0.10542042002269013,6
9383,2024-01-31,0.3485267921407893,1
1738,2024-04-30,0.06457347805888426,8
6419,2024-03-01,0.10757964422780543,5
6173,2024-05-30,0.24948139073242082,2
3032,2024-01-01,0.11884169983789991,5
8879,2024-01-31,0.0821877806945998,7
7267,2024-04-30,0.36809989469251675,1
916,2024-03-01,0.21031404467250372,2
9495,2024-03-01,0.2209392825297745,2
3248,2024-01-01,0.10035515460460208,6
4798,2024-01-31,0.15433772795995337,4
6545,2024-03-01,0.05200773405947199,9
3790,2024-04-30,0.1738803708234796,3
5912,2024-01-31,0.05598632669801777,9
3315,2024-03-01,0.1042057831775827,6
1491,2024-04-30,0.06336801747862354,9
1872,2024-03-01,0.23572968382135026,2
9142,2024-01-31,0.0707209883585313,8
6950,2024-01-01,0.20127786657042857,2
6261,2024-05-30,0.07620277427871734,8
9409,2024-01-31,0.2849223912424733,2
211,2024-01-31,0.11467941287888134,5
356,2024-03-31,0.04377810519809679,10
7841,2024-05-30,0.11713915084463096,5
3360,2024-05-30,0.06538450515759733,8
4820,2024-01-01,0.06446398451897781,8
4264,2024-01-31,0.05695650970313695,9
1359,2024-01-01,0.07218451334674804,8
735,2024-05-30,0.05188400366908858,9
6158,2024-03-31,0.10950844376042265,5
7277,2024-03-31,0.1570118441606204,3
1574,2024-03-01,0.10733803238285476,5
6900,2024-01-01,0.15706962013982384,3
6054,2024-05-30,0.15779453530355675,3
9414,2024-04-30,0.12207108537975836,5
505,2024-01-31,0.12663678829830916,5
2525,2024-01-31,0.07203009344431512,8
2906,2024-05-30,0.08061659045408633,7
2740,2024-01-01,0.29646710721389186,1
4471,2024-03-01,0.10030553719307923,6
935,2024-05-30,0.1197146969955081,5
6066,2024-04-30,0.04550914036419468,10
8544,2024-03-31,0.12225423769451436,5
251,2024-01-01,0.24115797128058017,2
8923,2024-03-01,0.06784218828038685,8
8760,2024-01-01,0.03643860009233072,10
5206,2024-01-01,0.31082297839565215,1
3232,2024-04-30,0.09220043554686015,6
8368,2024-03-31,0.0410866627855729,10
5108,2024-03-01,0.2665017251875473,2
5496,2024-05-30,0.04960720880580214,10
6657,2024-01-31,0.09051734565802025,6
6799,2024-04-30,0.04848901019659243,10
7900,2024-04-30,0.109681503652281,5
4546,2024-05-30,0.15734724915344792,3
7068,2024-03-01,0.20994189611996603,2
2043,2024-01-01,0.1308446159063552,4
9818,2024-05-30,0.032808914528349074,10
4867,2024-01-01,0.1991424578104819,3
4733,2024-03-01,0.10571036421211481,6
327,2024-03-31,0.05202481619306824,9
5760,2024-03-31,0.1021819245755132,6
8324,2024-04-30,0.04306397227664305,10
3147,2024-05-30,0.22528514721451062,2
3393,2024-04-30,0.04467696308600712,10
2915,2024-03-01,0.4809935055173283,1
2877,2024-03-01,0.11542071523141857,5
703,2024-01-01,0.14361468495371527,4
2120,2024-04-30,0.12618727567593357,5
6629,2024-01-01,0.16420496646286392,3
3648,2024-01-31,0.21474385407472804,2
888,2024-04-30,0.1972445216602557,3
1712,2024-01-01,0.06844981556715689,8
7710,2024-03-01,0.36392906446722084,1
5607,2024-01-01,0.12604649041270732,5
5332,2024-03-01,0.05159150036472693,9
8868,2024-03-01,0.11014940287274627,5
7320,2024-03-01,0.09531776376535894,6
8872,2024-05-30,0.16652789395965045,3
272,2024-03-01,0.18943041130316687,3
7563,2024-01-31,0.06686425082634657,8
3385,2024-04-30,0.11481457281249824,5
9540,2024-03-31,0.060883277141847235,9
4726,2024-03-01,0.21026880938977874,2
7094,2024-01-01,0.031322462323984696,10
4536,2024-03-31,0.2129747531648439,2
2662,2024-05-30,0.2964357799649339,1
2213,2024-03-01,0.09329309589039195,6
352,2024-03-31,0.16031972175725315,3
8933,2024-03-31,0.23900511969078275,2
3762,2024-04-30,0.3146536524511096,1
2291,2024-03-01,0.10066056569558597,6
7499,2024-04-30,0.17584557500087802,3
2470,2024-03-31,0.19023941171552844,3
5367,2024-05-30,0.07404144810486529,8
3941,2024-01-01,0.07568864835812902,8
9153,2024-03-31,0.823099473950502,1
8406,2024-05-30,0.2695125923144565,2
9223,2024-03-31,0.2451767257312627,2
9856,2024-05-30,0.04146321126468258,10
2294,2024-05-30,0.05849713568326088,9
9217,2024-05-30,0.09163667254179571,6
9066,2024-03-31,0.17441464948407562,3
4283,2024-04-30,0.047977770138332904,10
952,2024-03-01,0.1476345686368463,4
1314,2024-04-30,0.4029695304798199,1
8233,2024-01-31,0.1318178549253947,4
4125,2024-05-30,0.16447651169926797,3
9085,2024-03-31,0.1239212360322877,5
9328,2024-01-31,0.23026854692357376,2
329,2024-04-30,0.03402774159891613,10
9194,2024-03-31,0.16875974787285167,3
882,2024-05-30,0.05926414289408732,9
8215,2024-04-30,0.04676021439499226,10
3989,2024-05-30,0.023422358701851144,10
270,2024-03-01,0.09859668070750383,6
499,2024-05-30,0.5045974253844907,1
4829,2024-03-01,0.10349819380361827,6
2262,2024-03-01,0.1256364669228947,5
8254,2024-03-01,0.08725031538722951,7
5920,2024-01-31,0.16496554107867933,3
2480,2024-01-01,0.07161109760981876,8
8218,2024-03-31,0.5081979845212683,1
3273,2024-03-01,0.38061091267399516,1
3629,2024-03-01,0.20335320167406543,2
1074,2024-01-01,0.090346606093998,6
1263,2024-03-01,0.07082067501676198,8
3818,2024-01-31,0.11525153462006084,5
9006,2024-04-30,0.08066662995380926,7
5853,2024-03-01,0.09621720432527464,6
2113,2024-01-01,0.2990262972065311,1
4893,2024-04-30,0.08485239949058564,7
6791,2024-01-01,0.05634777881542545,9
4298,2024-05-30,0.28272713361051466,2
9578,2024-01-31,0.10268095816804425,6
1160,2024-01-31,0.1254385632580992,5
3264,2024-03-01,0.10009460605866277,6
5231,2024-05-30,0.16892429486691143,3
3643,2024-01-31,0.18897326037870027,3
3418,2024-01-01,0.061136083017231724,9
2959,2024-01-31,0.14350279092103635,4
2999,2024-03-31,0.0426627468408247,10
9965,2024-03-01,0.11447668977204746,5
7427,2024-03-01,0.3082407857244809,1
1910,2024-03-31,0.12344542793205555,5
7963,2024-03-31,0.03839226682476807,10
530,2024-03-01,0.10977377786991165,5
8101,2024-01-31,0.07844520034268995,7
6724,2024-05-30,0.21867669997846692,2
920,2024-01-31,0.12100370500114706,5
2965,2024-05-30,0.21865677010041734,2
944,2024-03-01,0.18157203790391885,3
6475,2024-04-30,0.05635788895851683,9
2300,2024-04-30,0.08435103750564486,7
1077,2024-05-30,0.02892456303476236,10
3293,2024-01-31,0.10583089767655024,6
2812,2024-03-31,0.06939199372167791,8
9636,2024-03-31,0.053404884599436146,9
110,2024-01-31,0.04943232508527271,10
8951,2024-03-31,0.07275314600013409,8
1731,2024-01-31,0.04930934644358562,10
8899,2024-05-30,0.10734737492558469,5
8632,2024-03-01,0.08811094650774037,7
4627,2024-01-01,0.10005974167743172,6
2175,2024-03-01,0.15465928469425883,4
370,2024-04-30,0.11637064899916558,5
7678,2024-05-30,0.025247700954527115,10
2490,2024-01-31,0.1542118614544409,4
4012,2024-01-31,0.08510971188664943,7
5454,2024-04-30,0.18892198287498618,3
5264,2024-03-31,0.04682369292627616,10
2522,2024-03-31,0.05590745565016011,9
7577,2024-05-30,0.13810288196565634,4
2710,2024-05-30,0.055715283804535345,9
5251,2024-03-31,0.12987255307430193,4
5715,2024-03-01,0.09096799694504255,6
9225,2024-05-30,0.0320150590672458,10
182,2024-03-31,0.09403421706163244,6
1056,2024-01-01,0.06298135523738473,9
2211,2024-03-01,0.13432580454492402,4
4946,2024-03-31,0.6145566894435318,1
5778,2024-01-01,0.1213337676487364,5
6846,2024-03-31,0.11991677403018236,5
5405,2024-03-01,0.19791610312118038,3
9644,2024-03-31,0.12668497080081564,5
6938,2024-01-31,0.15427310923227083,4
8660,2024-03-01,0.10997208951551767,5
1497,2024-03-01,0.092144032389716,6
8444,2024-01-31,0.06851416195724531,8
2988,2024-01-31,0.1129926495146493,5
6675,2024-03-01,0.06110894065891019,9
4673,2024-01-31,0.16509432345411587,3
2540,2024-01-01,0.15353006767785843,4
5994,2024-03-31,0.08495354241615721,7
3856,2024-05-30,0.18693187731225552,3
45,2024-01-31,0.07937549971510756,7
1578,2024-04-30,0.12521796044728625,5
5657,2024-03-01,0.13828596136046348,4
4008,2024-01-31,0.14927848779151698,4
8801,2024-05-30,0.039726798497365524,10
9674,2024-04-30,0.12568446639843944,5
4545,2024-05-30,0.2409338422287774,2
7587,2024-03-31,0.31495403808282335,1
4816,2024-05-30,0.05205602128177596,9
6224,2024-03-31,0.15072411238312983,4
2217,2024-03-01,0.11063813035934728,5
2082,2024-03-01,0.15300144277143302,4
9065,2024-03-01,0.6422027295023337,1
537,2024-03-01,0.24100800236503878,2
6423,2024-01-01,0.2561024471385602,2
2048,2024-05-30,0.06166994455403886,9
5155,2024-05-30,0.4867223302781514,1
1244,2024-05-30,0.05806491327125673,9
9195,2024-05-30,0.20630201072013005,2
8403,2024-04-30,0.11469511263781182,5
5787,2024-03-31,0.05165275990820523,9
8891,2024-03-01,0.15716459853555,3
4261,2024-01-31,0.12035147743960078,5
2099,2024-04-30,0.11303506665021065,5
6508,2024-03-31,0.15610710013720977,3
2092,2024-04-30,0.188436895535036,3
2614,2024-01-01,0.4810166171648559,1
3272,2024-01-01,0.3134126500210115,1
4381,2024-05-30,0.047394266408049626,10
5640,2024-04-30,0.10298154378887515,6
2686,2024-04-30,0.13737201275319808,4
8497,2024-03-01,0.10767700799160929,5
8558,2024-04-30,0.05267525989834629,9
7150,2024-05-30,0.424149477600769,1
9270,2024-04-30,0.17606466697090545,3
8629,2024-04-30,0.05896237111593047,9
1175,2024-04-30,0.07733896922655721,7
7445,2024-01-01,0.06623111114405375,8
7385,2024-01-31,0.22753721902148585,2
1498,2024-03-31,0.18730389094361388,3
7780,2024-03-01,0.07574570961633946,8
4116,2024-01-01,0.06829201231633512,8
4490,2024-05-30,0.09335426238063113,6
5086,2024-01-31,0.5193930646272484,1
7901,2024-01-01,0.27442684078220553,2
2668,2024-03-01,0.19343310425552876,3
9827,2024-03-31,0.09247977844050945,6
2853,2024-03-31,0.08705445730190274,7
5762,2024-05-30,0.09208859842749877,6
1767,2024-05-30,0.04708872315122383,10
9868,2024-01-31,0.13040251508560852,4
8750,2024-03-01,0.07690417364418232,7
1365,2024-04-30,0.03864149582888849,10
25,2024-05-30,0.26245102863775754,2
8872,2024-01-31,0.2160476124127485,2
8848,2024-05-30,0.13016242569465572,4
3516,2024-05-30,0.3095433261860281,1
9048,2024-05-30,0.29198039129965175,2
8217,2024-01-01,0.1494913923268365,4
9756,2024-03-31,0.10945341802694797,5
6157,2024-04-30,0.1934842296928299,3
6840,2024-01-31,0.06345638433376392,9
8815,2024-03-31,0.06638880604915795,8
6860,2024-01-31,0.13794584433161075,4
230,2024-03-31,0.07847827068897978,7
7700,2024-04-30,0.36375076431966585,1
2040,2024-03-31,0.16369959715034538,3
1698,2024-01-31,0.19854093856855978,3
9166,2024-03-01,0.08927372722635363,7
559,2024-03-01,0.0917332041641353,6
7846,2024-04-30,0.08002484235381764,7
7345,2024-03-31,0.1368339110699763,4
2114,2024-03-01,0.19306755247935498,3
7328,2024-03-31,0.09538872104177432,6
9941,2024-05-30,0.04994965616641295,9
5151,2024-01-01,0.1817581233600781,3
2552,2024-01-01,0.07318328497579135,8
8614,2024-04-30,0.07796149175764487,7
7435,2024-04-30,0.14156382083530605,4
9744,2024-05-30,0.0909331238616231,6
4686,2024-01-01,0.2788563638217145,2
5016,2024-01-31,0.5179283139265511,1
7777,2024-03-31,0.7188585110805402,1
2978,2024-03-01,0.08606624049474697,7
6036,2024-01-01,0.16801626592640742,3
1034,2024-03-01,0.19701395668909935,3
8129,2024-01-01,0.05424758274005712,9
8105,2024-03-01,0.06635817638554524,8
5777,2024-04-30,0.10863321485557526,5
4368,2024-03-01,0.2339492012569052,2
6024,2024-03-01,0.05329532783107044,9
1436,2024-04-30,0.1518553627359871,4
3114,2024-03-01,0.04231187066691604,10
460,2024-05-30,0.2471211197858828,2
3104,2024-04-30,0.8352715087930798,1
6681,2024-01-31,0.09281257552097584,6
695,2024-03-31,0.048052934602770235,10
7752,2024-05-30,0.49071444485349064,1
7376,2024-05-30,0.04848798281995472,10
1830,2024-04-30,0.2403766485955435,2
616,2024-01-31,0.09435774454830442,6
337,2024-04-30,0.11902485536284087,5
569,2024-04-30,0.13474936365740184,4
4483,2024-04-30,0.15408694286532862,4
1702,2024-01-31,0.18225634512999284,3
5791,2024-01-01,0.28591636723062064,2
9774,2024-05-30,0.030771794453921537,10
292,2024-01-01,0.03226214879779969,10
8891,2024-01-31,0.31585271215527255,1
4832,2024-04-30,0.4601947345733055,1
7207,2024-01-31,0.17733781394099696,3
5722,2024-01-31,0.21026366284813933,2
2081,2024-05-30,0.10113062947511946,6
3805,2024-03-01,0.1448094475080016,4
644,2024-01-31,0.13576773289850663,4
7723,2024-01-01,0.31007495878444624,1
9295,2024-01-31,0.043310879673976274,10
6821,2024-05-30,0.15949043884496483,3
7611,2024-03-31,0.12716452692188263,5
3135,2024-01-31,0.03754556068856425,10
5216,2024-03-31,0.04457920564576919,10
432,2024-03-31,0.04750088866229666,10
2170,2024-03-01,0.18680931663528436,3
2200,2024-03-01,0.07625565331007646,8
6018,2024-04-30,0.2246292965093141,2
3568,2024-05-30,0.0380934699704963,10
8247,2024-01-31,0.1392194159234492,4
6284,2024-04-30,0.2540869167085952,2
8127,2024-05-30,0.060889231236407965,9
5130,2024-01-01,0.1239851844266195,5
897,2024-01-31,0.17462365603797222,3
8185,2024-01-31,0.09341521013853168,6
4776,2024-04-30,0.035635025816590456,10
5766,2024-03-01,0.06381798165208702,8
5801,2024-01-01,0.040328212403676546,10
7976,2024-01-01,0.29910540873128455,1
3346,2024-05-30,0.14055956540805223,4
6635,2024-01-01,0.0942014599394159,6
5579,2024-05-30,0.13950803121271194,4
9468,2024-03-01,0.060258655048921986,9
2394,2024-03-31,0.07624274082128588,8
4583,2024-03-01,0.07392270664943475,8
8285,2024-03-31,0.2002203958282011,3
5241,2024-03-31,0.09170092894303317,6
1128,2024-03-31,0.07968895185985451,7
5678,2024-01-01,0.06306956850746102,9
7254,2024-01-31,0.09619139229361588,6
6879,2024-04-30,0.05632908251498662,9
8115,2024-04-30,0.20673088318588143,2
5998,2024-04-30,0.05555908910573117,9
3208,2024-01-01,0.1866587256839615,3
9188,2024-01-01,0.15512368001502716,4
3718,2024-03-31,0.13783816790622236,4
747,2024-03-31,0.0786030540714112,7
809,2024-03-31,0.07602502740184519,8
755,2024-03-31,0.042319376679709045,10
6861,2024-03-31,0.08819052362174688,7
3209,2024-03-31,0.34032288831080826,1
2630,2024-05-30,0.1682106196569843,3
7070,2024-03-31,0.15484733428876826,4
7001,2024-01-31,0.11096420970381653,5
1184,2024-01-01,0.09968561630469752,6
6580,2024-03-31,0.05496258318560891,9
6120,2024-05-30,0.06824017617383751,8
2925,2024-03-31,0.07845244827240831,7
543,2024-01-31,0.25066532567060557,2
8441,2024-04-30,0.6561251655738259,1
9730,2024-01-31,0.09616751638177445,6
4648,2024-01-01,0.1173816433312563,5
9164,2024-04-30,0.16616303989921283,3
2149,2024-05-30,0.040737817881299904,10
1660,2024-03-01,0.05964099237467239,9
6698,2024-03-01,0.10456916337374762,6
7891,2024-04-30,0.23987536449632507,2
4804,2024-01-31,0.08053913474663517,7
7324,2024-01-31,0.08728879577093453,7
3990,2024-01-01,0.07167308618064325,8
2588,2024-03-31,0.11699590754908823,5
4432,2024-01-31,0.5819776519991057,1
2302,2024-01-31,0.2548816522707635,2
6765,2024-04-30,0.15459702751890753,4
7513,2024-03-31,0.07587612969799815,8
3386,2024-01-31,0.4108911977277351,1
5721,2024-01-01,0.0890878103614416,7
9499,2024-01-01,0.097223740921716,6
653,2024-03-31,0.04916304607868471,10
1626,2024-03-31,0.48500147602352256,1
312,2024-01-31,0.1597265940449154,3
9797,2024-01-01,0.5187096926817533,1
6296,2024-03-31,0.1694927655012104,3
4759,2024-03-31,0.0930181123124534,6
4518,2024-03-01,0.048148770703813425,10
3336,2024-01-31,0.22213203925587546,2
8409,2024-04-30,0.0978588045624285,6
7167,2024-05-30,0.1038148611245354,6
7523,2024-04-30,0.09201148250828295,6
7723,2024-01-31,0.3209456970896189,1
7448,2024-04-30,0.13006146887285755,4
6324,2024-01-31,0.5776550383516017,1
4157,2024-01-31,0.26670282551596175,2
9482,2024-01-31,0.27990140217444265,2
2259,2024-05-30,0.4760971781310464,1
9611,2024-05-30,0.3265841339877699,1
6862,2024-03-01,0.05787843145043118,9
3536,2024-03-01,0.04704088278161481,10
3223,2024-03-31,0.06185481162132285,9
4955,2024-05-30,0.08276989500418133,7
9855,2024-04-30,0.09857534408303201,6
4089,2024-03-01,0.07218945903275471,8
5609,2024-04-30,0.08408764317055932,7
9961,2024-05-30,0.06478022023059442,8
102,2024-05-30,0.06459784320077575,8
279,2024-05-30,0.07966520981484337,7
2383,2024-01-31,0.03375008003150623,10
6443,2024-04-30,0.04618330368698964,10
1926,2024-01-01,0.3920111847813062,1
2734,2024-05-30,0.08386246611344485,7
9521,2024-03-31,0.06810729374993259,8
6091,2024-03-01,0.09639029195067801,6
7171,2024-01-01,0.0999212863556778,6
528,2024-04-30,0.23290335550115163,2
1280,2024-03-31,0.06279057170029378,9
1678,2024-05-30,0.09568293954633099,6
3563,2024-01-01,0.07221478614282113,8
1544,2024-03-01,0.13357447824228114,4
6288,2024-05-30,0.05311470660914732,9
6051,2024-01-31,0.12662211828372427,5
5751,2024-03-01,0.06592676871700276,8
7881,2024-01-01,0.06373586870678968,9
3658,2024-01-31,0.13280381177268827,4
4422,2024-04-30,0.1087968174203796,5
4490,2024-01-31,0.11569111790853967,5
9183,2024-01-01,0.055543354176600314,9
4577,2024-03-31,0.07984443148294149,7
5882,2024-01-01,0.14815352618726318,4
7556,2024-04-30,0.11481605683781874,5
2582,2024-03-31,0.06124400950364609,9
7653,2024-01-01,0.10921808556551049,5
1364,2024-03-01,0.08007901470057208,7
4290,2024-03-31,0.280975708153797,2
8845,2024-04-30,0.17984263425174063,3
9323,2024-05-30,0.0763505735756307,7
7634,2024-03-31,0.09736593027215278,6
1863,2024-01-31,0.11266327199386673,5
3129,2024-01-01,0.0690714845348654,8
149,2024-03-01,0.05116811598524577,9
6448,2024-01-01,0.07701837846391832,7
2771,2024-01-31,0.16195331015467568,3
4656,2024-04-30,0.12761057514670834,4
3965,2024-01-01,0.09800479792433944,6
7556,2024-01-31,0.13426078970320038,4
9304,2024-01-01,0.20887134170138216,2
1435,2024-01-31,0.27280375841759263,2
8584,2024-01-01,0.06713251454592588,8
582,2024-01-01,0.11722734356966709,5
8021,2024-01-31,0.14757648426907125,4
9705,2024-05-30,0.060907927979426846,9
8607,2024-04-30,0.21308612479316869,2
6631,2024-01-01,0.3247714959247591,1
4981,2024-03-01,0.09772360599965695,6
7059,2024-03-31,0.07672177545307703,7
9668,2024-05-30,0.13100616017453906,4
2656,2024-05-30,0.09804280465047834,6
8651,2024-04-30,0.13200568635083476,4
6497,2024-04-30,0.34173340046160083,1
2560,2024-04-30,0.06805491778003979,8
7616,2024-05-30,0.1881591127417565,3
8979,2024-01-31,0.14086090238655302,4
4487,2024-04-30,0.07286949541467574,8
9102,2024-03-01,0.10340004843868614,6
4062,2024-03-01,0.39973048745588524,1
5116,2024-04-30,0.07098977674775855,8
4717,2024-01-01,0.26064298340825887,2
453,2024-01-31,0.08076940076330626,7
3732,2024-01-31,0.2798237339353546,2
2730,2024-03-01,0.12271997632868865,5
935,2024-01-31,0.13662911406365402,4
8269,2024-03-01,0.11994227042569752,5
1452,2024-03-31,0.12664288487969894,5
1322,2024-01-01,0.07166733363694214,8
9547,2024-03-01,0.05003908312370764,9
3608,2024-05-30,0.09695182052552988,6
5326,2024-03-01,0.09973284929436561,6
3210,2024-03-31,0.10459187741268725,6
4627,2024-01-31,0.06976714526149062,8
9508,2024-03-01,0.03677168534756976,10
6533,2024-03-31,0.04542915753470965,10
3517,2024-03-31,0.07700973629975319,7
8804,2024-03-31,0.09230634173817148,6
7186,2024-04-30,0.2392090047943215,2
4778,2024-01-31,0.12709886124937067,5
6924,2024-04-30,0.055031202003008976,9
2437,2024-03-01,0.10370148718519435,6
903,2024-04-30,0.6388458492329777,1
155,2024-03-31,0.06874121406722507,8
6553,2024-05-30,0.3226461394739686,1
6310,2024-03-01,0.12918519363083447,4
5877,2024-03-01,0.17708296882331132,3
3878,2024-03-01,0.061523243639027225,9
2760,2024-04-30,0.10459024824353262,6
9714,2024-03-01,0.056534956806950684,9
9779,2024-01-31,0.2844239015268557,2
5548,2024-03-31,0.12929063291941026,4
709,2024-01-31,0.07619357599104652,8
2096,2024-01-31,0.15950018055739573,3
553,2024-03-01,0.08445146646360148,7
8102,2024-03-31,0.05824337642675047,9
1585,2024-04-30,0.2505735032891773,2
4788,2024-05-30,0.08902469890391772,7
8622,2024-01-01,0.08610214603458323,7
5075,2024-03-31,0.10737507240169901,5
1331,2024-03-01,0.296153683395184,2
5768,2024-05-30,0.08177639197552426,7
5071,2024-05-30,0.10424810110225816,6
2231,2024-04-30,0.08587374050726561,7
5801,2024-01-31,0.0421173619887692,10
1171,2024-03-31,0.08210691810692027,7
284,2024-03-01,0.10373562271197673,6
4523,2024-04-30,0.08011120869046343,7
6559,2024-03-31,0.1377811152405707,4
9059,2024-05-30,0.05973439846461575,9
8719,2024-04-30,0.6361967417231477,1
4777,2024-03-31,0.07420401929538359,8
7198,2024-01-01,0.23495121174410652,2
448,2024-05-30,0.5672151680468354,1
6829,2024-05-30,0.043499874092144925,10
2318,2024-05-30,0.5043834390422197,1
5622,2024-04-30,0.2724229193851284,2
1588,2024-03-01,0.041492031190858626,10
9945,2024-04-30,0.037501401503990006,10
2866,2024-05-30,0.7833436175519609,1
1387,2024-03-31,0.09056848516466795,6
3734,2024-01-01,0.06979606883973641,8
8690,2024-01-31,0.7760681033660757,1
5379,2024-01-01,0.12634342423848588,5
4887,2024-01-31,0.09064371233647864,6
7578,2024-01-31,0.07441299972295684,8
2035,2024-03-31,0.17006231560224785,3
3122,2024-05-30,0.0499594820618932,9
8960,2024-05-30,0.05580744122873402,9
9652,2024-05-30,0.05651466259872497,9
7819,2024-03-31,0.04777126466424408,10
3016,2024-05-30,0.10438901992001774,6
1021,2024-04-30,0.2515540704453866,2
2460,2024-04-30,0.13034264820010247,4
5124,2024-05-30,0.9427180325932821,1
1402,2024-03-01,0.05207863847316895,9
158,2024-03-01,0.14284940572795682,4
2741,2024-04-30,0.40989476524682883,1
8424,2024-01-31,0.09473306840361619,6
3692,2024-04-30,0.06403405355641961,8
9748,2024-01-01,0.2872281374696934,2
2469,2024-01-01,0.047105444264556026,10
7165,2024-03-01,0.08571203278756712,7
3878,2024-01-01,0.049101000145461635,10
8850,2024-03-31,0.2695104662898884,2
7125,2024-01-31,0.11870774478779311,5
5788,2024-01-31,0.13046259411583816,4
5376,2024-04-30,0.08135998889864454,7
2978,2024-01-01,0.0925942357401168,6
7017,2024-03-31,0.05586068381502154,9
770,2024-04-30,0.08936372150446571,7
5942,2024-03-31,0.060758953601619696,9
8370,2024-05-30,0.04420702173474243,10
3630,2024-03-01,0.11770857444531423,5
4665,2024-01-31,0.18521879323021131,3
5153,2024-03-31,0.16512312279956026,3
786,2024-05-30,0.046742093571386874,10
1781,2024-03-31,0.1655632707460032,3
682,2024-05-30,0.1687427989943239,3
4718,2024-05-30,0.21328115765820624,2
4589,2024-03-01,0.08196801500824605,7
6145,2024-01-31,0.03155943659853734,10
2895,2024-04-30,0.07736630093773166,7
2429,2024-03-01,0.23655495647552283,2
9753,2024-05-30,0.07284543633393599,8
6610,2024-01-01,0.23000794211150463,2
1367,2024-03-31,0.24456423235834124,2
6548,2024-01-31,0.11995845873867152,5
8292,2024-01-01,0.45354122928491913,1
938,2024-03-01,0.4844554613698331,1
746,2024-01-31,0.14492907658181328,4
9451,2024-05-30,0.06255559076434826,9
2092,2024-01-31,0.2472631175257978,2
6459,2024-03-01,0.03972379305549114,10
4405,2024-03-31,0.17364309641837455,3
3387,2024-03-01,0.2103208135309519,2
5455,2024-01-01,0.08603717944697178,7
4709,2024-03-31,0.08912575429047716,7
648,2024-05-30,0.047413111691442446,10
2699,2024-03-31,0.4048025610719671,1
3563,2024-05-30,0.07170577590139014,8
5036,2024-01-31,0.07536870635651075,8
2148,2024-03-31,0.21985043366847262,2
3115,2024-03-31,0.1663360392212555,3
4955,2024-04-30,0.28562109022785565,2
9591,2024-04-30,0.11070570469079011,5
170,2024-03-01,0.10048100422919592,6
4176,2024-03-31,0.3536742367935923,1
3285,2024-01-31,0.09063441629225985,6
8273,2024-04-30,0.037113974090224384,10
3290,2024-04-30,0.09847652966591405,6
3443,2024-05-30,0.17302742708206556,3
2267,2024-04-30,0.14594159338377968,4
9579,2024-01-31,0.3573312625159251,1
9170,2024-01-31,0.0535853365781589,9
1955,2024-01-01,0.10095931003250565,6
2093,2024-01-01,0.29065467316940446,2
4045,2024-03-01,0.16220837993743772,3
822,2024-04-30,0.0586093458476967,9
5286,2024-04-30,0.04612895353928759,10
1439,2024-03-01,0.3135528415971786,1
6328,2024-04-30,0.21924828265300642,2
255,2024-05-30,0.09886299037808055,6
2557,2024-01-31,0.10939434065764725,5
1859,2024-01-01,0.054580072238066706,9
9384,2024-01-31,0.04797976377419031,10
1233,2024-03-01,0.10681711955168494,5
1092,2024-01-31,0.08157224184332132,7
9458,2024-01-01,0.05655960818713863,9
956,2024-03-31,0.25385001764292847,2
7114,2024-05-30,0.1647360207502997,3
5474,2024-05-30,0.03898462266393192,10
8680,2024-04-30,0.08628648323182546,7
7379,2024-03-31,0.239390538442491,2
5140,2024-04-30,0.1478088242633018,4
9156,2024-01-01,0.07257768892899427,8
5334,2024-01-01,0.21596589826335638,2
2553,2024-03-01,0.09132663372741107,6
6743,2024-05-30,0.04958461779656978,10
1086,2024-04-30,0.024115818947914924,10
4643,2024-04-30,0.08942459317449152,7
731,2024-01-31,0.08872335265811897,7
3763,2024-01-31,0.2903938900474145,2
464,2024-03-31,0.1125649729573312,5
2184,2024-01-31,0.24627444789241942,2
9007,2024-01-01,0.1687671090968964,3
1119,2024-01-01,0.09422853842649166,6
5368,2024-04-30,0.05836275987166254,9
5661,2024-01-31,0.06423987090282662,8
4865,2024-03-01,0.10261974443354871,6
3151,2024-03-31,0.12666323734261756,5
6215,2024-03-01,0.053257573161833174,9
4095,2024-01-01,0.07335466951556703,8
8562,2024-03-31,0.12931118235302774,4
6790,2024-03-01,0.0509362407133336,9
8452,2024-01-31,0.1220541738827973,5
6567,2024-03-01,0.026680170406207824,10
6888,2024-01-31,0.3036995989697377,1
3706,2024-05-30,0.11400442277579678,5
5211,2024-05-30,0.4106370001770996,1
5641,2024-01-01,0.1283006706243878,4
1141,2024-01-31,0.247507788393247,2
4859,2024-05-30,0.030304792969983292,10
7254,2024-05-30,0.09563429145662267,6
9401,2024-04-30,0.08418263711210669,7
721,2024-04-30,0.9125468551790799,1
9871,2024-01-01,0.06803481125668585,8
2867,2024-01-01,0.06057054615747888,9
2321,2024-03-01,0.738977952977129,1
2662,2024-03-31,0.25183017006772346,2
4236,2024-05-30,0.10244383300024394,6
3457,2024-03-31,0.08048006406409042,7
3093,2024-05-30,0.12349453633924855,5
5914,2024-05-30,0.09398392092075486,6
9884,2024-01-31,0.10907562670078137,5
2752,2024-01-31,0.13053565540278034,4
9403,2024-05-30,0.1190018496910849,5
6366,2024-01-01,0.1582318641925822,3
8928,2024-03-01,0.045625591133133,10
262,2024-03-31,0.04941868632903886,10
8959,2024-03-31,0.16405467592169024,3
7438,2024-04-30,0.04987868173975165,10
2376,2024-04-30,0.05370307477960846,9
8092,2024-01-01,0.38065468954691545,1
6013,2024-01-01,0.11268385521687695,5
8264,2024-04-30,0.29306549241018076,2
9134,2024-03-01,0.08156334920237403,7
9614,2024-01-31,0.10365030771891895,6
2795,2024-05-30,0.1139287273895846,5
7575,2024-04-30,0.08176170756369108,7
5746,2024-03-01,0.2613493269364629,2
3407,2024-01-31,0.0987151314265141,6
1272,2024-05-30,0.13270034481806878,4
5143,2024-04-30,0.0885216901971431,7
2877,2024-04-30,0.15571016160114887,3
4105,2024-04-30,0.40539107355054615,1
290,2024-03-01,0.3243013317734647,1
1377,2024-05-30,0.04783775146736117,10
3915,2024-01-01,0.15702410974702416,3
4052,2024-04-30,0.08565962583251958,7
7814,2024-04-30,0.17390333830151036,3
6153,2024-03-01,0.09569173126491111,6
4196,2024-03-01,0.2694835877858476,2
9849,2024-05-30,0.12896105559781967,4
1118,2024-03-01,0.07711760714844931,7
5008,2024-04-30,0.16945352865684438,3
3785,2024-01-01,0.0399951660158079,10
2450,2024-05-30,0.13008040889315686,4
7699,2024-04-30,0.21189301320047635,2
1817,2024-03-31,0.08197920889509396,7
1164,2024-01-31,0.05822062458978333,9
4687,2024-03-31,0.37011306084104706,1
9889,2024-05-30,0.07879577147634234,7
2631,2024-01-01,0.06807942634315949,8
786,2024-03-01,0.05431993356933117,9
3424,2024-04-30,0.061301695256201265,9
9339,2024-01-01,0.12734963534397753,4
3057,2024-03-31,0.13706012348980795,4
9990,2024-01-31,0.02403385627315763,10
1418,2024-04-30,0.11036374720566249,5
8639,2024-05-30,0.32515763152638355,1
4131,2024-03-01,0.15783728082194065,3
2946,2024-04-30,0.14270903779699545,4
8173,2024-01-01,0.09467574954475767,6
9139,2024-04-30,0.10965294367762819,5
5364,2024-05-30,0.2863056748551546,2
6166,2024-05-30,0.1048701531543721,6
9450,2024-01-01,0.06660952539281739,8
3615,2024-01-01,0.06928489427158582,8
9722,2024-05-30,0.050307728855513996,9
3175,2024-03-31,0.07785089079749802,7
3013,2024-05-30,0.3560715143478216,1
7050,2024-01-31,0.05894995822037995,9
3686,2024-04-30,0.08750241019615004,7
3420,2024-05-30,0.06959721599379472,8
2007,2024-03-01,0.04690910375887056,10
3235,2024-01-31,0.19633196230898023,3
8903,2024-01-01,0.056355483174802885,9
6729,2024-03-01,0.04447269366871236,10
8551,2024-03-31,0.12466922352339796,5
8040,2024-03-31,0.2687928947105227,2
908,2024-01-01,0.05531463743232612,9
4421,2024-01-31,0.16284519835943806,3
3251,2024-04-30,0.0664089249787057,8
5582,2024-01-01,0.08045845311807913,7
4079,2024-01-31,0.037746320221068046,10
6805,2024-01-31,0.06088303646482056,9
7172,2024-05-30,0.0762317746646055,8
5273,2024-03-01,0.04530588470490711,10
1964,2024-03-31,0.05358442861568277,9
9986,2024-05-30,0.18789668142964502,3
6707,2024-03-31,0.029478035350283812,10
6820,2024-01-31,0.08813160433957683,7
4745,2024-01-01,0.0665004476255829,8
3569,2024-03-01,0.2734068320896582,2
4107,2024-04-30,0.486977307994296,1
3006,2024-05-30,0.1944932375868344,3
8727,2024-01-01,0.08327223246863744,7
9315,2024-03-01,0.047899856360304166,10
7213,2024-05-30,0.08434282549540047,7
6728,2024-01-31,0.11122458770467378,5
2027,2024-03-31,0.043086746236209755,10
7686,2024-03-01,0.19756046071469507,3
8697,2024-01-31,0.5023982480242618,1
9006,2024-01-01,0.39409349120144366,1
9358,2024-04-30,0.09835393199351737,6
9441,2024-04-30,0.060564285885216784,9
5151,2024-01-31,0.14822269917962766,4
8452,2024-04-30,0.09237622608586349,6
9164,2024-01-01,0.11028704946963097,5
5475,2024-04-30,0.11981744619459272,5
6499,2024-03-31,0.42590071264496543,1
39,2024-04-30,0.6628909574683162,1
8483,2024-04-30,0.044423657088499685,10
3206,2024-05-30,0.27885290288526227,2
5595,2024-04-30,0.03972870023537936,10
6074,2024-01-01,0.057036447794591355,9
5371,2024-03-31,0.05116884498794579,9
8175,2024-05-30,0.2817583430299401,2
2113,2024-03-01,0.25179545922844054,2
1281,2024-03-01,0.07160445197031523,8
342,2024-03-31,0.14057329359485163,4
4335,2024-03-31,0.41649051526000724,1
9871,2024-01-31,0.06913558714003079,8
2298,2024-01-31,0.10270079449311983,6
2551,2024-03-01,0.035240926142421865,10
670,2024-03-31,0.0881089253331998,7
2569,2024-03-01,0.15339969027925968,4
352,2024-03-01,0.5987178764879872,1
4489,2024-05-30,0.07598031365080102,8
4225,2024-01-31,0.13848845827968154,4
6186,2024-01-31,0.1552296866145222,3
2832,2024-04-30,0.0463403621603639,10
8044,2024-01-01,0.05401181857479444,9
4891,2024-05-30,0.07142183433763521,8
4057,2024-01-31,0.02911083448379052,10
9842,2024-05-30,0.20071764407428325,3
4157,2024-05-30,0.42296858928427644,1
767,2024-03-31,0.09855324469333017,6
630,2024-01-31,0.033403813780330846,10
2215,2024-01-01,0.05800223785911935,9
3603,2024-03-01,0.08979741464492133,7
2238,2024-01-01,0.07106730466222072,8
5485,2024-03-01,0.0617117146327686,9
9873,2024-03-31,0.07197336833310751,8
1579,2024-01-01,0.11260965857695121,5
1552,2024-01-01,0.24723845707645214,2
902,2024-01-31,0.04209671464857934,10
9793,2024-03-31,0.20641369113640257,2
2859,2024-01-31,0.10980033940945473,5
262,2024-04-30,0.04394237616749316,10
2811,2024-03-31,0.10177982377909926,6
9832,2024-01-01,0.07798679279961909,7
4406,2024-03-01,0.16554846953070398,3
8747,2024-04-30,0.15147400315372642,4
1708,2024-01-31,0.03942156704708625,10
5676,2024-04-30,0.050974661790433855,9
6082,2024-01-31,0.09691687013593653,6
2300,2024-01-31,0.0965964836362028,6
1850,2024-04-30,0.5379456254101973,1
1124,2024-01-31,0.11354875016307156,5
5661,2024-03-01,0.08332116335410394,7
9406,2024-03-01,0.06078091612558605,9
7370,2024-03-01,0.10877484510007372,5
4547,2024-04-30,0.12101350970149471,5
333,2024-03-01,0.12953433419734375,4
6218,2024-03-01,0.11647319786098578,5
3882,2024-01-01,0.10472180416518523,6
5221,2024-03-31,0.09427098866928506,6
3321,2024-01-31,0.22953745050751564,2
2595,2024-01-31,0.055926453114961264,9
4624,2024-03-31,0.14226407033237815,4
7342,2024-05-30,0.10168192490491551,6
3279,2024-01-01,0.1161499077266174,5
1573,2024-04-30,0.17827231457538367,3
8361,2024-05-30,0.06425737894727152,8
1741,2024-04-30,0.2816200692307007,2
1866,2024-01-01,0.32314792824115407,1
3705,2024-05-30,0.07782921353498691,7
4545,2024-03-31,0.17770793886433775,3
3695,2024-03-31,0.14139339730779737,4
5571,2024-05-30,0.15086155337000806,4
5726,2024-04-30,0.14128880038544148,4
7278,2024-05-30,0.23991806935538182,2
8632,2024-01-01,0.1356099428311445,4
5838,2024-01-31,0.10135310650592215,6
6285,2024-04-30,0.031968810062624406,10
8310,2024-04-30,0.11093674858594671,5
7687,2024-01-01,0.8934253341982206,1
3498,2024-03-31,0.8312857767405999,1
2156,2024-01-01,0.1157634525531492,5
7263,2024-03-01,0.06356796255081981,9
404,2024-01-31,0.14390745907403207,4
1082,2024-04-30,0.055906450544425806,9
7100,2024-01-01,0.18006457366539455,3
1806,2024-03-31,0.05417549112802536,9
2708,2024-03-01,0.1295184626926593,4
9071,2024-03-31,0.03606872104415967,10
6936,2024-04-30,0.3125032865085526,1
763,2024-01-01,0.04843917096169946,10
2195,2024-05-30,0.129937205205382,4
6245,2024-03-01,0.06751040776282248,8
8450,2024-04-30,0.0924100190543548,6
644,2024-01-01,0.17900619880449156,3
6966,2024-03-31,0.2269388425336292,2
425,2024-01-01,0.31594959204946327,1
4938,2024-01-01,0.07531818087042848,8
2171,2024-01-01,0.08661206810505301,7
9351,2024-03-31,0.09598491296707826,6
7597,2024-03-31,0.10513378646846816,6
6249,2024-01-01,0.3572082408816392,1
5515,2024-03-01,0.07797980412581758,7
8657,2024-01-31,0.06571862148887764,8
4919,2024-03-31,0.10105561246082863,6
3415,2024-03-31,0.06275295748424936,9
3616,2024-04-30,0.07735537273270984,7
9185,2024-01-31,0.045983360273965164,10
680,2024-01-01,0.09280576760383215,6
4407,2024-03-01,0.1476538060362461,4
9902,2024-03-31,0.059020155540461985,9
344,2024-01-31,0.1305585775190773,4
9555,2024-03-01,0.04174244525568615,10
3336,2024-01-01,0.13969174761064632,4
13,2024-04-30,0.05797950092043588,9
9921,2024-05-30,0.10442708434814824,6
1264,2024-04-30,0.07657408149214992,7
460,2024-03-31,0.2739522167582096,2
2566,2024-03-31,0.10298997269240669,6
2633,2024-01-31,0.0697019757559321,8
4254,2024-01-31,0.11683659038200563,5
5350,2024-01-01,0.037822313295075495,10
2338,2024-03-01,0.19713245622550965,3
7286,2024-03-01,0.07021028512040355,8
864,2024-01-01,0.19110960840799956,3
9443,2024-03-01,0.04192628099240688,10
4083,2024-03-31,0.38214363925980877,1
8237,2024-05-30,0.18862534669970712,3
4473,2024-01-31,0.2945611167935373,2
5988,2024-03-01,0.2688421437941234,2
1439,2024-01-01,0.20156490500791477,2
7565,2024-05-30,0.06101496974571671,9
5553,2024-03-01,0.3443716824468937,1
7752,2024-01-01,0.5608727831027946,1
1544,2024-04-30,0.12095705631348287,5
7819,2024-01-31,0.048589790425594186,10
7146,2024-01-01,0.1421905350844062,4
4783,2024-04-30,0.27870178886503993,2
1339,2024-01-01,0.2116875662275105,2
4043,2024-03-31,0.12506613966897148,5
512,2024-03-31,0.05157557373300574,9
1675,2024-05-30,0.0721680813788953,8
1488,2024-03-31,0.5185709915671756,1
1697,2024-05-30,0.3338217123777555,1
1341,2024-01-01,0.11145921336044076,5
2395,2024-05-30,0.16761917446611707,3
4794,2024-01-31,0.16390012532550563,3
7396,2024-03-31,0.0909872449629256,6
8306,2024-05-30,0.18335775531122034,3
8172,2024-01-31,0.18351478856712922,3
1996,2024-01-31,0.20108458833750728,2
1332,2024-01-31,0.04779041982862286,10
6221,2024-04-30,0.16218513234091414,3
1599,2024-01-01,0.13858529330696248,4
3702,2024-03-31,0.07015821963019649,8
198,2024-01-31,0.11164692821272605,5
6904,2024-01-31,0.17869532233739796,3
3918,2024-01-31,0.06644569801923643,8
6915,2024-01-01,0.16541396594707916,3
6760,2024-04-30,0.05075464766418239,9
8276,2024-05-30,0.09024034830699545,6
8020,2024-05-30,0.03799524355662655,10
8704,2024-01-01,0.12212156199541264,5
1811,2024-01-31,0.16893177493801215,3
3726,2024-05-30,0.063012793843337,9
620,2024-03-31,0.07860403696172626,7
3121,2024-04-30,0.7401797123587867,1
6937,2024-04-30,0.39336220047326276,1
8423,2024-01-01,0.08999850672748562,6
7284,2024-01-31,0.04546394330063171,10
2172,2024-03-01,0.11946899203547574,5
5749,2024-04-30,0.03655553266944079,10
9895,2024-03-01,0.2902219477088387,2
6917,2024-01-01,0.17214755011227387,3
1927,2024-01-31,0.2756480922260488,2
8385,2024-01-01,0.05952811069480682,9
1540,2024-03-31,0.11788782559915616,5
3553,2024-05-30,0.029354196447579552,10
181,2024-04-30,0.11923306885139788,5
2888,2024-05-30,0.06638204109242268,8
3091,2024-01-01,0.07754084076235376,7
6959,2024-01-01,0.04114331543826235,10
4173,2024-04-30,0.08657655626521607,7
3922,2024-05-30,0.10968889899427973,5
9776,2024-03-01,0.04728186972263601,10
4269,2024-03-01,0.08255822849873111,7
9774,2024-04-30,0.03610127217382384,10
7300,2024-04-30,0.09722766174530985,6
7114,2024-03-01,0.16997216440928928,3
7481,2024-04-30,0.13728383689692808,4
1828,2024-01-01,0.19135341529022679,3
8999,2024-01-31,0.13896867917788824,4
9518,2024-01-31,0.0812436950737177,7
1658,2024-01-31,0.1067972292535086,5
1428,2024-03-31,0.07604007139598633,8
1335,2024-04-30,0.05897128110180939,9
1807,2024-01-31,0.10420163318898133,6
6647,2024-01-01,0.059596918827255214,9
937,2024-03-01,0.09005839817838353,6
6326,2024-01-31,0.04000228065800254,10
4741,2024-01-31,0.04777949215030455,10
6780,2024-04-30,0.046574205900937506,10
8387,2024-04-30,0.04295611091673802,10
9145,2024-03-01,0.11968032980895307,5
7271,2024-03-31,0.28981473494240845,2
9431,2024-04-30,0.09662055553681836,6
9935,2024-03-31,0.1246893569956919,5
7414,2024-01-01,0.06491211734020388,8
4431,2024-04-30,0.05458588283745797,9
7281,2024-01-31,0.17866891090880002,3
7197,2024-03-01,0.1652545119811602,3
1290,2024-01-01,0.23924075239769316,2
4091,2024-01-01,0.10655721740584083,5
2174,2024-04-30,0.40098070429619337,1
4620,2024-03-31,0.11019444085783937,5
4771,2024-05-30,0.09503644476113919,6
3745,2024-04-30,0.08708750002703819,7
2822,2024-04-30,0.0394788809862905,10
4856,2024-01-31,0.7927329079653926,1
2818,2024-03-01,0.053028372621246975,9
1139,2024-01-01,0.14063828282114404,4
530,2024-01-01,0.10037574346299172,6
7313,2024-03-31,0.15058622838218,4
1035,2024-03-01,0.6369084220849099,1
4633,2024-03-31,0.13997119364669539,4
7739,2024-03-01,0.3533100306001004,1
3309,2024-01-01,0.5231788063057495,1
6869,2024-03-31,0.5394315400365851,1
5825,2024-03-01,0.16675396241134396,3
6682,2024-04-30,0.09020001138716557,6
8310,2024-01-31,0.1357124976869712,4
7428,2024-03-31,0.03902687016027889,10
6653,2024-01-31,0.2146288457374111,2
127,2024-05-30,0.12127124467437475,5
9106,2024-05-30,0.1540566480761448,4
3857,2024-01-01,0.19116866775125244,3
3597,2024-01-01,0.03188524051551909,10
1956,2024-05-30,0.1001063526968719,6
9761,2024-03-31,0.06459575791838491,8
1968,2024-05-30,0.15456991494311428,4
650,2024-01-31,0.29131588527956187,2
6014,2024-01-01,0.2233403121561694,2
5276,2024-01-01,0.06366077579277196,9
5348,2024-03-31,0.281980807642945,2
6620,2024-01-01,0.07594448697708632,8
4160,2024-01-01,0.21771754551623806,2
5866,2024-01-31,0.045870220956674854,10
1241,2024-03-31,0.055823986003857295,9
4959,2024-03-01,0.08197851844500963,7
1805,2024-05-30,0.1579894090906906,3
9344,2024-03-01,0.15789548081867308,3
962,2024-01-31,0.12191703730767788,5
5613,2024-01-31,0.03261186927282098,10
2262,2024-01-31,0.1225365105507877,5
4485,2024-04-30,0.07798465793280478,7
7895,2024-05-30,0.12661866440938838,5
4228,2024-03-01,0.04484571904504743,10
1638,2024-01-01,0.10431898760769215,6
1726,2024-01-31,0.10578599471312426,6
3679,2024-01-01,0.08876439882561268,7
5351,2024-05-30,0.2516926220610184,2
3963,2024-04-30,0.04767383766952943,10
8187,2024-04-30,0.504140971776849,1
1708,2024-03-31,0.05073031716033366,9
4731,2024-04-30,0.4745685529741685,1
6799,2024-05-30,0.12780028502686028,4
7643,2024-03-31,0.07315866891427157,8
9173,2024-05-30,0.11972823792714445,5
5015,2024-03-01,0.21235012393178881,2
7493,2024-01-31,0.24457875181888736,2
5849,2024-03-01,0.09455070214641757,6
1207,2024-03-31,0.08398486454216511,7
9786,2024-03-01,0.11809429903038655,5
7855,2024-01-31,0.24132650656713897,2
2657,2024-01-01,0.15660631064269354,3
8725,2024-01-31,0.11341979158322901,5
6331,2024-03-31,0.3280840570014504,1
1979,2024-03-31,0.08131278071644428,7
7052,2024-05-30,0.07050043763716461,8
7008,2024-04-30,0.11213675588047084,5
7076,2024-03-31,0.11677350149979553,5
29,2024-05-30,0.07633912433821351,7
7527,2024-01-31,0.10909694160187512,5
3364,2024-04-30,0.13810354295602503,4
7840,2024-03-31,0.09558431225083129,6
1025,2024-03-01,0.07422868472152414,8
8402,2024-01-01,0.045762013412166666,10
6077,2024-01-31,0.07579771763073238,8
5291,2024-03-31,0.08178294092292737,7
4541,2024-04-30,0.14744345961489233,4
8749,2024-04-30,0.10088928743251716,6
9730,2024-03-31,0.09157672190435383,6
5771,2024-05-30,0.04601112904146367,10
5583,2024-01-31,0.16442071183250687,3
8167,2024-01-01,0.22605799095570567,2
9476,2024-05-30,0.14484058736161695,4
7220,2024-01-01,0.03992503692941291,10
8497,2024-03-31,0.11072324544091508,5
3389,2024-03-01,0.07138675103057872,8
2295,2024-01-01,0.046325340216114466,10
3598,2024-03-31,0.3379610290894962,1
9397,2024-01-01,0.8845839590466158,1
1105,2024-04-30,0.08847907108511653,7
6716,2024-01-01,0.32234007892924976,1
9023,2024-03-31,0.13519730077058517,4
8353,2024-01-31,0.14290396948960377,4
631,2024-03-01,0.09810185165551728,6
6521,2024-01-01,0.28463984658962777,2
4728,2024-01-01,0.3490009102065541,1
2759,2024-03-01,0.0950336002519509,6
5434,2024-01-31,0.08433531677092995,7
6656,2024-01-01,0.09058558459038651,6
893,2024-01-01,0.1194730140845269,5
7377,2024-03-31,0.12181179140043664,5
5874,2024-03-31,0.0955245918922102,6
6280,2024-05-30,0.031519980758974414,10
4911,2024-01-01,0.1538920923877424,4
4932,2024-05-30,0.058081972825782306,9
6897,2024-01-01,0.03780348050700683,10
7061,2024-04-30,0.14206592050025516,4
5651,2024-03-31,0.08833981989378839,7
4058,2024-01-01,0.42083573391749085,1
1212,2024-01-01,0.10009908836555008,6
4585,2024-03-31,0.07461533925147604,8
7114,2024-03-31,0.20676847905433968,2
8118,2024-01-01,0.028110455611890173,10
2485,2024-01-31,0.11744781634765894,5
5823,2024-03-01,0.10641228534337399,5
4041,2024-01-31,0.18659492553360096,3
9775,2024-01-31,0.10566464431188459,6
1293,2024-04-30,0.518833793161339,1
4900,2024-03-01,0.16394629738283142,3
7002,2024-03-31,0.174292927654655,3
6474,2024-01-01,0.06554836974617867,8
2237,2024-01-31,0.07247753935609177,8
5801,2024-03-01,0.05190155768557672,9
2908,2024-01-31,0.29682200876500375,1
8782,2024-01-01,0.13259955866657147,4
984,2024-05-30,0.18014800951563545,3
4654,2024-01-01,0.20780799822092785,2
2689,2024-05-30,0.25027341597143127,2
4056,2024-05-30,0.17552519478987694,3
1856,2024-01-31,0.17178902376750882,3
9721,2024-03-31,0.48920425431762893,1
3283,2024-03-31,0.1887545847653556,3
3426,2024-04-30,0.09417969902167747,6
8089,2024-03-31,0.05934185701975933,9
1192,2024-05-30,0.1714111552984599,3
9771,2024-03-31,0.10659721581574923,5
452,2024-05-30,0.1037670915928661,6
1999,2024-03-01,0.08178644946181308,7
1314,2024-03-01,0.3471861249722718,1
5737,2024-03-31,0.05713646655076966,9
3840,2024-03-31,0.15468553791949927,4
546,2024-04-30,0.20211139099288078,2
7815,2024-01-01,0.05927361131733061,9
1687,2024-03-31,0.09297629927557796,6
9160,2024-03-31,0.2991932344882825,1
3323,2024-01-01,0.25847426297762566,2
5365,2024-05-30,0.2667604876556328,2
1603,2024-01-01,0.16861563921842126,3
4574,2024-05-30,0.06760435066977225,8
2804,2024-03-01,0.1516648960559366,4
4153,2024-03-01,0.2006799598794746,3
1655,2024-01-31,0.07438523976929723,8
510,2024-01-31,0.18640083579839584,3
9910,2024-03-01,0.25186385857487736,2
3445,2024-04-30,0.10180992607030029,6
3073,2024-03-31,0.2026305813740029,2
3344,2024-05-30,0.08046251622801065,7
519,2024-01-31,0.3700620499815171,1
9816,2024-04-30,0.34889733642854215,1
478,2024-04-30,0.23960303337697503,2
7363,2024-05-30,0.46664896311991355,1
6485,2024-04-30,0.18332536300889374,3
401,2024-01-31,0.1478983077996471,4
9815,2024-03-31,0.08931402623098875,7
1275,2024-04-30,0.2548145197957826,2
8358,2024-04-30,0.07621598782791207,8
5312,2024-03-01,0.12322870052981542,5
6136,2024-01-01,0.08619692088598803,7
2979,2024-01-01,0.16422224881586017,3
9335,2024-01-01,0.1340145008618031,4
8757,2024-01-01,0.07238032356141472,8
7788,2024-01-31,0.11415580464395667,5
6472,2024-04-30,0.05689633251601188,9
5660,2024-03-31,0.2744965450261742,2
7319,2024-03-01,0.0889015942618426,7
504,2024-03-01,0.10645552613255545,5
1563,2024-05-30,0.11782945788634276,5
685,2024-03-31,0.11908090414097004,5
9302,2024-01-01,0.05296638100167033,9
2450,2024-01-31,0.0728519923248732,8
2724,2024-03-31,0.09942189405018229,6
329,2024-03-31,0.02524102113754198,10
6072,2024-05-30,0.14218128506980154,4
6266,2024-03-31,0.15540455524478794,3
28,2024-01-31,0.07973795547885956,7
5423,2024-01-31,0.09812010042114128,6
4611,2024-04-30,0.18899391532699483,3
9418,2024-03-01,0.054575213564385515,9
7025,2024-04-30,0.08443874750574595,7
5402,2024-03-01,0.05509208162011546,9
3593,2024-01-31,0.08041668242581114,7
6348,2024-04-30,0.17213004521092784,3
517,2024-05-30,0.17243134762464177,3
6351,2024-03-31,0.08892084489226317,7
4041,2024-01-01,0.21694778486622135,2
8700,2024-04-30,0.14729078792539027,4
9695,2024-05-30,0.20770616125394112,2
4006,2024-03-01,0.08402642590886891,7
1110,2024-01-31,0.09369318833521394,6
611,2024-01-01,0.11607082694581025,5
2605,2024-03-31,0.07770605855473062,7
33,2024-03-31,0.16742874920464668,3
4035,2024-01-31,0.32848267704962975,1
780,2024-03-01,0.21841661882153302,2
7331,2024-03-31,0.1464859268441186,4
1419,2024-01-01,0.17745194073907877,3
2453,2024-03-31,0.08178156502870439,7
7858,2024-01-31,0.24223162229695183,2
1562,2024-01-01,0.2741370629782519,2
5681,2024-03-31,0.045772172028948455,10
2742,2024-03-31,0.07645159796534055,7
3770,2024-03-31,0.20753722935220845,2
101,2024-03-31,0.0788674237472689,7
3,2024-05-30,0.06790518502483028,8
4369,2024-03-01,0.21927067200688488,2
4113,2024-01-31,0.1601488813030869,3
1706,2024-01-31,0.17112952271094553,3
2321,2024-03-31,0.8097531810471428,1
2443,2024-03-31,0.07340668542909075,8
4663,2024-01-01,0.1420999622935513,4
6796,2024-04-30,0.059249035178614455,9
5578,2024-04-30,0.15087004868813797,4
7115,2024-03-31,0.08788967827490968,7
3666,2024-01-31,0.029514471669537544,10
2993,2024-05-30,0.18314701314259127,3
9156,2024-04-30,0.03853513384939821,10
726,2024-03-01,0.24328132760487675,2
9937,2024-04-30,0.1507225375158185,4
4657,2024-01-31,0.0659894559670658,8
4203,2024-04-30,0.07809988768675621,7
3691,2024-04-30,0.07063147490208094,8
2957,2024-03-01,0.09103255214612802,6
7603,2024-01-01,0.06920586869673638,8
4995,2024-03-01,0.09371506566725583,6
9893,2024-03-31,0.08422050738755509,7
3849,2024-05-30,0.14010587754394502,4
5559,2024-05-30,0.11635992904423617,5
8116,2024-01-01,0.09670707604572122,6
4089,2024-05-30,0.09059315550966443,6
320,2024-03-31,0.3873159429217084,1
5833,2024-01-31,0.25140268514026515,2
8506,2024-03-01,0.3753047503774798,1
6737,2024-03-01,0.03552937294028417,10
4431,2024-03-31,0.10373445950417869,6
3326,2024-03-01,0.0967875827073232,6
9010,2024-04-30,0.1426423976937546,4
1746,2024-03-31,0.4803774194340023,1
7615,2024-04-30,0.1206479695672469,5
6063,2024-04-30,0.18706111589865995,3
738,2024-03-31,0.24394418417534938,2
5142,2024-05-30,0.054599378567737764,9
4793,2024-04-30,0.09314794268512121,6
4950,2024-01-01,0.061464115271354786,9
933,2024-03-31,0.06403423359745902,8
3548,2024-05-30,0.05025277965709826,9
9278,2024-03-01,0.28047423551350303,2
1030,2024-03-01,0.4566686303730705,1
9176,2024-01-01,0.1289717157658994,4
342,2024-05-30,0.06908427080691672,8
3408,2024-04-30,0.1568129871990558,3
5799,2024-01-01,0.09299481055613303,6
4419,2024-03-31,0.05535764349195712,9
7875,2024-03-01,0.6741343138868182,1
5118,2024-04-30,0.17357723465267075,3
5004,2024-03-01,0.045395118133123434,10
3174,2024-04-30,0.26513262509258306,2
1232,2024-05-30,0.13415668092904978,4
1790,2024-03-31,0.08054057731789797,7
6622,2024-01-31,0.07615001973998908,8
524,2024-03-31,0.061655730167754115,9
2133,2024-03-01,0.11954519549227881,5
6506,2024-03-01,0.07422273934264986,8
7487,2024-01-01,0.26486818837757387,2
396,2024-03-31,0.16360088876128387,3
7845,2024-01-31,0.5454949722411343,1
2780,2024-01-31,0.29135350753466793,2
6100,2024-01-31,0.1011111230056293,6
5958,2024-01-31,0.07358453699214591,8
9892,2024-03-31,0.3758538260258501,1
2307,2024-01-31,0.20418128448969497,2
6313,2024-04-30,0.13404605199879846,4
4505,2024-01-01,0.1223972161804834,5
8231,2024-01-31,0.18276297497559746,3
2598,2024-03-01,0.6119197234136505,1
2178,2024-03-31,0.049213523241787654,10
2919,2024-05-30,0.601809634698786,1
2864,2024-05-30,0.0692608312978515,8
1281,2024-05-30,0.0911475593130225,6
5574,2024-03-01,0.1467721601297249,4
5646,2024-05-30,0.06511359570111794,8
9616,2024-01-31,0.04137228936279432,10
6100,2024-01-01,0.1098721775542491,5
7678,2024-03-01,0.02367231470268723,10
403,2024-05-30,0.054824482001951245,9
1832,2024-01-31,0.11814374366634706,5
1248,2024-03-31,0.11281965081858823,5
9076,2024-01-31,0.2862533976554394,2
2626,2024-04-30,0.15020345611150826,4
2447,2024-05-30,0.05430920579357896,9
901,2024-01-01,0.14049648888933136,4
2172,2024-03-31,0.09914912488097108,6
3429,2024-05-30,0.04832046158880906,10
5704,2024-01-01,0.25113976967194207,2
5308,2024-05-30,0.09788778264346376,6
1228,2024-01-01,0.5048767737089463,1
8515,2024-03-31,0.08110518100411193,7
9382,2024-01-01,0.2933164201047336,2
6630,2024-01-01,0.11551622371076116,5
1560,2024-04-30,0.04464062040037816,10
8256,2024-05-30,0.08037790058980111,7
2949,2024-03-31,0.12469677755668125,5
3339,2024-01-31,0.08776280188958402,7
6504,2024-05-30,0.1375988436162692,4
3135,2024-03-01,0.02809344283207066,10
7856,2024-01-01,0.08674540010808952,7
713,2024-03-31,0.1691102153406599,3
9718,2024-04-30,0.056127346983789544,9
9347,2024-01-01,0.16447471356484877,3
1649,2024-05-30,0.06448635143518015,8
6657,2024-05-30,0.06829252522750319,8
4144,2024-01-31,0.25551033226224223,2
977,2024-03-01,0.34227987122511633,1
7242,2024-05-30,0.14342487274607654,4
1398,2024-04-30,0.05693566156891907,9
9614,2024-03-31,0.09848131318293639,6
2551,2024-01-31,0.042495312843424664,10
6343,2024-03-31,0.1841184787740351,3
6883,2024-03-01,0.07380762791304275,8
6388,2024-05-30,0.13709482944588353,4
9313,2024-05-30,0.03993675743254787,10
9189,2024-05-30,0.08885147445076726,7
4894,2024-03-01,0.056503524083043745,9
3062,2024-01-31,0.03005812717590954,10
4417,2024-01-31,0.08438735443644035,7
8113,2024-03-01,0.214360343770071,2
304,2024-01-01,0.0890302060159752,7
5892,2024-04-30,0.06787278082938854,8
3861,2024-03-01,0.12095397325880629,5
890,2024-03-31,0.2442284443899955,2
4731,2024-01-31,0.40927757334692894,1
9115,2024-03-01,0.08280926367337232,7
198,2024-03-01,0.09782400806135677,6
4747,2024-05-30,0.056024138537731326,9
2436,2024-03-01,0.07378359661756982,8
9389,2024-05-30,0.03536629765861727,10
9314,2024-01-31,0.152469481966615,4
2508,2024-03-01,0.13574444865147758,4
785,2024-05-30,0.05020068698723473,9
3350,2024-03-01,0.06132749524430608,9
8452,2024-03-31,0.12355181773687174,5
6241,2024-01-01,0.23706170362893103,2
9978,2024-05-30,0.2052701213113796,2
5140,2024-01-31,0.1415943330200476,4
2808,2024-03-31,0.06929099859704287,8
8211,2024-05-30,0.18285807158127806,3
4092,2024-01-31,0.0753943454948455,8
3341,2024-03-01,0.05023073666037639,9
384,2024-03-31,0.05519463984377159,9
8316,2024-05-30,0.19006246931145646,3
4826,2024-05-30,0.10124439252349657,6
2247,2024-04-30,0.2911310835571608,2
5409,2024-03-31,0.32036589135104115,1
3989,2024-03-31,0.023665032888610875,10
2862,2024-04-30,0.1918700956794319,3
1065,2024-05-30,0.07934552615632727,7
6732,2024-03-31,0.2552830868708395,2
77,2024-04-30,0.08803610009693012,7
8529,2024-03-01,0.04524489889326748,10
3854,2024-03-01,0.20488995049547304,2
2599,2024-01-31,0.08630446919382762,7
2628,2024-03-31,0.3121839173474318,1
3416,2024-05-30,0.11374332876810513,5
1324,2024-03-31,0.10734281473427967,5
9020,2024-05-30,0.21329123197437969,2
6339,2024-04-30,0.2101478357536443,2
1218,2024-01-01,0.29403926417665754,2
3052,2024-01-01,0.0953118760798433,6
876,2024-01-01,0.028892572180058005,10
6574,2024-03-31,0.2388142358328282,2
1819,2024-04-30,0.12263656887215832,5
4741,2024-01-01,0.04728449733346268,10
7704,2024-05-30,0.0293580535106155,10
8737,2024-05-30,0.25443187705902054,2
8178,2024-03-01,0.07877194909712122,7
5592,2024-04-30,0.06010819211634322,9
2873,2024-04-30,0.10568990807548329,6
4202,2024-01-01,0.17105739746344917,3
5417,2024-04-30,0.051639913165497695,9
6487,2024-04-30,0.1810375982628386,3
5494,2024-03-31,0.36571309174473904,1
768,2024-01-31,0.058494447673875724,9
3158,2024-05-30,0.06254477463494722,9
5448,2024-01-01,0.22477516319465457,2
3302,2024-04-30,0.3724469997342254,1
5021,2024-04-30,0.29366855652530394,2
4663,2024-03-01,0.1192289695517629,5
793,2024-05-30,0.038291093575045336,10
5889,2024-03-01,0.18620095451576385,3
1559,2024-04-30,0.13552341193356096,4
6690,2024-01-01,0.085675310829327,7
219,2024-01-31,0.03533194848626802,10
2420,2024-03-01,0.05910581848269303,9
5151,2024-03-01,0.2139749335669199,2
7196,2024-05-30,0.05650230054783461,9
8878,2024-05-30,0.051502012042912854,9
9599,2024-01-31,0.1930536413212649,3
6535,2024-03-31,0.3143323208950197,1
7885,2024-01-01,0.05156628204202649,9
8542,2024-03-01,0.07736347963916364,7
2585,2024-03-01,0.048420557910284434,10
7974,2024-01-01,0.17604847046273323,3
3066,2024-04-30,0.07476699809678639,8
9151,2024-05-30,0.20117995119374768,2
5448,2024-04-30,0.20301535547919705,2
5952,2024-03-01,0.1114188986185392,5
1529,2024-03-01,0.10219497785091897,6
7419,2024-01-31,0.042492394515976674,10
7863,2024-03-01,0.044069480100530106,10
4249,2024-01-31,0.09282740656629906,6
375,2024-03-31,0.13169036644674695,4
9058,2024-05-30,0.10740550132523875,5
3795,2024-01-01,0.07284690101519023,8
6720,2024-04-30,0.1338696139973961,4
5905,2024-01-01,0.06889468323082702,8
3334,2024-03-31,0.44611843982768296,1
5594,2024-04-30,0.036632937605560585,10
2949,2024-05-30,0.13577547293915473,4
5871,2024-01-01,0.056300801670384586,9
5807,2024-03-01,0.04543978916742012,10
39,2024-05-30,0.734787956493953,1
2967,2024-01-01,0.17410970743673312,3
3512,2024-01-31,0.12776507374508056,4
3226,2024-01-01,0.06574099196406684,8
1406,2024-03-31,0.23264219923694768,2
9745,2024-01-31,0.06217485267033493,9
5890,2024-01-01,0.08721731001932778,7
180,2024-03-01,0.05990530893294158,9
9472,2024-04-30,0.038330676813659384,10
6674,2024-01-31,0.06922594318596266,8
1109,2024-01-01,0.1316231433324393,4
7614,2024-01-31,0.1617113103092354,3
6860,2024-03-31,0.21658996006425135,2
4206,2024-01-01,0.10165771496168051,6
739,2024-04-30,0.13705915102460853,4
694,2024-03-01,0.11442481842207755,5
1800,2024-03-01,0.1489750435773654,4
3755,2024-03-31,0.19088441378352877,3
8369,2024-03-01,0.054926014782653874,9
4043,2024-01-01,0.11484577522879165,5
7482,2024-03-01,0.4780861281148225,1
8220,2024-01-01,0.19613362486882235,3
4222,2024-03-01,0.05230534515310934,9
9553,2024-04-30,0.1508676838210712,4
7593,2024-03-31,0.17610067420721387,3
824,2024-05-30,0.12504708195204345,5
7073,2024-05-30,0.059053771703844765,9
266,2024-05-30,0.16541562277982366,3
5642,2024-05-30,0.7479254454876267,1
3781,2024-03-01,0.08224781706385502,7
1203,2024-04-30,0.10873788988726524,5
1376,2024-01-31,0.7348645213725529,1
6840,2024-01-01,0.07627342135115624,8
255,2024-04-30,0.09081341963607323,6
8650,2024-01-31,0.15898180703246628,3
6272,2024-01-01,0.07321494464896175,8
6704,2024-03-31,0.2240967659065142,2
4593,2024-01-31,0.07899952480899483,7
2548,2024-03-01,0.07099424227447666,8
6101,2024-04-30,0.2244004664310885,2
3665,2024-01-01,0.03922660214272117,10
7340,2024-05-30,0.13117457096036586,4
7214,2024-01-01,0.08899513237750062,7
8673,2024-01-31,0.1295572666763479,4
1084,2024-03-31,0.12408596251330918,5
6078,2024-03-01,0.061119261169088335,9
8734,2024-04-30,0.08278766673470468,7
7295,2024-03-31,0.13208214650280808,4
5869,2024-01-01,0.06887000626657036,8
6826,2024-01-01,0.08329716635291737,7
8189,2024-03-31,0.09264014385068671,6
8178,2024-01-31,0.08239078637336396,7
1988,2024-01-01,0.11885290457182261,5
9760,2024-03-31,0.05632791334623062,9
8513,2024-01-01,0.0910933770727782,6
8863,2024-05-30,0.21667107824132098,2
9658,2024-03-31,0.16910955187686547,3
104,2024-03-01,0.11686771202433292,5
2914,2024-04-30,0.11506437552042334,5
5479,2024-03-01,0.36261347189853593,1
1952,2024-01-31,0.25930098682857805,2
2190,2024-01-01,0.04405753672357491,10
7436,2024-03-01,0.12887495513329464,4
6989,2024-04-30,0.08942794549696259,7
9664,2024-05-30,0.07390035960056593,8
318,2024-05-30,0.047163821198249946,10
271,2024-03-01,0.14352890313612543,4
34,2024-03-31,0.09662659832542567,6
4180,2024-03-31,0.07682973635519076,7
1739,2024-03-31,0.03436306664392371,10
4679,2024-03-01,0.0811433352163404,7
6110,2024-05-30,0.04719498109017739,10
3051,2024-03-01,0.15278441526717368,4
2487,2024-03-31,0.21109944479228362,2
187,2024-03-01,0.09005962353631927,6
7402,2024-04-30,0.0610544664590498,9
8094,2024-03-01,0.8221286466528591,1
4288,2024-04-30,0.20600075434637974,2
4524,2024-04-30,0.11248757640322052,5
4600,2024-03-31,0.08871903866459385,7
6092,2024-05-30,0.23198882224439094,2
6855,2024-01-01,0.14636571069800164,4
5997,2024-01-31,0.08082003346215022,7
4867,2024-01-31,0.11154312781605463,5
6501,2024-04-30,0.16153581937247063,3
4294,2024-04-30,0.10882567146974838,5
497,2024-05-30,0.1005868217461986,6
559,2024-05-30,0.08957842019744662,7
6769,2024-03-31,0.05809110046863572,9
3207,2024-01-31,0.10210793502813706,6
3003,2024-01-31,0.12442440058227616,5
2257,2024-01-31,0.2982239344662981,1
3557,2024-03-31,0.04812591028224449,10
3187,2024-01-01,0.1266427017521381,5
7866,2024-01-01,0.08042233936283147,7
671,2024-01-01,0.3052355965330956,1
3353,2024-05-30,0.1863354881117091,3
1298,2024-03-31,0.054004107227490085,9
1130,2024-01-01,0.17694290754026387,3
9926,2024-05-30,0.12990917844375746,4
1868,2024-03-31,0.15455171711078455,4
4730,2024-03-31,0.784011546137035,1
5278,2024-03-01,0.13817790078075948,4
1937,2024-05-30,0.05618290760303628,9
6228,2024-03-31,0.14955723334888082,4
7924,2024-03-01,0.3331211506542858,1
7080,2024-03-01,0.03922256335610981,10
1884,2024-01-01,0.055098658063217856,9
2305,2024-01-31,0.05739313653336306,9
2561,2024-05-30,0.18328677770811672,3
4375,2024-03-01,0.08207338625779498,7
5325,2024-01-31,0.08615786740150855,7
2414,2024-03-01,0.1480997616852385,4
4211,2024-01-31,0.06486287334244545,8
8527,2024-04-30,0.13276944231378565,4
5294,2024-01-01,0.36284563818923793,1
589,2024-03-01,0.1509565841855784,4
1635,2024-01-31,0.17233496586571648,3
9698,2024-03-31,0.11455576022800143,5
7944,2024-03-31,0.12533811131668574,5
2743,2024-05-30,0.09238356987125727,6
4821,2024-01-01,0.7377775892865103,1
2840,2024-03-01,0.04625865994986393,10
3910,2024-03-01,0.04344970036550642,10
330,2024-04-30,0.07593826514516144,8
2987,2024-01-01,0.04756401833288558,10
665,2024-05-30,0.10369910008950951,6
2166,2024-01-31,0.058162899885861,9
7383,2024-04-30,0.11246311967126055,5
1000,2024-05-30,0.09864036491683055,6
8691,2024-01-01,0.06542106413394412,8
6329,2024-03-31,0.0771268468775887,7
9923,2024-05-30,0.1086662175427078,5
2204,2024-01-01,0.2708510180683515,2
3191,2024-01-31,0.04248203022649808,10
1409,2024-03-31,0.160874401316092,3
5153,2024-03-01,0.1417456999112042,4
3566,2024-03-31,0.3058079321929242,1
2618,2024-03-01,0.08369842322934713,7
1787,2024-03-31,0.07242234521409019,8
1582,2024-03-01,0.15537745711384596,3
1177,2024-01-01,0.17406516812074663,3
7492,2024-01-01,0.18492082094157505,3
9930,2024-04-30,0.310533490408035,1
5645,2024-05-30,0.039284983118363266,10
2197,2024-04-30,0.05364005471701483,9
9642,2024-03-31,0.2028127658084064,2
4678,2024-03-31,0.14951454571466358,4
5534,2024-03-01,0.07488258507962732,8
5503,2024-03-01,0.10727375357378177,5
9347,2024-03-01,0.08714161409605713,7
1128,2024-04-30,0.07637121188122678,7
83,2024-01-31,0.04086162739181593,10
9643,2024-03-01,0.14102053953314705,4
9261,2024-05-30,0.03382960939574389,10
4555,2024-03-31,0.1314123928211279,4
2738,2024-04-30,0.17425685393595386,3
3164,2024-03-31,0.03367914718476397,10
2768,2024-01-01,0.08359774341524512,7
5054,2024-01-31,0.05021002318477665,9
9834,2024-04-30,0.10457359785851562,6
3540,2024-05-30,0.058447061779219184,9
8624,2024-05-30,0.10601290624943527,5
9326,2024-01-01,0.26448222766978075,2
3816,2024-03-01,0.0913566319556154,6
8820,2024-03-31,0.1021204464994818,6
375,2024-01-01,0.08445404604056285,7
4086,2024-03-01,0.12798107671245626,4
6987,2024-01-01,0.1415990578576327,4
2176,2024-01-31,0.05358529300601498,9
6162,2024-04-30,0.4584955812511996,1
1784,2024-03-31,0.14940973356025516,4
4436,2024-03-01,0.047045207354906686,10
4920,2024-03-01,0.05323537397113101,9
3410,2024-03-31,0.07356539784261275,8
7197,2024-04-30,0.16188692864323923,3
4362,2024-01-31,0.0665429495318339,8
5430,2024-03-01,0.05061109474874363,9
1381,2024-01-01,0.549869951340645,1
8013,2024-03-31,0.08170426957042505,7
8745,2024-03-01,0.1457829811816819,4
5317,2024-03-31,0.3198797297124532,1
4019,2024-01-31,0.14531559144827735,4
542,2024-03-31,0.18526368146298605,3
2826,2024-05-30,0.023124402544043035,10
4004,2024-03-31,0.062314471675752776,9
6691,2024-03-01,0.06964121165180914,8
332,2024-03-01,0.13186702643906376,4
62,2024-04-30,0.08236642090741196,7
1852,2024-04-30,0.08398479732547008,7
5180,2024-05-30,0.11851517987188759,5
6601,2024-05-30,0.13734797364352846,4
3355,2024-03-31,0.05265468598490573,9
9500,2024-01-01,0.1466455215575911,4
4839,2024-05-30,0.5492123267612771,1
4262,2024-01-31,0.16176374053410944,3
8279,2024-01-01,0.22519809202446653,2
18,2024-03-01,0.14878973014854485,4
9180,2024-01-01,0.7996759761007746,1
4508,2024-03-31,0.12292992216194921,5
3345,2024-01-31,0.19645921229744223,3
4899,2024-05-30,0.05576774132294739,9
2030,2024-03-01,0.10571660301216891,6
2865,2024-01-31,0.07655476396127954,7
6117,2024-05-30,0.12178782687159224,5
4412,2024-03-31,0.06664451510290527,8
5411,2024-05-30,0.09704737392569875,6
9974,2024-05-30,0.09676954083281353,6
5901,2024-04-30,0.05352237173241352,9
4120,2024-04-30,0.21823697668829448,2
5976,2024-01-31,0.277205613131037,2
2843,2024-01-01,0.08793222554243575,7
9765,2024-03-01,0.07889995611871552,7
886,2024-03-01,0.10993783160038398,5
3205,2024-05-30,0.3899347806854064,1
429,2024-03-31,0.1391236588460295,4
5389,2024-03-01,0.29188110107962184,2
3965,2024-04-30,0.12347966893243428,5
8779,2024-03-01,0.07227333433968401,8
3474,2024-04-30,0.14641378794775445,4
1266,2024-03-01,0.19098950726706898,3
7109,2024-01-01,0.10466659206352764,6
657,2024-05-30,0.27841171925145514,2
4628,2024-01-31,0.05843792018803458,9
1076,2024-01-31,0.15723193808892885,3
3438,2024-03-31,0.03712986428307518,10
3167,2024-05-30,0.34301799674649175,1
6628,2024-03-01,0.07930667447263688,7
2225,2024-01-31,0.07054678357149985,8
2548,2024-05-30,0.060174064285504335,9
4950,2024-03-01,0.05430044606812804,9
97,2024-04-30,0.34204188497803856,1
4022,2024-03-01,0.0696012398386375,8
761,2024-01-01,0.07328884903846034,8
5114,2024-01-31,0.110410935824819,5
8798,2024-01-01,0.0628567731219021,9
5916,2024-04-30,0.0558690044269759,9
5214,2024-01-31,0.05242986476661769,9
5105,2024-05-30,0.14517580577529796,4
8919,2024-01-31,0.10435219454449278,6
3147,2024-01-01,0.2970465380522182,1
3973,2024-01-31,0.10414286032985931,6
4639,2024-03-31,0.09718014195715059,6
2236,2024-03-01,0.05702855753985285,9
6584,2024-03-31,0.1778208410523612,3
5849,2024-01-01,0.041618224832894395,10
8294,2024-03-01,0.13661997782843535,4
9273,2024-03-01,0.1069722874587538,5
5154,2024-01-01,0.21312116583398474,2
2016,2024-03-01,0.09961624323369765,6
6784,2024-01-31,0.14918150508340622,4
7855,2024-04-30,0.11551768682056715,5
4558,2024-01-31,0.028763153413612286,10
3011,2024-01-31,0.2921821053250657,2
5995,2024-03-01,0.056707947246332525,9
7995,2024-03-01,0.0872917238493234,7
6737,2024-05-30,0.03211269123234477,10
6847,2024-04-30,0.05540088206491392,9
5468,2024-01-01,0.15913789506180773,3
4920,2024-04-30,0.052386765269616824,9
6902,2024-05-30,0.12386000117016874,5
6507,2024-01-31,0.16404539433396553,3
9428,2024-03-01,0.12415434541246687,5
7858,2024-01-01,0.264182911334696,2
6248,2024-01-31,0.1624873233315858,3
8167,2024-05-30,0.14937678637958207,4
4588,2024-05-30,0.05919865694078705,9
9626,2024-01-31,0.0648466874804957,8
469,2024-01-31,0.0976717043572866,6
1335,2024-03-01,0.05649437081058245,9
8523,2024-03-31,0.05861202542798366,9
223,2024-03-31,0.13366820853689979,4
7405,2024-01-31,0.0646072625914132,8
2127,2024-01-31,0.0719603106429085,8
6025,2024-03-01,0.20242718007154034,2
2781,2024-01-31,0.03582758004974732,10
6320,2024-01-31,0.038146132070333814,10
2115,2024-03-31,0.055100689297924374,9
943,2024-01-01,0.09067192598468406,6
5116,2024-03-31,0.05091980179828081,9
8453,2024-04-30,0.07624554017642947,8
3171,2024-01-01,0.10052254577365181,6
9972,2024-04-30,0.16146489306843914,3
4480,2024-04-30,0.3568829771338211,1
6071,2024-01-01,0.058038867978857676,9
7770,2024-01-01,0.08793536680335433,7
5317,2024-05-30,0.3024990923458374,1
8005,2024-05-30,0.044984310124984,10
4048,2024-03-01,0.053520193721102366,9
9081,2024-01-01,0.028253759273531614,10
5441,2024-03-31,0.08092570680247115,7
2486,2024-05-30,0.050370564311746864,9
8513,2024-03-31,0.06633402366307192,8
1730,2024-01-31,0.04356870979946931,10
3134,2024-01-01,0.05778155508744341,9
1712,2024-03-31,0.08993185628817911,7
4675,2024-03-31,0.13846648066070985,4
6467,2024-01-01,0.08455395821416326,7
3465,2024-04-30,0.12266755064148109,5
4054,2024-03-31,0.09547093603733076,6
6633,2024-01-31,0.08615421154699461,7
6541,2024-03-31,0.03337368450958619,10
2929,2024-03-01,0.23869072302538855,2
9238,2024-01-01,0.15688173310250203,3
2785,2024-05-30,0.10827033902574747,5
3516,2024-04-30,0.450161478988962,1
8114,2024-01-01,0.05854960305647825,9
7083,2024-01-01,0.12744399659364827,4
1394,2024-05-30,0.19162237501697874,3
5251,2024-01-01,0.11456046562866029,5
7358,2024-04-30,0.03385038901711959,10
1015,2024-05-30,0.36526475484171667,1
1090,2024-01-31,0.1265905715796418,5
7930,2024-01-31,0.06255998586130139,9
4164,2024-04-30,0.07805317962488612,7
8732,2024-04-30,0.138984643412806,4
4538,2024-03-01,0.08496278335555228,7
7028,2024-05-30,0.2178997536744742,2
2858,2024-04-30,0.0946473022361648,6
9951,2024-03-01,0.03763809821568042,10
5058,2024-05-30,0.2224577104779433,2
4619,2024-01-01,0.099404834751913,6
2442,2024-04-30,0.11625638484507897,5
8883,2024-04-30,0.17104520681499452,3
5338,2024-03-31,0.0828449530162121,7
2259,2024-01-01,0.4781544991212605,1
2365,2024-03-31,0.2229301801775422,2
5864,2024-01-31,0.06022542258815381,9
2262,2024-03-31,0.16313464017723617,3
9125,2024-05-30,0.13176803216002453,4
8013,2024-01-01,0.0844481701087703,7
4030,2024-05-30,0.1046372850817548,6
8061,2024-01-01,0.10452998967981533,6
9743,2024-04-30,0.029384327183426154,10
8059,2024-03-01,0.0737250247073309,8
4389,2024-03-31,0.03956262963991179,10
3762,2024-03-01,0.2915036117947001,2
9377,2024-03-01,0.43559929967993116,1
1474,2024-04-30,0.6831790795644848,1
6106,2024-05-30,0.05344027053149703,9
5770,2024-05-30,0.2676008323090137,2
1829,2024-04-30,0.10647751841575732,5
211,2024-03-31,0.09340861232580132,6
948,2024-03-31,0.05541709364290387,9
4967,2024-05-30,0.07517650828986593,8
2587,2024-04-30,0.2862700982877105,2
7266,2024-05-30,0.12312017268823806,5
4015,2024-01-01,0.06705017530727228,8
4496,2024-04-30,0.08492194346361503,7
9511,2024-01-31,0.09956840446615871,6
1668,2024-01-31,0.05710020150603618,9
1707,2024-05-30,0.06759020555444875,8
5576,2024-04-30,0.15932239491586406,3
2527,2024-05-30,0.3163206762712953,1
4121,2024-01-01,0.11641234489017739,5
856,2024-03-31,0.09772612898137703,6
1796,2024-05-30,0.13274064692861334,4
9635,2024-01-31,0.1613802620433193,3
8660,2024-01-01,0.1266704070842443,5
3491,2024-05-30,0.04651136155699594,10
7625,2024-05-30,0.05236122967730897,9
9800,2024-03-31,0.04532097481324736,10
9758,2024-05-30,0.08953849188913454,7
3835,2024-05-30,0.05232403311346591,9
470,2024-03-01,0.07519741756235614,8
7898,2024-04-30,0.13258787784445372,4
6782,2024-05-30,0.6050361101906627,1
4763,2024-05-30,0.09180085192957377,6
6933,2024-03-01,0.06967492668093288,8
2442,2024-01-31,0.12365517633105663,5
2664,2024-01-01,0.04884737861605015,10
7018,2024-03-01,0.19422123613683792,3
4964,2024-04-30,0.05703931146067324,9
1566,2024-03-01,0.07821426791243934,7
7100,2024-04-30,0.10466896422405389,6
2848,2024-01-31,0.1361668699150725,4
6355,2024-01-31,0.03222208818743379,10
6008,2024-03-01,0.05653230047926266,9
2516,2024-01-01,0.04727269890003593,10
9274,2024-01-01,0.05670215618521822,9
6121,2024-03-31,0.10990734671468894,5
5491,2024-04-30,0.03891763382232717,10
3592,2024-05-30,0.10457216143240915,6
2443,2024-01-31,0.04534136632477271,10
447,2024-03-01,0.09625023286964034,6
4444,2024-05-30,0.08165992441909373,7
4178,2024-01-31,0.04273531964330004,10
5659,2024-04-30,0.06081379262619434,9
3504,2024-03-01,0.12455329574415232,5
2890,2024-01-01,0.04618244030217339,10
3489,2024-03-31,0.10766491710466318,5
8027,2024-03-31,0.13281571737952153,4
6531,2024-05-30,0.08317540503357668,7
2417,2024-05-30,0.08860473023454665,7
2223,2024-03-31,0.14280222276065171,4
1356,2024-04-30,0.049363181337655916,10
1427,2024-01-01,0.21588228096696954,2
6517,2024-04-30,0.1026565157737702,6
8790,2024-03-31,0.06698359299222122,8
2039,2024-05-30,0.06630351135046754,8
3018,2024-05-30,0.12721671161361808,4
7244,2024-04-30,0.23350124907474643,2
3437,2024-01-01,0.8632415474622167,1
3352,2024-04-30,0.06417634187790153,8
3061,2024-03-31,0.06436321348844379,8
2574,2024-01-01,0.19171358496216434,3
5659,2024-03-01,0.06068530069655512,9
3329,2024-05-30,0.1652816903690104,3
6302,2024-04-30,0.16337624639837312,3
9217,2024-04-30,0.1069993999112209,5
8390,2024-04-30,0.07727380477530248,7
9119,2024-03-01,0.05899023541573384,9
3582,2024-01-31,0.04127927234496093,10
6838,2024-01-01,0.2624728087556448,2
9912,2024-03-31,0.0984133376548387,6
2001,2024-05-30,0.03533612480774635,10
7986,2024-01-31,0.4399249916999863,1
9571,2024-04-30,0.0833558853561042,7
2375,2024-03-31,0.3502950605717269,1
1083,2024-01-31,0.027909189715513406,10
6232,2024-03-01,0.09065252340182638,6
6469,2024-03-31,0.12311778227459112,5
414,2024-01-01,0.058314475099990395,9
7050,2024-01-01,0.033714214896139086,10
2241,2024-01-01,0.0964802395463811,6
4063,2024-03-31,0.06076980840069238,9
312,2024-03-31,0.1638399656430392,3
5522,2024-03-01,0.0775466306605773,7
6395,2024-01-31,0.037677019097478746,10
2236,2024-01-01,0.07701532444220159,7
4528,2024-01-01,0.0682770603476355,8
4934,2024-04-30,0.08793313734736002,7
7985,2024-01-01,0.1786985665570961,3
1267,2024-03-01,0.07713996856809262,7
7010,2024-03-01,0.14850955297297044,4
1055,2024-01-01,0.13468154409310892,4
9518,2024-04-30,0.0761509405839307,8
1569,2024-04-30,0.588969248461059,1
9747,2024-03-31,0.05699033654914985,9
2686,2024-05-30,0.12730513564227292,4
5187,2024-04-30,0.050841928496905914,9
4070,2024-03-01,0.03973902203941661,10
793,2024-01-01,0.04137347474602036,10
3185,2024-05-30,0.06534461778358001,8
6260,2024-03-01,0.09044520326992986,6
9042,2024-01-01,0.07241799497413129,8
6724,2024-01-31,0.11510386228943313,5
4174,2024-04-30,0.08805313514459015,7
3949,2024-03-01,0.07579147412160094,8
9527,2024-04-30,0.13125379405377632,4
4323,2024-04-30,0.10720308336294357,5
5184,2024-04-30,0.06285167929058054,9
1527,2024-01-01,0.3491566236964619,1
6585,2024-05-30,0.3098853269480878,1
3749,2024-04-30,0.2080931946156385,2
6585,2024-01-31,0.31352786782533193,1
7384,2024-01-31,0.03001141232266836,10
1791,2024-05-30,0.1876198706366812,3
4933,2024-03-01,0.13556127071634852,4
5081,2024-03-01,0.16542283414352232,3
2114,2024-03-31,0.16651667114840854,3
4438,2024-05-30,0.8658506615832927,1
8975,2024-04-30,0.1352508282190358,4
8344,2024-05-30,0.11625193749788132,5
3398,2024-03-31,0.041900413440000735,10
4251,2024-04-30,0.15196665905869422,4
7567,2024-01-01,0.09168013459354389,6
8221,2024-03-01,0.06838653804584813,8
1658,2024-04-30,0.1158254548770734,5
781,2024-03-31,0.0811757851324929,7
2619,2024-03-31,0.10190245096061189,6
699,2024-04-30,0.13627282276971125,4
7900,2024-05-30,0.07667362221853136,7
3754,2024-04-30,0.1520605405169871,4
2598,2024-01-31,0.49463805189007753,1
4600,2024-01-01,0.08987931208275586,7
4710,2024-05-30,0.06636707045422145,8
8064,2024-01-31,0.29634618763576237,2
9838,2024-03-31,0.09557586112124625,6
5993,2024-05-30,0.12008716128553017,5
4859,2024-04-30,0.03532025093226701,10
8175,2024-01-31,0.21527526141263342,2
1935,2024-03-01,0.07632707798076019,8
440,2024-03-31,0.10361455940691289,6
4618,2024-04-30,0.07579219804698874,8
7750,2024-01-31,0.11610018904900855,5
3619,2024-01-01,0.09834974807027226,6
3923,2024-01-31,0.060438607848376014,9
6836,2024-03-01,0.046492769136771236,10
936,2024-04-30,0.15818353187617643,3
325,2024-04-30,0.3172319115975047,1
1350,2024-01-01,0.5747493763035212,1
7488,2024-05-30,0.13776323247919617,4
3498,2024-04-30,0.20394890325759282,2
8304,2024-05-30,0.08138025556791481,7
4986,2024-04-30,0.0702222910259494,8
5141,2024-01-01,0.039328676673755454,10
3991,2024-03-01,0.06362858945265631,9
6490,2024-05-30,0.0840928515324628,7
2393,2024-05-30,0.062306894333032985,9
7187,2024-01-31,0.33488879448963543,1
7323,2024-04-30,0.0807976439280474,7
1574,2024-04-30,0.1716982498710062,3
7314,2024-04-30,0.4295161054582308,1
5736,2024-03-01,0.36599445146773746,1
3695,2024-01-31,0.2210998060791521,2
182,2024-05-30,0.07882705932482005,7
8917,2024-03-31,0.15850284933073983,3
511,2024-03-31,0.0808049817622296,7
737,2024-04-30,0.050205734898672236,9
7828,2024-04-30,0.3916162818160438,1
3727,2024-01-31,0.16320802513967184,3
894,2024-01-31,0.10973219232157405,5
7416,2024-05-30,0.07129463588031562,8
9915,2024-04-30,0.2743201392343022,2
5804,2024-03-01,0.05525076930631795,9
4527,2024-01-31,0.42792036236039893,1
4827,2024-03-01,0.04764186192265575,10
3014,2024-05-30,0.044061453757883784,10
6087,2024-03-01,0.35006010795830295,1
62,2024-03-31,0.08355367672936244,7
5526,2024-03-01,0.05875331046278356,9
7782,2024-05-30,0.11319137342342901,5
7271,2024-05-30,0.15197374384517773,4
8586,2024-03-31,0.1764335486913291,3
28,2024-04-30,0.072465187359961,8
1331,2024-05-30,0.38639085639364784,1
5024,2024-01-01,0.09895928990079692,6
4364,2024-05-30,0.1345129964123516,4
8462,2024-03-31,0.12441531165616922,5
9674,2024-01-31,0.12136980964574166,5
5296,2024-01-01,0.40671671876967885,1
9415,2024-04-30,0.07812292951697976,7
1416,2024-03-01,0.07772694393642975,7
621,2024-05-30,0.3535752611286704,1
3448,2024-03-01,0.4124316563776347,1
7450,2024-04-30,0.029990331605641306,10
3918,2024-03-01,0.07163477259106656,8
3002,2024-03-01,0.10100615048733731,6
4751,2024-03-01,0.10625805956895729,5
1098,2024-01-31,0.12865713757615205,4
8814,2024-01-01,0.11518349743964051,5
9600,2024-01-01,0.09408362457701386,6
8992,2024-01-01,0.13922188113966955,4
2033,2024-01-01,0.23643185074755493,2
5178,2024-05-30,0.06413804318486425,8
9467,2024-01-31,0.07206096561321651,8
2148,2024-03-01,0.21798980156035325,2
7450,2024-01-01,0.04582975826946573,10
2230,2024-05-30,0.07730414054780295,7
3867,2024-03-01,0.192915490859864,3
1086,2024-01-31,0.025989315763267403,10
168,2024-01-01,0.9998171663351573,1
6770,2024-03-01,0.11210037640856929,5
1712,2024-04-30,0.1162761354329692,5
7257,2024-03-01,0.1686675157133895,3
2134,2024-04-30,0.18636489316360463,3
7284,2024-01-01,0.049730340235057756,10
2002,2024-03-31,0.07012014300519817,8
1834,2024-03-01,0.08319787396821537,7
9887,2024-05-30,0.45103509224274935,1
6562,2024-04-30,0.8541253295917741,1
1834,2024-05-30,0.07201428847326118,8
8025,2024-03-01,0.08335038663836683,7
4280,2024-03-01,0.10110483628209588,6
7603,2024-05-30,0.07908480634696197,7
8505,2024-03-31,0.3053482193019866,1
2642,2024-01-31,0.14558157387643206,4
6437,2024-05-30,0.07550922577391771,8
923,2024-01-31,0.06248543867215889,9
7916,2024-04-30,0.20046883656090075,3
6127,2024-01-01,0.1201728071923998,5
7543,2024-01-31,0.12085921739956584,5
3137,2024-05-30,0.052492325118779645,9
7946,2024-03-01,0.11765010889731192,5
7334,2024-03-31,0.06336854592869441,9
7168,2024-03-31,0.08099878424358897,7
9518,2024-03-01,0.10399836541178764,6
400,2024-01-01,0.06900576575667464,8
4470,2024-01-01,0.4996644337689737,1
4172,2024-05-30,0.2975678551300423,1
8543,2024-05-30,0.09000551302797785,6
7763,2024-01-01,0.32235447860596755,1
9713,2024-03-01,0.19124689744290468,3
2701,2024-05-30,0.11584787095355951,5
649,2024-01-01,0.05024463832910212,9
5462,2024-03-01,0.071886039987147,8
4037,2024-05-30,0.10826840625950872,5
5211,2024-03-31,0.28533194668145323,2
8405,2024-01-31,0.3619606170211961,1
9097,2024-04-30,0.17474470340478684,3
6933,2024-05-30,0.06058276619678,9
5812,2024-01-31,0.164254676969465,3
4393,2024-03-01,0.1137148263442023,5
5809,2024-01-31,0.075098831966466,8
4884,2024-01-01,0.11024386186653029,5
5074,2024-03-31,0.07633186763486134,8
3801,2024-03-01,0.18257181186102955,3
5778,2024-04-30,0.1359746954714213,4
7414,2024-04-30,0.041681754495411505,10
870,2024-01-31,0.0849550903070871,7
7475,2024-03-31,0.21956601213620586,2
6868,2024-03-31,0.07774902168652141,7
25,2024-04-30,0.21677031829698154,2
1361,2024-04-30,0.1275869004972175,4
8826,2024-01-31,0.034516905889802545,10
989,2024-03-01,0.2607100312655015,2
6539,2024-01-31,0.09644455069497315,6
9359,2024-01-01,0.3958109646411276,1
9277,2024-05-30,0.05759615435716786,9
8550,2024-05-30,0.09703592173271236,6
9026,2024-04-30,0.0534184352933761,9
6849,2024-01-01,0.14969575182066164,4
9369,2024-03-31,0.5104723932697657,1
1835,2024-01-31,0.04375560828400377,10
8708,2024-01-31,0.1310140359506462,4
3125,2024-03-31,0.22741272322546413,2
3698,2024-03-01,0.052346668421883194,9
2554,2024-03-01,0.17368987685236145,3
5408,2024-01-01,0.11626241431395885,5
2750,2024-01-31,0.06649104881265336,8
8200,2024-01-31,0.056855002554991804,9
9505,2024-01-01,0.0847416685372526,7
8482,2024-04-30,0.08271706979124951,7
8184,2024-01-01,0.1356121810855401,4
4382,2024-04-30,0.11444544453712506,5
6966,2024-01-31,0.2397449828423498,2
9342,2024-03-01,0.18788153682799077,3
5407,2024-03-31,0.5632914776578829,1
6454,2024-01-01,0.13672889380071385,4
8717,2024-04-30,0.09004955470885746,6
2749,2024-05-30,0.3896151005989204,1
9077,2024-05-30,0.09965741144541505,6
7690,2024-01-31,0.058245757659889055,9
3380,2024-04-30,0.28525193660698184,2
2287,2024-04-30,0.039191071671044915,10
8193,2024-03-31,0.04250084703981543,10
4421,2024-05-30,0.16799018952616251,3
4465,2024-03-31,0.08674579536262264,7
9582,2024-01-31,0.050644027049451236,9
3984,2024-03-31,0.19466797714476555,3
7612,2024-03-31,0.38326643435387847,1
1031,2024-01-01,0.1638802633591064,3
8632,2024-05-30,0.14635090570508402,4
1537,2024-04-30,0.2758696683973288,2
2349,2024-04-30,0.12373806282016131,5
9343,2024-05-30,0.21183050381837482,2
5035,2024-03-01,0.11782228676849835,5
5374,2024-01-01,0.12397986515415362,5
4700,2024-04-30,0.15338203736116865,4
7910,2024-01-01,0.08165153611350981,7
3108,2024-03-31,0.05063850085242312,9
712,2024-03-01,0.150844679094485,4
9772,2024-03-01,0.20514814852107396,2
2657,2024-05-30,0.15092583366958823,4
9919,2024-01-31,0.23690024063670784,2
617,2024-04-30,0.0628890438843088,9
9023,2024-03-01,0.1591741774986461,3
8541,2024-03-31,0.16990636912404566,3
4173,2024-03-31,0.09086646186092243,6
8622,2024-04-30,0.18103669730997632,3
242,2024-01-31,0.07987948351852249,7
37,2024-04-30,0.037084746792036515,10
77,2024-03-31,0.07459296179119214,8
3754,2024-05-30,0.12324726141648425,5
9547,2024-04-30,0.05953230914014868,9
6525,2024-01-31,0.11682005674788559,5
1945,2024-03-31,0.02618045810850795,10
1229,2024-04-30,0.03762383318494974,10
6265,2024-04-30,0.2638336921667494,2
6856,2024-01-01,0.049321239089839486,10
3972,2024-01-31,0.9834433721916105,1
4852,2024-01-31,0.10113691555549671,6
4711,2024-01-01,0.032123629379057016,10
7637,2024-04-30,0.14741086871026754,4
4244,2024-05-30,0.1997107075359211,3
143,2024-03-01,0.057901618596842085,9
2828,2024-04-30,0.16682098011230273,3
8585,2024-03-31,0.04551777061613082,10
3131,2024-01-01,0.08566995370446048,7
298,2024-03-31,0.07997815641783564,7
8493,2024-01-01,0.390014366865895,1
3108,2024-03-01,0.05182349822545811,9
7424,2024-03-31,0.19018611427423784,3
6290,2024-01-01,0.09976896777458419,6
9866,2024-03-01,0.591910608652045,1
3898,2024-01-01,0.0629610025580421,9
2867,2024-04-30,0.042089034729414096,10
187,2024-01-01,0.05241704318009631,9
6484,2024-03-31,0.057226444822116654,9
6626,2024-03-31,0.4230620870292005,1
1889,2024-05-30,0.043463371668264264,10
5034,2024-03-31,0.09699360383142673,6
6053,2024-03-31,0.1369111552849051,4
1860,2024-03-31,0.1082046044715988,5
6584,2024-05-30,0.12222957680584744,5
5621,2024-01-31,0.04780724479062114,10
2154,2024-03-31,0.0744443083730989,8
2986,2024-03-01,0.14311530555654864,4
8602,2024-01-31,0.09247592137479933,6
3601,2024-03-31,0.10501974296239543,6
4077,2024-03-31,0.14272648356501305,4
3900,2024-04-30,0.11918889838996599,5
1573,2024-03-31,0.16707738198182526,3
4321,2024-05-30,0.10576166964351244,6
2120,2024-01-31,0.1248917264246254,5
2318,2024-01-31,0.5087773225663451,1
6693,2024-04-30,0.10588154184134592,6
2827,2024-05-30,0.06467107185208872,8
6602,2024-01-31,0.05704001186445372,9
6661,2024-04-30,0.07517529018560913,8
5104,2024-03-31,0.07550790700829164,8
4678,2024-03-01,0.1737529619820059,3
4280,2024-03-31,0.12269540504425266,5
5911,2024-04-30,0.15241259499203028,4
8777,2024-01-01,0.0718283828997661,8
9470,2024-05-30,0.10358339401710127,6
6234,2024-03-31,0.1461521615772493,4
9955,2024-04-30,0.04114854893150681,10
2762,2024-01-31,0.06365545635080574,9
976,2024-01-01,0.14559235213471752,4
235,2024-01-31,0.1458448441182454,4
5408,2024-03-01,0.11674958778404299,5
920,2024-01-01,0.13135164902963845,4
8652,2024-01-31,0.032137333747042106,10
6163,2024-01-31,0.10125491492302843,6
5187,2024-01-01,0.04955027597416368,10
7843,2024-05-30,0.04691869130655529,10
568,2024-01-01,0.04540724093106962,10
6047,2024-04-30,0.08875338651247952,7
9856,2024-01-31,0.043792721568804094,10
4834,2024-01-31,0.10608731746300301,5
7599,2024-05-30,0.04720544404060189,10
9778,2024-03-31,0.07909863892736542,7
1311,2024-01-31,0.07940363357367478,7
563,2024-01-31,0.07824255397949406,7
1805,2024-01-31,0.1584897338019798,3
8979,2024-03-31,0.1434710463695205,4
1251,2024-01-31,0.036942701027861874,10
2046,2024-01-01,0.15395250765369317,4
4805,2024-04-30,0.053716232773776705,9
5789,2024-03-31,0.12744643608138276,4
490,2024-01-31,0.057733734634573396,9
3129,2024-05-30,0.11254670570781283,5
422,2024-01-01,0.09948882762347241,6
3646,2024-05-30,0.14377545717908585,4
5857,2024-01-31,0.48547338746850555,1
9354,2024-01-31,0.6073785736820335,1
9059,2024-04-30,0.06800475333659252,8
260,2024-03-01,0.2186182339285894,2
7068,2024-01-31,0.23100801560858633,2
6337,2024-04-30,0.1000280182854539,6
7687,2024-01-31,0.9473328828435621,1
2425,2024-03-31,0.053686387869450326,9
4399,2024-05-30,0.1541813322569619,4
2542,2024-01-31,0.3761328629500641,1
5524,2024-05-30,0.11940755381947543,5
4397,2024-01-01,0.16759823174591132,3
8744,2024-03-31,0.0796518478347131,7
2995,2024-05-30,0.04260433047167224,10
594,2024-03-01,0.022555896391377256,10
3376,2024-01-01,0.1689565847025733,3
391,2024-04-30,0.1739181766998193,3
2134,2024-03-31,0.1776014001610025,3
1196,2024-04-30,0.14416950246332,4
1725,2024-05-30,0.056110971923802565,9
7888,2024-03-01,0.05898980451772081,9
8853,2024-01-31,0.06135769520689897,9
9409,2024-04-30,0.18756010880957286,3
8911,2024-04-30,0.22803142219827305,2
7089,2024-03-31,0.16906062144244668,3
6996,2024-03-01,0.1381472506161034,4
3613,2024-04-30,0.13186029973169025,4
9679,2024-01-31,0.23052467433166218,2
7608,2024-05-30,0.05614674134530738,9
7733,2024-01-31,0.1162826801522484,5
6176,2024-03-31,0.08272331175268381,7
5689,2024-03-31,0.1462720027775375,4
4270,2024-01-31,0.12208732841337008,5
7432,2024-01-31,0.07758415592010572,7
4786,2024-05-30,0.40407533823071595,1
9469,2024-01-01,0.09154567924829422,6
4542,2024-01-01,0.19015476872446305,3
9819,2024-03-31,0.32805648365034284,1
353,2024-01-31,0.12869473437157014,4
8,2024-01-01,0.2533826999494278,2
5769,2024-01-31,0.2067275348340461,2
6782,2024-03-31,0.656984091016764,1
854,2024-01-01,0.07820917294245841,7
155,2024-03-01,0.05261451936962611,9
6208,2024-01-31,0.03864539765041342,10
2727,2024-01-31,0.10573289863413991,6
7844,2024-05-30,0.056252914571756574,9
612,2024-03-31,0.0320219459654761,10
9067,2024-04-30,0.27127237323578174,2
4729,2024-03-31,0.17499741776359065,3
588,2024-05-30,0.11587687420237562,5
841,2024-05-30,0.035547223220020976,10
4814,2024-01-01,0.07284303268762064,8
6928,2024-04-30,0.0713385399892539,8
9665,2024-01-01,0.06092318369798794,9
2882,2024-04-30,0.10461518863966429,6
3218,2024-03-31,0.09590146240432586,6
1813,2024-01-31,0.07048085864281353,8
5798,2024-04-30,0.15288564231066767,4
4774,2024-01-31,0.09384613897244715,6
4684,2024-01-01,0.1767801420253397,3
948,2024-03-01,0.05058596676984261,9
5461,2024-01-01,0.2352735396046548,2
1750,2024-05-30,0.074941893921382,8
4742,2024-05-30,0.09565208992061208,6
1584,2024-03-01,0.13647437136017207,4
3501,2024-03-01,0.09557737370541611,6
7506,2024-03-31,0.10030300385211134,6
9844,2024-01-01,0.1662996562628311,3
4316,2024-01-31,0.07020753230729487,8
5116,2024-03-01,0.07020166147041533,8
9015,2024-04-30,0.09926176092908319,6
4765,2024-01-31,0.07568449660477677,8
7898,2024-03-01,0.20118606997775768,2
5098,2024-01-01,0.07104415682294862,8
825,2024-03-31,0.23629411523552885,2
3885,2024-01-01,0.24778099811723642,2
3844,2024-03-01,0.07574855278432178,8
9381,2024-04-30,0.18314870464401586,3
7198,2024-03-31,0.21462512223433372,2
249,2024-05-30,0.12773285936137074,4
6292,2024-05-30,0.8089622489293241,1
6752,2024-03-31,0.3700438854763439,1
7873,2024-04-30,0.23878589114910598,2
9472,2024-05-30,0.03060644698209931,10
1003,2024-01-31,0.10451897584878977,6
5686,2024-04-30,0.40022991333402347,1
6681,2024-03-01,0.11260759120626762,5
3521,2024-03-01,0.09149378511434221,6
9600,2024-03-01,0.08897648813039995,7
2618,2024-01-31,0.09431588515650143,6
7159,2024-05-30,0.04544470771051007,10
48,2024-03-01,0.14583417748240476,4
5248,2024-04-30,0.14233531292397314,4
7365,2024-04-30,0.18504680354942593,3
1684,2024-03-31,0.200862353194847,3
2468,2024-03-01,0.22820414720393717,2
1519,2024-01-31,0.10861841004165448,5
9410,2024-03-31,0.03776799830234211,10
5134,2024-05-30,0.1174317561323204,5
2083,2024-04-30,0.12234764846532194,5
1859,2024-03-31,0.04826506462696799,10
47,2024-03-31,0.17545943275217418,3
6883,2024-01-31,0.06233864296242377,9
3438,2024-01-31,0.035622156027243564,10
831,2024-01-01,0.11714442761699036,5
1297,2024-01-01,0.22420680343033617,2
7137,2024-01-01,0.030642369263212798,10
3231,2024-05-30,0.1642656061279451,3
5554,2024-01-31,0.12475864504420735,5
168,2024-03-31,0.22757304077410717,2
6377,2024-03-31,0.16853308810350026,3
4311,2024-03-01,0.39378777735158915,1
6607,2024-03-31,0.06243574449404238,9
1244,2024-03-31,0.08670906827962088,7
2461,2024-03-31,0.13294394560872558,4
1393,2024-05-30,0.046081682758273596,10
1729,2024-01-01,0.04610230228140819,10
9888,2024-04-30,0.08982045635429603,7
3957,2024-03-31,0.06536709021047996,8
2376,2024-01-31,0.07082420846223808,8
3401,2024-03-31,0.367654578694127,1
776,2024-01-31,0.17036524648033124,3
9144,2024-03-31,0.25855820157697734,2
4325,2024-03-31,0.03070637497959913,10
3231,2024-03-01,0.0827131278326575,7
6399,2024-03-01,0.232180963249503,2
3906,2024-04-30,0.3556782192697346,1
5555,2024-04-30,0.07761916690396863,7
659,2024-01-01,0.12805306383503304,4
7039,2024-03-01,0.17886390519732567,3
7935,2024-04-30,0.13394346579609354,4
9421,2024-05-30,0.0924333739618079,6
4668,2024-01-31,0.08533965562147647,7
9729,2024-03-31,0.12044563437456164,5
7809,2024-03-01,0.10132188423331741,6
8212,2024-01-31,0.16719115818067706,3
5083,2024-01-31,0.3193239551667096,1
4695,2024-01-31,0.07190965157408953,8
5796,2024-05-30,0.11904954260737718,5
2065,2024-05-30,0.064795999812378,8
8500,2024-01-01,0.1756501135299449,3
2779,2024-01-31,0.04654975573369845,10
9794,2024-03-31,0.07375157143368316,8
6474,2024-03-31,0.07995795122338357,7
6148,2024-03-01,0.02900225060958262,10
8456,2024-01-31,0.07829690843945747,7
3600,2024-01-01,0.05858946008546728,9
7258,2024-03-01,0.0681536984981724,8
7732,2024-04-30,0.03425737287886041,10
4723,2024-04-30,0.20262667116154987,2
4991,2024-03-01,0.1808393789903784,3
4187,2024-05-30,0.054663935837629594,9
9220,2024-03-31,0.20861430448012275,2
1797,2024-04-30,0.08639588815331498,7
6060,2024-03-01,0.0802941458696824,7
3142,2024-04-30,0.08142525029290354,7
6897,2024-04-30,0.034723124857297914,10
3940,2024-03-31,0.04538105989916024,10
6857,2024-03-01,0.03366431217850741,10
8991,2024-04-30,0.12344506578661199,5
3634,2024-01-31,0.09171168343820991,6
2073,2024-05-30,0.12795996861398498,4
2291,2024-05-30,0.13726556463473616,4
2336,2024-03-31,0.06007977792217529,9
9745,2024-05-30,0.05752669271990022,9
9600,2024-05-30,0.12064538599677631,5
9870,2024-05-30,0.13976884430315165,4
2805,2024-04-30,0.11018743895044934,5
1621,2024-01-01,0.06138276941283656,9
9606,2024-03-31,0.05677258030597427,9
3209,2024-01-01,0.4226613980726363,1
9348,2024-01-01,0.16169576775217515,3
8530,2024-01-01,0.47361267336800167,1
2232,2024-04-30,0.1199866535499852,5
3648,2024-04-30,0.2207207502132573,2
7605,2024-03-01,0.050589227114229286,9
3826,2024-03-01,0.09590228647202166,6
747,2024-05-30,0.09866572327061264,6
461,2024-03-01,0.08295759190610873,7
7709,2024-01-31,0.26433741903026553,2
9810,2024-03-01,0.2698675330760745,2
4527,2024-03-01,0.3947949644656122,1
4461,2024-01-31,0.20384235659878616,2
1789,2024-01-31,0.40810820139495707,1
8723,2024-05-30,0.06816458406468617,8
9671,2024-03-01,0.09799769763201854,6
116,2024-05-30,0.12427676098111573,5
9835,2024-04-30,0.06329982789067747,9
8765,2024-01-01,0.1538624232494047,4
9983,2024-04-30,0.06945595478044227,8
8512,2024-03-31,0.05174921006009678,9
8257,2024-03-31,0.03860386334296711,10
409,2024-01-31,0.1327349856160748,4
1834,2024-01-31,0.05614492137580569,9
5333,2024-01-31,0.04968723785620294,10
1041,2024-04-30,0.09242662538132725,6
1517,2024-03-31,0.12775947385744585,4
1089,2024-04-30,0.2620582917452716,2
3941,2024-03-01,0.08889452920897181,7
2770,2024-03-31,0.10296896316569808,6
534,2024-04-30,0.05521274326435955,9
7667,2024-01-01,0.06884780435527559,8
2760,2024-03-01,0.08780597187557669,7
726,2024-04-30,0.27118694861737475,2
1502,2024-01-31,0.49713969242106704,1
3314,2024-03-31,0.20290921661964045,2
6370,2024-03-01,0.35226995629983693,1
320,2024-01-01,0.3156500390704878,1
8354,2024-01-31,0.1356906618021983,4
6610,2024-05-30,0.1263927680839556,5
4582,2024-03-31,0.07495246795499919,8
1361,2024-01-31,0.12531746500661672,5
3212,2024-05-30,0.09853759794770063,6
8780,2024-03-31,0.09882880607326475,6
3253,2024-01-31,0.10969734818421328,5
9007,2024-03-31,0.1894235578169817,3
1801,2024-01-01,0.14129149633420426,4
8196,2024-03-31,0.05923149612597257,9
8510,2024-04-30,0.09640970058748963,6
9162,2024-04-30,0.07576856851810174,8
2480,2024-03-01,0.04291502675474146,10
1425,2024-01-01,0.10352649950369155,6
3012,2024-05-30,0.11807996502590258,5
1622,2024-03-31,0.1359929371274888,4
8297,2024-01-31,0.04133554987248342,10
7019,2024-01-01,0.08366939948703463,7
6058,2024-04-30,0.08196987253853247,7
4913,2024-03-31,0.2920449195693219,2
5195,2024-04-30,0.05142141239962367,9
9382,2024-05-30,0.2540926442567137,2
1873,2024-01-01,0.14644560533749443,4
8013,2024-01-31,0.08989094504732383,7
3070,2024-01-01,0.3433111400994468,1
5489,2024-03-31,0.10878779923503677,5
3891,2024-05-30,0.0624490550857577,9
6464,2024-01-31,0.11892513149454075,5
8949,2024-01-01,0.20000365304176054,3
9800,2024-01-31,0.06539859384178014,8
8368,2024-01-31,0.047288487873647526,10
3583,2024-03-31,0.0641272690140107,8
1025,2024-01-31,0.07645168469906952,7
8250,2024-01-01,0.5102719913607123,1
5369,2024-03-01,0.13055013900456544,4
139,2024-04-30,0.06022090225646835,9
661,2024-01-01,0.09876020882537029,6
8077,2024-03-01,0.05066452413347688,9
1512,2024-01-31,0.048015807049505234,10
3284,2024-03-01,0.10830166608252836,5
3255,2024-03-01,0.06661141614362331,8
137,2024-01-01,0.21641272011961643,2
9518,2024-01-01,0.07215302407179679,8
8647,2024-01-01,0.27439831660032254,2
5832,2024-03-01,0.1400807620392055,4
5145,2024-01-01,0.09137572761280442,6
7461,2024-01-31,0.21113323518942007,2
5248,2024-01-31,0.10076647084688457,6
8092,2024-05-30,0.40219172212940757,1
7440,2024-01-01,0.04385055764220098,10
8766,2024-04-30,0.1298410752785024,4
6480,2024-05-30,0.12160704120442078,5
1009,2024-04-30,0.06744589251364981,8
7742,2024-01-31,0.6418262939591829,1
1201,2024-03-31,0.2555702636061707,2
5173,2024-05-30,0.08441551017124518,7
4149,2024-01-31,0.10585938657286544,6
8315,2024-01-01,0.17519290329216647,3
8705,2024-01-01,0.09612010208431548,6
3763,2024-03-01,0.40361971664551627,1
4186,2024-03-31,0.26616556701046823,2
1072,2024-01-01,0.2705815513497872,2
1586,2024-05-30,0.05535669115762336,9
1296,2024-04-30,0.12962142259108128,4
5669,2024-04-30,0.14544346660688717,4
8274,2024-03-01,0.0825435121767014,7
798,2024-01-31,0.04087231437483798,10
4293,2024-01-01,0.05357043154091888,9
887,2024-04-30,0.06394409694383796,8
394,2024-01-01,0.21127268618376713,2
6572,2024-01-31,0.394331344110316,1
34,2024-04-30,0.07406271459128251,8
6651,2024-05-30,0.1271785615124635,5
3558,2024-01-31,0.2042923413818068,2
4337,2024-03-31,0.1652968328683782,3
7768,2024-01-01,0.262277970432284,2
4017,2024-03-31,0.10622260542952498,5
7550,2024-03-31,0.1693324245705036,3
2290,2024-01-31,0.15054931396625115,4
1566,2024-03-31,0.0802279965450884,7
9072,2024-01-01,0.39158506627493644,1
975,2024-03-31,0.12771978142661472,4
3153,2024-03-31,0.15118142803013407,4
1959,2024-05-30,0.1344220408716662,4
8436,2024-01-01,0.034993498440033646,10
9535,2024-03-01,0.1696688298943363,3
3828,2024-01-31,0.17326023997617943,3
5701,2024-03-31,0.23050369945763105,2
965,2024-03-01,0.2524598765419793,2
6094,2024-01-31,0.15623007865080418,3
2285,2024-05-30,0.12737140845021028,4
5860,2024-01-01,0.05774272630451281,9
8927,2024-03-01,0.04412868627816122,10
3155,2024-04-30,0.050252399578011885,9
2773,2024-01-01,0.07020263596382312,8
4498,2024-04-30,0.13059291702099937,4
6644,2024-01-01,0.09107851930964876,6
4195,2024-01-01,0.060810725481985864,9
9753,2024-03-31,0.09585169056045952,6
5005,2024-03-01,0.059957464825562204,9
3373,2024-01-01,0.06871765198109445,8
7344,2024-01-01,0.13484802528282486,4
2281,2024-03-31,0.03861410455799528,10
7620,2024-01-01,0.07481205730061496,8
2305,2024-04-30,0.044148479875984255,10
3952,2024-01-01,0.09708854340946795,6
5109,2024-05-30,0.11131451107095508,5
3574,2024-01-31,0.10421038463304222,6
4952,2024-04-30,0.046143842606210815,10
3497,2024-05-30,0.04515671480197937,10
4686,2024-05-30,0.3374612489717736,1
640,2024-01-31,0.13271597410307942,4
9261,2024-03-01,0.07485646720653907,8
6476,2024-01-31,0.05437589275835438,9
3468,2024-01-01,0.0660500110397065,8
7090,2024-03-01,0.11781251056271255,5
9196,2024-05-30,0.3539207576676616,1
6553,2024-03-31,0.2040151042408595,2
954,2024-05-30,0.04561671296180937,10
3899,2024-04-30,0.038865309060201365,10
5381,2024-05-30,0.11164782531984048,5
849,2024-03-01,0.09805903705214924,6
9199,2024-03-31,0.19468771812684157,3
1657,2024-03-01,0.09853174138220636,6
6410,2024-03-01,0.053671531053955154,9
4799,2024-05-30,0.07120796979676611,8
9810,2024-03-31,0.22144019910863685,2
9610,2024-01-31,0.06870497530286511,8
6604,2024-03-01,0.12175011143495645,5
3483,2024-03-01,0.06075276074742942,9
4327,2024-05-30,0.05488598961932387,9
2179,2024-01-01,0.0637177174033419,9
666,2024-05-30,0.1224954235561103,5
7312,2024-01-31,0.4444426543937056,1
3450,2024-01-01,0.1081873796509413,5
4805,2024-05-30,0.05628405065365315,9
6562,2024-01-01,0.95321989440065,1
5478,2024-03-31,0.1498645533474196,4
9020,2024-03-01,0.26836559884936806,2
3004,2024-04-30,0.18901990077886807,3
2971,2024-03-31,0.036386119691291685,10
8622,2024-01-31,0.10569843034606852,6
4794,2024-05-30,0.1143547688314623,5
6567,2024-04-30,0.030239095042108293,10
1608,2024-03-31,0.04427617535653643,10
3776,2024-05-30,0.1420221511890244,4
3730,2024-05-30,0.20525770619542238,2
3500,2024-01-31,0.06296192934058757,9
5893,2024-04-30,0.1104587067419766,5
4715,2024-03-31,0.07359558368858636,8
9922,2024-04-30,0.047775086215496504,10
3469,2024-04-30,0.2709692075393994,2
8728,2024-04-30,0.06499155540808225,8
5598,2024-01-31,0.06698850530777095,8
4117,2024-03-01,0.05247215407152656,9
2961,2024-05-30,0.0862938104281051,7
844,2024-01-01,0.15034202443641678,4
9428,2024-05-30,0.10602867736711151,5
1096,2024-01-31,0.09338578050722444,6
9171,2024-04-30,0.07887148822842652,7
5208,2024-04-30,0.11078045738738367,5
3010,2024-01-31,0.30722766920684297,1
7746,2024-01-01,0.12011719158227123,5
1000,2024-01-01,0.06966795871013422,8
3624,2024-01-31,0.07294839483940291,8
1867,2024-03-01,0.10224256599163731,6
5425,2024-01-01,0.07307303712029793,8
2132,2024-01-31,0.29765643553755533,1
2660,2024-01-01,0.24960944659037274,2
5230,2024-05-30,0.19389633483064253,3
7726,2024-03-01,0.13456648540401625,4
8221,2024-01-31,0.057536081037894246,9
5916,2024-01-01,0.046101481803264184,10
3310,2024-03-01,0.3012857201786823,1
1575,2024-03-31,0.031904069410655385,10
6822,2024-04-30,0.07759838595185004,7
3157,2024-03-31,0.20248505061775787,2
9881,2024-01-31,0.04918790713531235,10
2184,2024-03-01,0.263343134428061,2
5564,2024-04-30,0.08113648635251045,7
1444,2024-01-01,0.4711852365220307,1
6632,2024-01-01,0.07195924140325496,8
3560,2024-01-31,0.07647367901103938,7
6812,2024-03-01,0.33865767721730966,1
7152,2024-04-30,0.10515452256704448,6
76,2024-04-30,0.17432912783803028,3
5023,2024-03-31,0.15923518245942497,3
7886,2024-01-31,0.10098372836772666,6
442,2024-01-01,0.22337882066657302,2
7734,2024-03-31,0.09765757198534607,6
2139,2024-05-30,0.24566724513350166,2
9382,2024-03-01,0.40591002511806007,1
650,2024-04-30,0.22834870552281517,2
2856,2024-01-01,0.05211860023119679,9
5899,2024-05-30,0.046728011192232514,10
9372,2024-01-31,0.18368216480988553,3
5778,2024-03-01,0.10287810005565312,6
3781,2024-01-01,0.08042561083112171,7
6203,2024-01-31,0.06248955628927019,9
1717,2024-05-30,0.08409024434588022,7
2292,2024-05-30,0.06745098487645831,8
3868,2024-03-01,0.07658225109912882,7
5970,2024-03-01,0.050271030331881406,9
4748,2024-03-31,0.06315603205502275,9
7259,2024-01-01,0.06772993842218475,8
9063,2024-01-31,0.21072745923801536,2
4580,2024-04-30,0.13928903639079523,4
6550,2024-01-31,0.10311909125461191,6
5590,2024-03-01,0.05119402596106068,9
2087,2024-01-01,0.07450484290486262,8
2994,2024-05-30,0.18977119368757198,3
1102,2024-01-01,0.13099872682695243,4
3237,2024-04-30,0.13829531779674845,4
3549,2024-01-31,0.08177878921921221,7
5671,2024-04-30,0.09851600203160604,6
6815,2024-05-30,0.4624581672983687,1
661,2024-04-30,0.06552072184245575,8
6256,2024-04-30,0.09224106228318989,6
7242,2024-01-31,0.11691096901598742,5
3666,2024-04-30,0.033091726935379644,10
4639,2024-01-31,0.10064920645086059,6
8053,2024-05-30,0.14670840846254835,4
5763,2024-01-31,0.6925282277047162,1
7400,2024-03-31,0.2744774884620388,2
568,2024-04-30,0.11666639351937601,5
7001,2024-03-31,0.11439008161926356,5
7135,2024-03-01,0.14519094777183789,4
2294,2024-03-31,0.05534603733294496,9
2957,2024-03-31,0.08856639740706865,7
4572,2024-03-31,0.09363144949631913,6
4754,2024-04-30,0.052071988934333284,9
7168,2024-01-01,0.09275979987959054,6
5352,2024-01-31,0.07195698259581028,8
8618,2024-03-01,0.09474520814518055,6
8034,2024-04-30,0.06188579268297927,9
5031,2024-03-01,0.2057459671811243,2
1884,2024-05-30,0.08120418645823065,7
4742,2024-01-01,0.05099274351723417,9
4244,2024-01-01,0.10021779954341956,6
296,2024-04-30,0.3267726914256071,1
8900,2024-04-30,0.07679653343283653,7
2514,2024-03-01,0.04078572179609353,10
619,2024-05-30,0.09438526531489823,6
9836,2024-03-01,0.1806538115833228,3
5784,2024-01-01,0.1300873252557285,4
9799,2024-01-01,0.09651665790341012,6
2528,2024-05-30,0.15224308605222875,4
9273,2024-01-01,0.11824051796828766,5
3782,2024-03-31,0.08000286433834568,7
307,2024-01-01,0.13959979851470986,4
1633,2024-04-30,0.0378974532368285,10
3555,2024-01-01,0.038693996725419004,10
4459,2024-03-01,0.23527157495463114,2
4666,2024-01-01,0.40292933497433636,1
6160,2024-01-01,0.15235331423706783,4
1104,2024-03-31,0.07370987734648396,8
6340,2024-01-31,0.11002183787907739,5
8300,2024-03-01,0.185182394699318,3
5798,2024-03-31,0.23922130053479082,2
1589,2024-03-31,0.2513144181601644,2
8689,2024-03-31,0.084568474348685,7
7299,2024-01-31,0.11134773692273285,5
7103,2024-04-30,0.24552789320863636,2
363,2024-01-31,0.07533596704060026,8
3152,2024-05-30,0.11663918095124809,5
4967,2024-03-01,0.12547659999292557,5
1377,2024-03-31,0.059189234903057955,9
5216,2024-01-31,0.05287460254174978,9
5170,2024-04-30,0.08864983014759369,7
4985,2024-03-01,0.07540028177391407,8
3146,2024-05-30,0.10999881978524516,5
4629,2024-05-30,0.16587518980264676,3
7832,2024-04-30,0.1114944681661629,5
1550,2024-03-01,0.1254401938660119,5
6775,2024-05-30,0.253191099458942,2
1094,2024-01-31,0.1947754098334643,3
2386,2024-03-01,0.44627187961994513,1
3954,2024-05-30,0.6330376107851982,1
4940,2024-05-30,0.2826522239577508,2
5859,2024-05-30,0.17915211361368588,3
5581,2024-05-30,0.08561303180785149,7
4782,2024-03-31,0.0925795590415086,6
6470,2024-04-30,0.3746707300426864,1
8746,2024-01-01,0.047780229344182364,10
6254,2024-01-31,0.05507673590569165,9
91,2024-04-30,0.1642982691945697,3
3865,2024-03-31,0.09381750389219806,6
988,2024-05-30,0.04868019916487311,10
9234,2024-03-01,0.08152277316510947,7
1588,2024-03-31,0.06389084380157962,8
501,2024-03-01,0.23780625437821687,2
6550,2024-05-30,0.0764224104776623,7
945,2024-03-01,0.09677071259713309,6
1576,2024-03-01,0.06723885454433196,8
3343,2024-03-31,0.32081221207331634,1
473,2024-05-30,0.083301452404928,7
9293,2024-01-01,0.09585094055703247,6
8218,2024-05-30,0.11626011988294867,5
4248,2024-03-01,0.6496042837049065,1
4185,2024-03-01,0.0966938788305385,6
1598,2024-01-31,0.07820216471674245,7
8795,2024-04-30,0.10278664370481892,6
4073,2024-03-01,0.16263877119844242,3
1138,2024-05-30,0.39440105994579566,1
5345,2024-01-01,0.13723769427712132,4
5741,2024-03-31,0.14309875297098762,4
1751,2024-01-31,0.06704463258805794,8
3439,2024-03-31,0.24017452013640866,2
3628,2024-03-31,0.2561977226220846,2
7570,2024-03-01,0.09612061795913551,6
7085,2024-01-31,0.2760325569038954,2
7142,2024-03-31,0.07931795439672158,7
3950,2024-01-01,0.17052737179064076,3
2082,2024-01-31,0.1365776511393194,4
2941,2024-01-31,0.062414904206660175,9
9229,2024-01-31,0.05947002676274934,9
983,2024-01-31,0.021971622756703734,10
9534,2024-01-31,0.07455258245445401,8
2389,2024-05-30,0.1722353924030044,3
2990,2024-01-01,0.08474937331042022,7
2793,2024-03-01,0.1882908267602901,3
3673,2024-03-01,0.04457022772028411,10
5988,2024-03-31,0.2590101469726077,2
955,2024-04-30,0.1860430950951416,3
9926,2024-03-31,0.17164414618523366,3
1638,2024-05-30,0.06937921499032926,8
8978,2024-01-01,0.05131629827660009,9
4843,2024-03-01,0.117140763868681,5
9167,2024-05-30,0.1975325439515773,3
8375,2024-03-01,0.5055480981585184,1
4778,2024-03-01,0.06337873397938215,9
9474,2024-03-31,0.04126870255382059,10
7495,2024-05-30,0.07044500823235025,8
6347,2024-03-31,0.06182384832455666,9
6394,2024-01-01,0.07802354248431072,7
9849,2024-03-31,0.22825430179412962,2
3099,2024-03-31,0.05717841563007543,9
9430,2024-01-01,0.12679620686694473,5
2561,2024-04-30,0.3002369524425293,1
2609,2024-03-01,0.051200869629878215,9
2155,2024-05-30,0.0684857556944025,8
6560,2024-01-31,0.03281349867449497,10
5865,2024-01-01,0.2237979631077866,2
7499,2024-03-31,0.2935474543369946,2
980,2024-01-01,0.04834869265255244,10
5437,2024-01-31,0.04172268448778912,10
6246,2024-05-30,0.09517075612836234,6
7665,2024-01-01,0.1675459994489639,3
5718,2024-01-01,0.4826341280503891,1
4884,2024-03-01,0.08122402866620979,7
8810,2024-01-01,0.12228175949411596,5
5439,2024-03-01,0.40780113534426243,1
7740,2024-04-30,0.07448377365585439,8
5574,2024-03-31,0.10998050233005581,5
701,2024-05-30,0.4252784820376497,1
4242,2024-01-31,0.2875059055334187,2
5022,2024-03-31,0.07772480095163851,7
8410,2024-03-01,0.09388446254968869,6
5402,2024-03-31,0.046975882831132104,10
480,2024-03-31,0.035792928370569445,10
3772,2024-05-30,0.08332423352164715,7
9699,2024-05-30,0.04516864546911958,10
8467,2024-05-30,0.10587008159870656,6
934,2024-01-31,0.08595703071600606,7
3398,2024-01-01,0.04923231469077547,10
9945,2024-03-01,0.03801270985706447,10
8703,2024-01-01,0.06423754997069651,8
8232,2024-01-01,0.2372215986414004,2
3423,2024-05-30,0.06118373484643214,9
8397,2024-04-30,0.2134334546470902,2
873,2024-01-01,0.04196695580639172,10
4981,2024-03-31,0.07783507826930704,7
6451,2024-03-31,0.181014216386481,3
1186,2024-05-30,0.2442344596512018,2
9381,2024-01-31,0.09967962697154155,6
1883,2024-04-30,0.2009587131516451,2
1923,2024-01-31,0.45241733656954164,1
6341,2024-03-01,0.4015878402272742,1
5081,2024-05-30,0.5387797312764744,1
4264,2024-01-01,0.05618688506614989,9
9669,2024-01-31,0.16106492675492104,3
7760,2024-03-31,0.09597160245211456,6
2569,2024-03-31,0.17215022806135594,3
8108,2024-03-31,0.08042980033441732,7
5492,2024-01-01,0.1031730805153238,6
4876,2024-03-31,0.24290365088465188,2
2715,2024-04-30,0.5986681071674118,1
970,2024-01-01,0.04022751104007349,10
60,2024-03-01,0.08040346879795933,7
3321,2024-03-01,0.1731769067832935,3
5116,2024-01-31,0.07792506337666989,7
5508,2024-01-31,0.06993911711257508,8
8572,2024-04-30,0.04674638299270893,10
2607,2024-03-01,0.04703250863710681,10
7109,2024-03-31,0.10526943592746466,6
8235,2024-01-31,0.14095295391394488,4
5081,2024-03-31,0.14248048923216683,4
1117,2024-03-01,0.03472090262680991,10
4560,2024-05-30,0.07406909653325061,8
864,2024-04-30,0.20269639540734952,2
630,2024-04-30,0.046245370661814916,10
991,2024-01-31,0.07626772143037909,8
921,2024-03-01,0.7186451585175838,1
157,2024-04-30,0.3469190961671033,1
5412,2024-01-01,0.08426117441746357,7
5953,2024-03-31,0.04740571576116991,10
1918,2024-03-31,0.0733072784058206,8
3510,2024-01-31,0.1256455149639119,5
6305,2024-04-30,0.11111872158086329,5
6257,2024-03-31,0.09943590676949497,6
1429,2024-01-31,0.2132866851044895,2
8019,2024-03-31,0.10577131213365602,6
960,2024-01-01,0.07544267069824954,8
6138,2024-04-30,0.1595751135355905,3
5637,2024-03-31,0.09019478373080193,6
8512,2024-05-30,0.07994831376276246,7
7940,2024-01-01,0.07940270123895855,7
2221,2024-03-01,0.037959458327514774,10
7866,2024-01-31,0.06692738207755415,8
6964,2024-01-01,0.12928053989590196,4
8464,2024-03-01,0.18553851099704116,3
6624,2024-05-30,0.04728886521116713,10
7479,2024-03-01,0.07749129762545454,7
3409,2024-01-01,0.1316276006574838,4
7693,2024-04-30,0.06909875030729765,8
4269,2024-05-30,0.08940106855424497,7
1020,2024-05-30,0.18241899406990028,3
1283,2024-05-30,0.05397917176649993,9
3440,2024-03-31,0.04989424938965586,10
8284,2024-03-31,0.37773258422393086,1
793,2024-04-30,0.0383875814958316,10
4543,2024-03-31,0.23784216174261139,2
6281,2024-03-31,0.05724222115971541,9
6420,2024-03-01,0.041837146698423706,10
7682,2024-01-31,0.034579691382880536,10
7035,2024-03-31,0.1132945258982774,5
6010,2024-03-31,0.13604451178403315,4
6943,2024-01-31,0.06028908365083329,9
494,2024-05-30,0.09755268119410108,6
992,2024-05-30,0.08324882241552052,7
3479,2024-01-31,0.07557139338988479,8
4030,2024-03-31,0.1267265639741408,5
5046,2024-05-30,0.10838325695007449,5
5856,2024-03-31,0.23281570232193785,2
5346,2024-04-30,0.08485877952751844,7
9159,2024-03-01,0.04392771214433908,10
7828,2024-01-31,0.38117523536795533,1
2894,2024-01-31,0.15694888466537113,3
6807,2024-01-31,0.24427121515117736,2
2182,2024-04-30,0.03656734335319938,10
8508,2024-04-30,0.14082126910982265,4
7995,2024-01-31,0.11163936844695227,5
9940,2024-01-31,0.06863807123784428,8
6303,2024-01-01,0.0796782535505987,7
5846,2024-01-01,0.08080195534599738,7
5915,2024-05-30,0.05142221527573416,9
8587,2024-05-30,0.051578424221729,9
4320,2024-01-01,0.10881415573868237,5
573,2024-03-01,0.12224472914357223,5
7851,2024-01-31,0.11012436550305138,5
6261,2024-04-30,0.06970270856208223,8
9377,2024-05-30,0.46481152471593823,1
2847,2024-05-30,0.11045099602912259,5
8657,2024-03-31,0.19037796854699324,3
4336,2024-01-31,0.05997747374342373,9
1112,2024-01-31,0.10516572619906728,6
8459,2024-03-31,0.20858997778905136,2
5769,2024-03-31,0.24648764199574133,2
1080,2024-04-30,0.4462283227967558,1
7471,2024-03-31,0.04239884324047717,10
5018,2024-01-31,0.1197996875473472,5
7383,2024-03-31,0.08392831910023602,7
9271,2024-03-01,0.21189944997999305,2
7790,2024-03-01,0.0984760901356802,6
4795,2024-01-31,0.039119689928336136,10
4163,2024-01-01,0.08887704577770301,7
7818,2024-01-31,0.1398639854740277,4
856,2024-05-30,0.058356469469714574,9
9570,2024-03-01,0.08092154277366939,7
1618,2024-01-31,0.17028636593096438,3
2901,2024-01-01,0.03809317699719487,10
76,2024-03-31,0.31483287262104076,1
5241,2024-04-30,0.08947617022039368,7
6817,2024-03-31,0.10694483178278619,5
5877,2024-05-30,0.14082447731774725,4
5194,2024-03-01,0.20402350558999738,2
2921,2024-01-31,0.046088455777693264,10
8754,2024-04-30,0.09315061773956464,6
8905,2024-01-01,0.10285213917105872,6
692,2024-04-30,0.060414724560856,9
1670,2024-03-31,0.07547600554524432,8
5802,2024-01-31,0.0689249754306626,8
159,2024-03-31,0.3904446292887374,1
5685,2024-01-31,0.2051180539460716,2
6019,2024-01-31,0.07425073749845483,8
6767,2024-04-30,0.07922891303123958,7
7198,2024-04-30,0.22000143939554606,2
9452,2024-03-31,0.13224225104789333,4
2896,2024-03-01,0.10754268579675352,5
6129,2024-03-31,0.21373076180255565,2
2759,2024-03-31,0.08953134834450574,7
3038,2024-01-31,0.08428942453313724,7
7478,2024-03-31,0.05353676955337572,9
2447,2024-01-31,0.5673728153812893,1
2792,2024-01-01,0.059192847327096454,9
1261,2024-01-01,0.18843143727560566,3
7955,2024-01-01,0.2513568342507083,2
541,2024-03-01,0.11750980525630833,5
6488,2024-01-31,0.1445308456798307,4
7380,2024-03-01,0.05819905376783053,9
5647,2024-03-31,0.9394660263656994,1
9479,2024-03-31,0.05600382100290216,9
8160,2024-03-01,0.2966697785480349,1
3468,2024-04-30,0.0687955341382849,8
2632,2024-01-01,0.07588983598274507,8
5570,2024-01-31,0.09676256470538999,6
3197,2024-01-31,0.03397810994941185,10
7213,2024-03-31,0.05174656327829498,9
8123,2024-01-31,0.20388213876548256,2
4713,2024-05-30,0.0845507454444119,7
9475,2024-05-30,0.06314943828112007,9
5230,2024-01-31,0.21616342758839746,2
4972,2024-04-30,0.48263341349516664,1
7817,2024-03-01,0.1239675943445117,5
64,2024-01-31,0.10584608129852986,6
9104,2024-01-01,0.08019624966209739,7
9240,2024-03-01,0.13455397259432128,4
1032,2024-03-01,0.09948510303528244,6
9588,2024-03-31,0.3276031346961514,1
523,2024-05-30,0.2181974567018379,2
7901,2024-05-30,0.38159981669244747,1
2330,2024-03-31,0.15424199346302905,4
4111,2024-05-30,0.2754457793180516,2
2018,2024-01-01,0.25812825470893336,2
6909,2024-01-01,0.1115985952709102,5
2830,2024-01-31,0.052190828838496114,9
8019,2024-01-01,0.12857965840057733,4
483,2024-01-31,0.2333528600973377,2
1588,2024-05-30,0.047489634241432176,10
7680,2024-04-30,0.1110135171380926,5
3093,2024-01-31,0.1242987906338535,5
8744,2024-03-01,0.07096338322070064,8
2157,2024-01-01,0.06497366408343087,8
3807,2024-04-30,0.09050969084998167,6
8531,2024-04-30,0.18806159883045157,3
9512,2024-03-31,0.1143826238462312,5
2974,2024-03-01,0.03566497268243643,10
181,2024-03-01,0.10854068071958167,5
2467,2024-01-31,0.6998493176982143,1
7676,2024-03-31,0.47686738757315755,1
407,2024-01-31,0.12262714693475624,5
3562,2024-01-31,0.1833813044151278,3
2055,2024-03-01,0.1818234876341349,3
216,2024-01-01,0.19400208697368201,3
3261,2024-01-01,0.039059791540918376,10
5239,2024-03-31,0.1374729989875667,4
7853,2024-03-01,0.7176293641802135,1
8736,2024-05-30,0.10907722752608034,5
7834,2024-01-31,0.19936808690150706,3
3416,2024-03-31,0.14823489670770745,4
4842,2024-01-31,0.11433659403353391,5
3243,2024-03-01,0.11349952619359827,5
9062,2024-03-01,0.12935727343197356,4
1863,2024-04-30,0.0801803433679932,7
4942,2024-03-01,0.10266658825795097,6
4315,2024-05-30,0.18481076752576725,3
8326,2024-01-31,0.06274293244501977,9
7049,2024-04-30,0.4376680199998241,1
472,2024-03-01,0.17859792882700604,3
9714,2024-03-31,0.06421777324855787,8
7053,2024-01-01,0.08726710672759637,7
5841,2024-03-31,0.14918465382835167,4
1767,2024-04-30,0.04256549567941745,10
6676,2024-05-30,0.06258970008710733,9
960,2024-05-30,0.0669304487902609,8
9573,2024-03-01,0.1317314398692154,4
5642,2024-01-31,0.5432068915170065,1
3075,2024-01-01,0.10534936220591266,6
2008,2024-01-01,0.15433739462399346,4
2186,2024-04-30,0.16055032746359682,3
4991,2024-04-30,0.1548865889018724,4
543,2024-03-01,0.2245056164267714,2
8177,2024-05-30,0.05406452290144541,9
6904,2024-04-30,0.24372558137784658,2
8449,2024-03-01,0.07582433308637399,8
8440,2024-03-01,0.14918915943496236,4
1756,2024-05-30,0.06874084417085656,8
4303,2024-01-31,0.07971827147390498,7
9517,2024-05-30,0.14825563837475783,4
466,2024-04-30,0.06927164532471636,8
3368,2024-01-31,0.039126505651875504,10
6796,2024-03-01,0.04748442144613009,10
2699,2024-01-31,0.40560265221409786,1
8642,2024-01-31,0.17930133130319328,3
7461,2024-05-30,0.0780099846848899,7
2066,2024-03-01,0.29785552874089855,1
6050,2024-03-31,0.09360677694335488,6
9498,2024-03-31,0.07197939312170247,8
5456,2024-03-31,0.19948469663747848,3
7208,2024-01-01,0.07378389226934834,8
6536,2024-03-01,0.06445260069445072,8
6801,2024-01-01,0.32786750017276295,1
8270,2024-03-31,0.0728742142739907,8
644,2024-03-01,0.15856455355943302,3
209,2024-03-31,0.08455778481906769,7
2631,2024-03-01,0.061113593412972934,9
6808,2024-01-01,0.5121912708590586,1
5084,2024-05-30,0.2619469511773225,2
3712,2024-04-30,0.033640556885857056,10
7872,2024-03-01,0.25492914947802475,2
6381,2024-03-01,0.16225032946663678,3
2643,2024-01-01,0.2718702538672542,2
131,2024-01-31,0.08195467210138456,7
6553,2024-04-30,0.21682672010934712,2
2598,2024-03-31,0.5216987569873749,1
931,2024-01-31,0.21006869068622047,2
3109,2024-01-31,0.3346235490110108,1
5741,2024-05-30,0.07627869645027478,8
3855,2024-01-01,0.11243712160926192,5
5651,2024-01-31,0.11413364655971078,5
3226,2024-05-30,0.07601247280541103,8
6904,2024-03-31,0.22825429755372575,2
2797,2024-04-30,0.07360184737019965,8
5888,2024-05-30,0.10640637824532125,5
8476,2024-03-31,0.1204832165546745,5
8848,2024-01-01,0.400636045465345,1
1851,2024-03-01,0.2228163242464206,2
6372,2024-05-30,0.07790580107682067,7
7817,2024-01-31,0.07409597862360343,8
328,2024-05-30,0.06750211541850269,8
6824,2024-04-30,0.04480588894366589,10
7705,2024-05-30,0.07063705061957161,8
7191,2024-03-01,0.07939960926568575,7
8841,2024-03-31,0.21518219734881205,2
347,2024-01-31,0.09209144472210917,6
6965,2024-03-01,0.052178138310186264,9
878,2024-05-30,0.15533376497183882,3
1889,2024-03-31,0.049371185637992754,10
5616,2024-03-31,0.06240364993963249,9
3472,2024-05-30,0.06553072689576674,8
2983,2024-01-31,0.29401217137894525,2
6684,2024-04-30,0.13411013097316613,4
6950,2024-01-31,0.09394433684775129,6
4573,2024-01-01,0.4931943362261614,1
6218,2024-01-31,0.1453788304244632,4
7860,2024-05-30,0.29533590063562537,2
3522,2024-05-30,0.0906315138594012,6
849,2024-01-01,0.1417284522149418,4
8321,2024-03-31,0.052096475369877285,9
3197,2024-01-01,0.03239597969328097,10
4375,2024-01-01,0.1156538094408982,5
5915,2024-03-01,0.04702736743050579,10
1427,2024-05-30,0.18553789525467188,3
4593,2024-03-01,0.08247770798831566,7
162,2024-01-31,0.10243824936045509,6
7393,2024-04-30,0.2687038589194552,2
2603,2024-03-31,0.03470392780539561,10
8875,2024-01-31,0.0950873953098902,6
36,2024-03-31,0.13167359370976664,4
3490,2024-01-31,0.9999999954868379,1
7200,2024-03-01,0.35713853857530475,1
6876,2024-03-31,0.22976563348252338,2
8299,2024-01-01,0.253867223848762,2
2264,2024-01-31,0.13094431754456776,4
3992,2024-04-30,0.08299680016942737,7
441,2024-03-01,0.07773976240208871,7
8843,2024-01-31,0.08328784939651482,7
4634,2024-03-01,0.08408547456737885,7
600,2024-03-01,0.06286872244023867,9
1048,2024-05-30,0.17012674090482904,3
1358,2024-01-01,0.7862017471715275,1
4111,2024-03-01,0.17508406030915774,3
8052,2024-04-30,0.10479444457421708,6
6838,2024-05-30,0.35929263372891385,1
6505,2024-03-01,0.12304827014677938,5
2391,2024-01-31,0.11039903879533397,5
4963,2024-05-30,0.10067462843628029,6
117,2024-04-30,0.1860533681488944,3
5979,2024-03-31,0.0860007818043851,7
4175,2024-03-01,0.0830953974343339,7
9407,2024-03-31,0.10332332438890346,6
1073,2024-04-30,0.1606207124804275,3
4705,2024-04-30,0.139154729320561,4
2791,2024-03-01,0.04878332507534817,10
4404,2024-03-01,0.3032850246280093,1
7916,2024-01-31,0.1713239410257733,3
2153,2024-03-01,0.2524104185295146,2
4857,2024-01-01,0.10363885208196084,6
210,2024-01-31,0.0986173221239691,6
9172,2024-03-01,0.15553219104717297,3
5812,2024-04-30,0.14562159319970303,4
5048,2024-05-30,0.07851666634299231,7
2645,2024-03-01,0.27014774871543273,2
8982,2024-03-01,0.11861006021980178,5
1089,2024-01-31,0.11062751281419612,5
5243,2024-01-31,0.026646286372092227,10
2667,2024-03-31,0.05979586477532659,9
5014,2024-05-30,0.14644480516413413,4
3024,2024-04-30,0.17602410772423846,3
1686,2024-03-31,0.10744979465331796,5
9710,2024-03-01,0.09069567722787426,6
1719,2024-01-31,0.09882876570103752,6
9401,2024-05-30,0.0879375613691638,7
5956,2024-03-31,0.09448412939302477,6
9636,2024-03-01,0.0677025757433198,8
1780,2024-03-01,0.6538014581286012,1
8016,2024-05-30,0.05183803922427348,9
5474,2024-04-30,0.05684740126257376,9
367,2024-01-01,0.11174248720119066,5
6901,2024-04-30,0.4818038474565719,1
1870,2024-04-30,0.3134403684006964,1
1937,2024-03-01,0.09155475786573528,6
197,2024-01-01,0.14165207935103527,4
1289,2024-01-01,0.19735938249377044,3
7918,2024-01-31,0.06800643585057718,8
7676,2024-05-30,0.5638663467374819,1
6976,2024-04-30,0.5129055835230123,1
1935,2024-01-01,0.10625414589539299,5
2835,2024-01-01,0.07751461326872691,7
2176,2024-05-30,0.06375025165715831,9
3094,2024-01-01,0.12566450846890842,5
1906,2024-05-30,0.14705441775775305,4
3943,2024-04-30,0.27628529392306395,2
5294,2024-03-01,0.3783584622790574,1
5101,2024-03-31,0.09703452510355814,6
962,2024-03-31,0.15282399317786563,4
9117,2024-01-31,0.08301910525460394,7
9720,2024-05-30,0.13196850909097277,4
1046,2024-03-01,0.12577722321394585,5
9306,2024-03-01,0.17650658854757698,3
2410,2024-01-01,0.049325313221936055,10
8442,2024-03-31,0.1396762492558624,4
6625,2024-03-01,0.06432218678310894,8
9645,2024-01-31,0.12545208577345976,5
6347,2024-01-31,0.06849996033008983,8
194,2024-01-01,0.44341422787096907,1
2122,2024-03-01,0.10111787632650437,6
9929,2024-04-30,0.11785197063551096,5
9727,2024-05-30,0.3274319564627638,1
838,2024-01-31,0.08790968129026935,7
4120,2024-05-30,0.24348316364579276,2
2742,2024-01-31,0.1001844189207633,6
3562,2024-04-30,0.158733053365915,3
9891,2024-05-30,0.13717975364323254,4
4116,2024-01-31,0.056451432665607953,9
5416,2024-01-31,0.15617320549141428,3
4591,2024-04-30,0.08659123135959122,7
1602,2024-03-01,0.08918310307788826,7
8910,2024-04-30,0.04578238163634923,10
3261,2024-03-31,0.04359215280814041,10
6000,2024-03-01,0.08013500232257796,7
4419,2024-01-31,0.06226626143719288,9
5271,2024-05-30,0.05272443990211694,9
1279,2024-04-30,0.27813752961670357,2
2246,2024-03-01,0.0821098105900235,7
4045,2024-04-30,0.1322306319610726,4
9303,2024-01-31,0.1413451905403653,4
7474,2024-04-30,0.0859026877567514,7
3550,2024-01-01,0.07271372266250371,8
5058,2024-04-30,0.19268974584393841,3
603,2024-04-30,0.09017970012243078,6
3078,2024-04-30,0.4537182976786907,1
6299,2024-01-31,0.0320063101472561,10
4567,2024-01-31,0.30209312853782416,1
3891,2024-03-01,0.03634664852792276,10
3826,2024-03-31,0.0790101609567765,7
5649,2024-03-31,0.2781966038986836,2
7273,2024-01-31,0.1617982051402999,3
9764,2024-03-31,0.11735329314192332,5
1754,2024-04-30,0.0644799335532801,8
7361,2024-01-01,0.06246356168987298,9
6187,2024-01-31,0.1133303638176754,5
5754,2024-01-31,0.08708985078839956,7
3555,2024-03-01,0.04765694003828053,10
414,2024-03-01,0.06302354730733271,9
4444,2024-01-31,0.14235689906503535,4
6093,2024-01-31,0.13922041680722594,4
9825,2024-05-30,0.052897882265525116,9
2916,2024-01-31,0.2291370555260382,2
6629,2024-01-31,0.47437432391365864,1
7332,2024-03-31,0.08342607993687666,7
2066,2024-04-30,0.0869673928110417,7
3848,2024-03-01,0.0423707013567837,10
6084,2024-03-01,0.08841353798442225,7
9861,2024-01-01,0.16189363156602224,3
1258,2024-05-30,0.26310325705502086,2
1724,2024-01-01,0.36061720306928213,1
6128,2024-04-30,0.12070178864303546,5
6832,2024-05-30,0.08920642422298228,7
4754,2024-03-31,0.05111241151144614,9
9786,2024-01-01,0.10427361168879724,6
2574,2024-04-30,0.22582266269175796,2
56,2024-03-01,0.1091491325753198,5
373,2024-04-30,0.03445055646237379,10
8302,2024-01-31,0.11966256739871498,5
6477,2024-03-31,0.08611763081284449,7
619,2024-03-01,0.06046426796429047,9
4582,2024-01-31,0.07685474531864138,7
2529,2024-03-01,0.18653384170786957,3
6143,2024-03-01,0.1261668142940549,5
9105,2024-01-31,0.19888005650323978,3
7618,2024-05-30,0.027979115184442856,10
4736,2024-04-30,0.15125204725961278,4
8612,2024-03-01,0.06462170347442954,8
9326,2024-05-30,0.2014080929805951,2
3780,2024-03-01,0.06613885233982979,8
2884,2024-05-30,0.11001803602874992,5
7456,2024-03-01,0.4251168030789395,1
411,2024-03-31,0.06678076381213814,8
5564,2024-05-30,0.05412232054798068,9
5520,2024-03-31,0.15343284734991156,4
312,2024-01-01,0.1464771412582529,4
1480,2024-03-31,0.10823860034576625,5
4305,2024-05-30,0.05430144331889148,9
1784,2024-04-30,0.10199737250105209,6
3112,2024-01-01,0.16874088908211568,3
8140,2024-03-01,0.11027424180473264,5
4310,2024-03-01,0.1623614831350453,3
5687,2024-03-31,0.09866284500096272,6
3462,2024-03-31,0.0611545794211629,9
3319,2024-03-31,0.14731940175474686,4
4300,2024-01-31,0.12047611258892289,5
6259,2024-03-01,0.1369883107625222,4
5866,2024-03-01,0.05192283797416179,9
8781,2024-01-31,0.19221950702660787,3
6638,2024-05-30,0.14854579442946494,4
6104,2024-04-30,0.07081660090846603,8
3570,2024-05-30,0.18578580026198174,3
1035,2024-01-01,0.6363026283312418,1
9380,2024-03-01,0.08419631908850214,7
7068,2024-03-31,0.11982253505405245,5
7226,2024-03-31,0.5212223346394141,1
6481,2024-05-30,0.49465218473214145,1
305,2024-03-01,0.09544333908928573,6
8722,2024-03-31,0.03221716195957335,10
2516,2024-01-31,0.05379943872479166,9
435,2024-01-31,0.38930020734319687,1
8313,2024-04-30,0.2420862824025107,2
1912,2024-05-30,0.28479292000382994,2
2121,2024-04-30,0.657190958328255,1
7335,2024-03-01,0.06223253299738474,9
9291,2024-03-01,0.1253659689568469,5
5901,2024-01-01,0.09302498229436318,6
7933,2024-01-31,0.2845208785912082,2
5231,2024-03-01,0.17366926023856347,3
9846,2024-03-01,0.1695749894553625,3
6814,2024-01-01,0.23268461043036073,2
4767,2024-03-01,0.08392692776882085,7
1624,2024-03-31,0.39072786691183914,1
2829,2024-01-01,0.2441478004841034,2
7542,2024-01-01,0.3201821908492125,1
4304,2024-04-30,0.22995581510056615,2
2958,2024-03-01,0.07799556702774962,7
4489,2024-03-01,0.08287301877714118,7
4764,2024-03-01,0.11720718515803145,5
2406,2024-03-01,0.05651803815874915,9
8656,2024-04-30,0.09873643243429167,6
2940,2024-01-31,0.20012744248906042,3
3296,2024-05-30,0.09255860461103388,6
6276,2024-01-31,0.16200174350856725,3
667,2024-01-31,0.04891406123746449,10
3535,2024-01-31,0.12071476072031535,5
2379,2024-03-01,0.3959793080206549,1
3351,2024-05-30,0.1399032286307216,4
991,2024-03-01,0.07507388084011445,8
3368,2024-03-01,0.035923288339148554,10
9643,2024-01-01,0.4220804096423831,1
8767,2024-01-31,0.08959003952854908,7
5578,2024-01-31,0.14823987304452982,4
4058,2024-03-01,0.42514530451779625,1
6045,2024-04-30,0.1668445438465024,3
1232,2024-04-30,0.20462842030651784,2
5011,2024-03-31,0.05791111166698177,9
1553,2024-01-31,0.2967453727492548,1
996,2024-03-01,0.06726086565818841,8
890,2024-04-30,0.13561328193017186,4
854,2024-04-30,0.07885743931943207,7
2966,2024-04-30,0.07791320608610271,7
4720,2024-05-30,0.025818826699076234,10
4801,2024-04-30,0.19449928524629936,3
4032,2024-03-01,0.05550627713745818,9
8376,2024-03-01,0.2561264398478957,2
6834,2024-01-01,0.054511928526016974,9
7773,2024-03-31,0.14209397045642463,4
5013,2024-05-30,0.08459255018925263,7
3225,2024-04-30,0.29014813697543546,2
9099,2024-03-31,0.04189434727745607,10
9614,2024-03-01,0.07921197050869946,7
2071,2024-04-30,0.18195422551895832,3
728,2024-05-30,0.12235694517330382,5
6314,2024-05-30,0.04818362639344342,10
5538,2024-01-31,0.07444431811448415,8
5830,2024-03-31,0.13191743701086434,4
5284,2024-05-30,0.11276793888615128,5
3526,2024-05-30,0.07257916902468065,8
5867,2024-01-01,0.13602101896374166,4
4556,2024-01-01,0.25120375311382537,2
647,2024-03-01,0.09775131210615101,6
8009,2024-05-30,0.13993536452387265,4
3930,2024-05-30,0.029780287943678367,10
1909,2024-03-31,0.07162148944113306,8
3086,2024-01-01,0.20822917286607256,2
4444,2024-01-01,0.12110436768825328,5
7459,2024-01-01,0.3176938493714217,1
7865,2024-01-31,0.14125343458255568,4
3490,2024-04-30,0.031937792535516964,10
3254,2024-04-30,0.13092838161677797,4
9057,2024-01-01,0.13677470961055413,4
4341,2024-01-01,0.09296525528605416,6
439,2024-01-01,0.13573910935434033,4
1818,2024-04-30,0.10349106287282506,6
5019,2024-03-31,0.2803840291482278,2
7364,2024-05-30,0.08814351893370032,7
361,2024-05-30,0.1128572598427967,5
4637,2024-03-01,0.4005098360530836,1
3071,2024-03-01,0.1281907762864745,4
5847,2024-05-30,0.1775336549121818,3
904,2024-05-30,0.05505489614971756,9
8255,2024-03-01,0.09323084923902551,6
1890,2024-01-01,0.12223333628814352,5
8375,2024-01-01,0.2985871006489112,1
2496,2024-05-30,0.1276387926651626,4
316,2024-04-30,0.08261815519087151,7
266,2024-03-31,0.15706101511181222,3
1617,2024-03-01,0.10803202607994832,5
6799,2024-01-01,0.08304259260276917,7
7152,2024-05-30,0.13602561560870546,4
9014,2024-03-01,0.13777903013804021,4
8635,2024-01-31,0.0625243236479748,9
7431,2024-05-30,0.1583535017305878,3
2578,2024-03-31,0.3444542483196195,1
3058,2024-03-31,0.13796620891326128,4
9288,2024-05-30,0.2002184715610188,3
4617,2024-01-01,0.17097572659507565,3
6910,2024-03-31,0.3390167718418061,1
2231,2024-03-01,0.11177856617346811,5
2472,2024-03-31,0.2894212472184561,2
1488,2024-04-30,0.5842285984013873,1
4275,2024-03-31,0.1680996237070523,3
5155,2024-04-30,0.43477728458178505,1
8948,2024-03-01,0.15824862421391578,3
1880,2024-01-31,0.3071401606323616,1
4638,2024-03-01,0.18256501552220328,3
7311,2024-03-01,0.05417216563479788,9
2253,2024-05-30,0.16723739581851282,3
6809,2024-05-30,0.20036956522559285,3
4537,2024-04-30,0.08839555176590586,7
1925,2024-03-01,0.0470624235608092,10
1434,2024-05-30,0.15290288001039404,4
8877,2024-05-30,0.10490341951150904,6
769,2024-05-30,0.10863811114621344,5
5664,2024-01-01,0.04351777486938419,10
8212,2024-04-30,0.08959699867822438,7
7577,2024-01-31,0.1457175868677082,4
2871,2024-01-31,0.18743718003458934,3
710,2024-01-31,0.06577128426247766,8
4154,2024-04-30,0.06593389166068378,8
4883,2024-01-01,0.038193075123008104,10
344,2024-04-30,0.12391386826751817,5
428,2024-01-31,0.1501116215608111,4
1477,2024-04-30,0.08751898576690438,7
7263,2024-03-31,0.036955049316990014,10
6959,2024-01-31,0.0438341984194604,10
4886,2024-03-31,0.07548958079860506,8
5511,2024-03-01,0.1377910256528876,4
4401,2024-03-31,0.11547020266076116,5
8985,2024-03-01,0.11039705723700871,5
548,2024-03-31,0.19871899376295668,3
2339,2024-05-30,0.14597473525207147,4
612,2024-01-31,0.04959568634223482,10
5153,2024-04-30,0.22073147901801782,2
4582,2024-01-01,0.07032503856869754,8
1496,2024-04-30,0.19596519807419113,3
2129,2024-05-30,0.048110300823202494,10
4592,2024-03-01,0.1832988476659193,3
8630,2024-03-01,0.18543700332529398,3
3333,2024-04-30,0.07256063419422287,8
8603,2024-04-30,0.05573690573216488,9
614,2024-03-31,0.08525993943434426,7
9914,2024-04-30,0.10651916475701477,5
5679,2024-03-31,0.08164986072402929,7
716,2024-04-30,0.10297116677788093,6
1053,2024-01-01,0.08618549191632902,7
5233,2024-01-31,0.30638683806356637,1
6978,2024-03-31,0.07201942887614995,8
9657,2024-01-01,0.10114980211142471,6
4327,2024-01-31,0.06941880802309017,8
6541,2024-01-01,0.04073454301230279,10
4168,2024-01-01,0.10070407601916742,6
132,2024-03-01,0.108120640508642,5
7681,2024-04-30,0.6390457380881122,1
5376,2024-03-31,0.09338461663168063,6
4581,2024-01-01,0.1004826451709371,6
9670,2024-03-31,0.07376700298160674,8
4647,2024-03-01,0.13761815297977453,4
9774,2024-03-01,0.026510126797009866,10
3367,2024-01-31,0.33948577973155797,1
3973,2024-03-01,0.08855318221017618,7
4056,2024-03-01,0.09271430050888824,6
2956,2024-04-30,0.24269836375440373,2
7376,2024-03-01,0.047120961299508074,10
5016,2024-04-30,0.4706465303608328,1
8451,2024-01-31,0.32497581362136524,1
8891,2024-01-01,0.23290359599390317,2
3222,2024-03-01,0.08911462311745673,7
1535,2024-01-01,0.24622770608382807,2
2742,2024-04-30,0.08326576326008658,7
9080,2024-03-01,0.06390888359941092,8
1891,2024-04-30,0.10262557861156013,6
5839,2024-01-31,0.15280707589296239,4
4225,2024-05-30,0.13742759861489293,4
8096,2024-05-30,0.3849853776555359,1
5552,2024-03-01,0.1247463019230379,5
3840,2024-01-01,0.09206415050726793,6
4533,2024-05-30,0.12529293296118063,5
5887,2024-01-31,0.16134200164690304,3
1015,2024-03-31,0.11691726196764253,5
7882,2024-01-31,0.08493670956587743,7
222,2024-04-30,0.07841556068302008,7
9794,2024-03-01,0.06348938976084341,9
6264,2024-01-31,0.1158419603579563,5
2095,2024-03-01,0.12155545081825611,5
8470,2024-04-30,0.2917894077449101,2
4131,2024-04-30,0.1697831563610224,3
3630,2024-01-01,0.13259854987335223,4
3398,2024-04-30,0.07170695374478923,8
9889,2024-03-01,0.07941170303291963,7
5494,2024-01-01,0.333620310665987,1
851,2024-01-01,0.04372854353597946,10
3875,2024-01-01,0.04332364046367132,10
3292,2024-04-30,0.09825495884108763,6
9429,2024-03-01,0.06794268578010307,8
8004,2024-05-30,0.0334948762882084,10
8599,2024-01-31,0.06313080931981407,9
2836,2024-03-31,0.2327860892536853,2
6451,2024-01-31,0.15374671663854972,4
9591,2024-01-01,0.13088884952280386,4
6940,2024-03-01,0.24155678399565989,2
5074,2024-04-30,0.07582031331518888,8
2044,2024-01-01,0.12019380540284538,5
7581,2024-01-31,0.2718185749943563,2
4083,2024-01-01,0.16720596080611763,3
3610,2024-05-30,0.19315543697320045,3
8439,2024-01-31,0.08226677034808064,7
2341,2024-05-30,0.04762240717879912,10
8069,2024-01-31,0.07435729487945833,8
5975,2024-01-01,0.14728434658513093,4
3688,2024-03-01,0.10540125229397845,6
4115,2024-05-30,0.07636127358868802,7
4802,2024-03-31,0.11257218623519542,5
730,2024-03-31,0.05621091931011758,9
5945,2024-01-01,0.20237339819756592,2
5627,2024-05-30,0.09029451324762296,6
6048,2024-01-31,0.06985241302359504,8
6008,2024-05-30,0.048021696685512885,10
7106,2024-04-30,0.10175483555139676,6
8426,2024-05-30,0.3534230205701494,1
2483,2024-05-30,0.3472642569576026,1
6628,2024-05-30,0.10557711147312822,6
2516,2024-04-30,0.03964457541938192,10
8177,2024-01-31,0.08564048744036816,7
7150,2024-03-31,0.5456531120782986,1
7131,2024-04-30,0.046469774479232444,10
7844,2024-01-31,0.07633589994441921,8
9690,2024-04-30,0.21054366432497726,2
3672,2024-05-30,0.1731498735790412,3
2466,2024-05-30,0.07311106513516662,8
9899,2024-01-01,0.14311766668886283,4
6467,2024-04-30,0.07740116350996135,7
7557,2024-05-30,0.09488221190822377,6
3919,2024-03-31,0.08874774301912458,7
6460,2024-04-30,0.10397037120721393,6
9543,2024-03-31,0.1330405297069964,4
3588,2024-01-01,0.1207223624620881,5
2707,2024-01-01,0.06487061287706902,8
6507,2024-03-31,0.13372162164574797,4
8709,2024-05-30,0.11275071214859164,5
2916,2024-04-30,0.3019847908288605,1
637,2024-03-01,0.06275933478580001,9
5813,2024-04-30,0.036964425877719476,10
4621,2024-04-30,0.1514566666072355,4
1156,2024-01-01,0.04512878715063055,10
9480,2024-05-30,0.2894513572282951,2
5606,2024-05-30,0.47486477433434454,1
3101,2024-03-31,0.057465864319200526,9
5787,2024-05-30,0.05797497691437472,9
9522,2024-01-01,0.0721011479562803,8
7543,2024-01-01,0.07677663041763595,7
4630,2024-03-01,0.060487459498897465,9
3715,2024-03-01,0.05908346811098505,9
4064,2024-01-01,0.10138878264849302,6
4352,2024-01-01,0.32083630749814135,1
5101,2024-04-30,0.1503308554819867,4
5567,2024-01-01,0.09431331749618507,6
4010,2024-04-30,0.08057290098244035,7
7713,2024-01-01,0.12230492113222431,5
4871,2024-01-31,0.07876047670255537,7
1443,2024-03-01,0.09814561695630254,6
9279,2024-01-01,0.5675518080982092,1
7745,2024-01-31,0.10445993505057602,6
2664,2024-03-01,0.05717959471607802,9
9093,2024-01-31,0.08005263365589733,7
8343,2024-04-30,0.07037086802110995,8
5028,2024-04-30,0.0849750308587132,7
5443,2024-01-31,0.08576569727410464,7
5153,2024-01-31,0.1633058871450439,3
5713,2024-05-30,0.09033857848114157,6
5950,2024-03-31,0.1716593826930043,3
9123,2024-03-31,0.4138198240591114,1
3743,2024-03-31,0.2173479387785158,2
1571,2024-03-01,0.12505212922038225,5
1865,2024-04-30,0.25358022205968167,2
4385,2024-03-31,0.08892916678324436,7
5961,2024-03-31,0.056041521480467434,9
6963,2024-03-01,0.0665104041665786,8
3411,2024-04-30,0.08211113009946057,7
6268,2024-01-31,0.12468656530599295,5
8605,2024-03-01,0.0795913572241604,7
8356,2024-03-31,0.15293342098772933,4
1936,2024-03-01,0.06741295795440197,8
8825,2024-04-30,0.07027523632255711,8
9336,2024-05-30,0.03417452047565084,10
4363,2024-04-30,0.11208651266606207,5
863,2024-01-31,0.07636680922228321,7
3784,2024-01-31,0.10214077091239031,6
4250,2024-01-31,0.044642334003068954,10
8915,2024-01-31,0.11493215037623183,5
3547,2024-05-30,0.07576134671734351,8
9132,2024-01-31,0.036066219445392636,10
2589,2024-05-30,0.07716699380007642,7
6906,2024-03-01,0.20783839677500224,2
1254,2024-04-30,0.09572371837726586,6
7756,2024-05-30,0.0442871929436984,10
2002,2024-05-30,0.06828913903778759,8
438,2024-04-30,0.46370231726203465,1
3929,2024-01-01,0.5784700687657099,1
2473,2024-03-01,0.06742348524806849,8
1623,2024-04-30,0.06690396589770393,8
7208,2024-05-30,0.06656209022438532,8
1814,2024-03-01,0.08148360866501705,7
7643,2024-01-01,0.0617893752643901,9
5480,2024-05-30,0.5422322352885386,1
3262,2024-03-01,0.38197590036463014,1
8896,2024-03-31,0.03652333682076891,10
5835,2024-04-30,0.17442935588183117,3
1621,2024-01-31,0.05971811585302181,9
8960,2024-04-30,0.05622657301342547,9
8021,2024-03-01,0.14927946314056192,4
807,2024-03-31,0.048811729978906766,10
3823,2024-01-01,0.09998635508851318,6
3204,2024-01-01,0.10370391415343934,6
8241,2024-01-31,0.09182189761067552,6
3053,2024-04-30,0.2728720946333212,2
5384,2024-01-31,0.14086743016621062,4
8056,2024-05-30,0.04923245552026959,10
8229,2024-04-30,0.0429866449344304,10
3046,2024-04-30,0.14404989478736138,4
7498,2024-01-31,0.3585418911499663,1
7693,2024-01-31,0.05873009656484249,9
6586,2024-04-30,0.1604212214187611,3
7773,2024-04-30,0.1534492168281304,4
6224,2024-01-31,0.18413846866508732,3
3603,2024-03-31,0.0713013120928985,8
6992,2024-01-31,0.15833310038516268,3
1544,2024-05-30,0.16767953182923595,3
7713,2024-04-30,0.12415119423301359,5
302,2024-01-01,0.08407258501448729,7
4932,2024-01-31,0.06469257932815738,8
9366,2024-05-30,0.0802440529203262,7
2711,2024-03-01,0.19947053058194902,3
6410,2024-01-01,0.07733721173411263,7
6325,2024-05-30,0.07361141958369108,8
1028,2024-04-30,0.04889184684289072,10
7679,2024-05-30,0.0771129149793635,7
548,2024-03-01,0.09099764019967012,6
7226,2024-05-30,0.3104813578781637,1
6636,2024-03-31,0.13381972187950447,4
4690,2024-01-01,0.06587761157546053,8
4511,2024-01-31,0.1878730224906727,3
1158,2024-01-31,0.17522766547664834,3
7157,2024-04-30,0.16139346615021333,3
7568,2024-01-01,0.0915617038949585,6
6284,2024-01-01,0.3835369336314002,1
9017,2024-01-01,0.13198117472042206,4
8362,2024-03-01,0.1978936244642376,3
7307,2024-01-31,0.06483926436212475,8
6280,2024-03-31,0.035593407911266625,10
3650,2024-01-01,0.1723562308476661,3
2680,2024-01-01,0.029968085689855668,10
3679,2024-01-31,0.1281639237098005,4
8968,2024-01-01,0.3011745539787737,1
2221,2024-04-30,0.041586541850129284,10
7503,2024-01-01,0.20719002668671757,2
7111,2024-01-01,0.13191702494821542,4
766,2024-01-01,0.09215853841709543,6
701,2024-01-31,0.05722396932542365,9
82,2024-01-01,0.1390735179975359,4
4508,2024-05-30,0.1271009428291289,5
4336,2024-03-01,0.05267026035147149,9
6603,2024-01-31,0.15424949358514312,4
7978,2024-01-01,0.07727833323052279,7
7667,2024-03-31,0.06544326495914814,8
7130,2024-04-30,0.12226219047614542,5
4589,2024-03-31,0.09843097660775278,6
7449,2024-05-30,0.08148397610967612,7
9906,2024-03-31,0.07781682105208233,7
3763,2024-01-01,0.3361043893117769,1
3076,2024-05-30,0.14832477551723333,4
7596,2024-05-30,0.1892692837889776,3
4176,2024-03-01,0.35233314844691055,1
3438,2024-01-01,0.04252034858840874,10
9807,2024-05-30,0.2597001328375696,2
8080,2024-03-01,0.14390813715758147,4
5951,2024-04-30,0.15328513105189953,4
1215,2024-04-30,0.6262830557038892,1
2035,2024-01-01,0.1795597995038501,3
5934,2024-03-01,0.12478117042843836,5
8535,2024-03-01,0.06076696673759443,9
8218,2024-01-01,0.5324791489644293,1
1245,2024-05-30,0.09912229431266834,6
7307,2024-03-31,0.07209869824744085,8
5876,2024-03-31,0.030984667968872497,10
1973,2024-01-01,0.0988608462326775,6
9240,2024-05-30,0.1771246532301317,3
5796,2024-04-30,0.12218527138469035,5
7801,2024-03-01,0.04825208754951525,10
4510,2024-03-01,0.21519746885174598,2
4840,2024-01-31,0.04917177707745909,10
4471,2024-04-30,0.09110727505616201,6
5544,2024-03-01,0.29320446531882915,2
3096,2024-01-31,0.07668907053815086,7
2173,2024-03-31,0.10689213264948512,5
8306,2024-04-30,0.13997939297646153,4
4399,2024-04-30,0.1597698114465535,3
686,2024-03-31,0.10003287515687709,6
5385,2024-03-31,0.2599914287708196,2
420,2024-01-31,0.18574492655153305,3
288,2024-01-31,0.08136822357830596,7
9232,2024-04-30,0.035687446478684715,10
6568,2024-01-31,0.11125750281473824,5
2212,2024-01-01,0.2250581989220483,2
951,2024-01-31,0.38463338849286344,1
5447,2024-01-31,0.11252567378969712,5
8248,2024-03-01,0.07986697279932543,7
707,2024-05-30,0.11188804256148183,5
8197,2024-05-30,0.12527530177159651,5
4915,2024-01-01,0.08963663101334755,7
121,2024-04-30,0.17318871452269846,3
5476,2024-01-01,0.0589951651943197,9
9395,2024-03-01,0.10818872235344713,5
5573,2024-05-30,0.03853134372402203,10
5170,2024-03-01,0.10848907279180281,5
5044,2024-03-01,0.09713150215365561,6
2144,2024-05-30,0.07401890097372338,8
1955,2024-04-30,0.1276349751491398,4
788,2024-01-31,0.4889479642879924,1
5250,2024-05-30,0.10194535857608664,6
199,2024-04-30,0.0710581934774195,8
2559,2024-05-30,0.2602199079643171,2
9200,2024-01-31,0.1561315803404411,3
3026,2024-03-31,0.5884940292206479,1
4085,2024-01-01,0.0619588694327385,9
2456,2024-03-01,0.10484071048686314,6
2964,2024-03-31,0.13355326318224736,4
6013,2024-03-01,0.08282279065413807,7
2491,2024-03-01,0.1568632056702095,3
5219,2024-03-31,0.14702933186191375,4
5533,2024-01-31,0.19211080007878542,3
6575,2024-01-01,0.2029758239067194,2
2569,2024-04-30,0.13093535776051474,4
3847,2024-04-30,0.06725448975987192,8
1694,2024-04-30,0.17500888073523913,3
6179,2024-03-01,0.18818561159953845,3
5067,2024-05-30,0.07085647434454077,8
8923,2024-03-31,0.0824510677019446,7
4695,2024-03-01,0.07401587378258324,8
6626,2024-04-30,0.3522600236218787,1
170,2024-03-31,0.10602327561373863,5
6929,2024-01-31,0.0840231880805476,7
7362,2024-01-31,0.16295805217398768,3
2522,2024-04-30,0.08701642002990462,7
2006,2024-01-01,0.11711676595413432,5
7929,2024-03-01,0.42045931634984535,1
5247,2024-03-31,0.15661079809551537,3
5888,2024-04-30,0.2159732334502262,2
4835,2024-01-01,0.06164244749794192,9
8242,2024-01-31,0.06574529096402076,8
284,2024-05-30,0.1826686091053894,3
8156,2024-05-30,0.15501764185336933,4
9765,2024-01-31,0.0744716244790611,8
5410,2024-01-31,0.17429739119134557,3
2255,2024-03-31,0.39819293580946896,1
1263,2024-03-31,0.05227832593677857,9
5685,2024-01-01,0.16850583205794664,3
9654,2024-03-31,0.2736720561342097,2
5451,2024-05-30,0.09164803727786736,6
5094,2024-03-01,0.16731675169769059,3
3134,2024-01-31,0.06571175609323936,8
4890,2024-04-30,0.06757530651256394,8
8832,2024-05-30,0.12429153133035793,5
4412,2024-01-01,0.07391659311924911,8
1015,2024-01-31,0.17134735026543194,3
2481,2024-04-30,0.07670702988371335,7
7598,2024-01-01,0.15644622117784313,3
2292,2024-01-31,0.06026337874289227,9
2823,2024-04-30,0.08456745825639038,7
5387,2024-04-30,0.05886186705046951,9
632,2024-04-30,0.19503387608379238,3
1030,2024-04-30,0.49900289210208976,1
4217,2024-04-30,0.06764397220046085,8
1962,2024-05-30,0.17745744209807923,3
1526,2024-05-30,0.15608580782119777,3
8174,2024-01-31,0.10522628520229707,6
412,2024-04-30,0.04748014654589958,10
4053,2024-05-30,0.04520554861149549,10
8827,2024-01-31,0.22594076138213923,2
2781,2024-01-01,0.044566615400232455,10
2745,2024-01-01,0.21948056741307462,2
7070,2024-01-01,0.10274426419849461,6
7056,2024-01-31,0.044451344042767675,10
9679,2024-01-01,0.2676983324010667,2
9169,2024-03-01,0.7069846650046399,1
7583,2024-05-30,0.12728118570285257,4
9493,2024-03-31,0.11735143271216544,5
4768,2024-01-01,0.09089651242975834,6
4472,2024-03-31,0.05321068130382569,9
8279,2024-03-31,0.4155954234602376,1
7352,2024-01-01,0.0865730505817599,7
7532,2024-01-31,0.8391934432794668,1
2496,2024-04-30,0.09175596594024474,6
6225,2024-01-31,0.11407665109518719,5
8833,2024-04-30,0.05038187397841458,9
5042,2024-03-01,0.11113804324435009,5
484,2024-01-31,0.07346590235499134,8
428,2024-05-30,0.2088015165684948,2
9024,2024-03-31,0.09621560901314205,6
1507,2024-04-30,0.14311403615621704,4
9820,2024-01-01,0.15545090000349585,3
7998,2024-03-31,0.08344469131897655,7
9524,2024-03-31,0.16739988739964656,3
3222,2024-05-30,0.08094448033176464,7
3475,2024-01-31,0.06302468531044858,9
6298,2024-03-31,0.04442015962397412,10
6912,2024-03-31,0.09865555735645168,6
7021,2024-03-01,0.13647802745881848,4
4904,2024-01-01,0.03940561052909451,10
5025,2024-01-31,0.09561100363830717,6
6909,2024-04-30,0.09994527429411068,6
3747,2024-04-30,0.10531725880361638,6
6481,2024-01-01,0.5222091237675093,1
1903,2024-01-01,0.053224914045361546,9
9631,2024-04-30,0.08764421884725318,7
9223,2024-04-30,0.16924349849780812,3
7960,2024-03-31,0.039924990939172844,10
7928,2024-04-30,0.09024373266031119,6
3733,2024-03-31,0.5732315309273808,1
9056,2024-01-01,0.11153217503451388,5
2611,2024-04-30,0.04890887775447198,10
746,2024-05-30,0.14475920569575976,4
1816,2024-01-01,0.11705383563181863,5
1857,2024-01-01,0.07341617344268983,8
7476,2024-03-01,0.08710932310979451,7
2361,2024-01-01,0.10467018417522708,6
1084,2024-03-01,0.10824239224553564,5
1829,2024-01-01,0.0975479082077818,6
3593,2024-03-31,0.07655034515634451,7
1177,2024-04-30,0.2912229746936631,2
5223,2024-01-01,0.21681937921393554,2
2079,2024-05-30,0.31090107014106744,1
9665,2024-05-30,0.07929252375040764,7
1786,2024-01-31,0.05286667339420238,9
2601,2024-05-30,0.25213399417125804,2
9454,2024-03-31,0.25237540641177136,2
4001,2024-01-01,0.20877432937434576,2
6753,2024-01-01,0.06469177713678939,8
6405,2024-03-31,0.15392577280518824,4
8910,2024-01-31,0.05990557491647828,9
7306,2024-05-30,0.09077062106799837,6
3898,2024-05-30,0.039603395026628935,10
2501,2024-01-31,0.12412002318361803,5
9286,2024-04-30,0.13032259264383697,4
5653,2024-03-31,0.11606033112663366,5
9200,2024-03-31,0.29104577726144404,2
9952,2024-01-31,0.21083266746491078,2
9459,2024-03-31,0.09568463230059768,6
5099,2024-01-31,0.1971472846791485,3
8125,2024-04-30,0.26263934483137286,2
6798,2024-04-30,0.11983697789677787,5
8220,2024-05-30,0.18004231587797592,3
2438,2024-05-30,0.05718478197900928,9
1995,2024-05-30,0.1703016813755637,3
3784,2024-03-01,0.06306660544220959,9
6139,2024-04-30,0.0903676110145554,6
5299,2024-01-01,0.0808542841475372,7
2715,2024-05-30,0.7176108762351653,1
8305,2024-01-01,0.08938713605455646,7
8854,2024-01-31,0.13536898632573607,4
514,2024-05-30,0.15607362362161853,3
394,2024-03-31,0.1600196634754984,3
5900,2024-03-31,0.04410979543215793,10
5548,2024-01-31,0.11371641262455132,5
7524,2024-05-30,0.10918604933593092,5
5026,2024-03-01,0.11779164106167901,5
7583,2024-04-30,0.14470197889300312,4
6497,2024-01-31,0.5037208949301241,1
5748,2024-01-31,0.5821029950174471,1
9929,2024-03-31,0.10666759797109847,5
2202,2024-04-30,0.07506524566199896,8
8753,2024-05-30,0.14085417863423974,4
6004,2024-01-01,0.24974367648027404,2
3165,2024-01-31,0.3593170223830475,1
8285,2024-03-01,0.25322006765045646,2
5134,2024-03-01,0.06386679008550669,8
1742,2024-04-30,0.1450897533832137,4
8243,2024-01-01,0.07214967953437512,8
4780,2024-04-30,0.07975171358890372,7
5336,2024-03-31,0.07840782362981409,7
5392,2024-01-31,0.32730406073705776,1
4148,2024-01-01,0.315734072551666,1
6926,2024-05-30,0.23617963596097197,2
4091,2024-03-01,0.11217234430524972,5
4076,2024-05-30,0.26242572837552,2
6251,2024-01-01,0.0992023764099234,6
8227,2024-01-01,0.03905852954516055,10
6824,2024-03-31,0.048903507791628525,10
8038,2024-03-01,0.01941603176556472,10
3684,2024-04-30,0.07773831633924662,7
804,2024-03-01,0.06757355627880862,8
7672,2024-03-01,0.043894220440058015,10
1493,2024-03-01,0.05947573617974845,9
6047,2024-01-01,0.07191113324623885,8
7345,2024-01-31,0.19321770378514083,3
2262,2024-04-30,0.1338557359169048,4
9225,2024-01-31,0.037910642572125196,10
1413,2024-05-30,0.8982304658342524,1
3150,2024-04-30,0.04115255730385314,10
7806,2024-01-31,0.07400567039836412,8
165,2024-01-31,0.0738988697148745,8
3928,2024-03-31,0.03854699730437805,10
2713,2024-05-30,0.0929620866112778,6
3642,2024-05-30,0.07941696724407721,7
3972,2024-03-01,0.05184944336612187,9
2581,2024-03-01,0.12546691169802815,5
9651,2024-01-31,0.16837074217238568,3
7533,2024-04-30,0.13616107495400248,4
6653,2024-05-30,0.24797292521979716,2
5674,2024-01-01,0.16078442304719073,3
7514,2024-01-01,0.06151177455002185,9
7637,2024-05-30,0.18806727968557177,3
1344,2024-03-01,0.059909213443090484,9
9886,2024-05-30,0.16790261647698712,3
4390,2024-01-31,0.2302431427754525,2
9944,2024-01-01,0.042909915114301346,10
7986,2024-05-30,0.0845163161959021,7
9481,2024-01-01,0.0712783755549927,8
5828,2024-01-31,0.035537247692627366,10
2020,2024-01-31,0.08347602343096841,7
2311,2024-05-30,0.14531782300309898,4
2575,2024-03-31,0.6615611893063496,1
1450,2024-01-31,0.22906270051368785,2
7129,2024-01-31,0.07456198917519126,8
2828,2024-01-31,0.24446131266887838,2
1488,2024-01-01,0.6201101737004727,1
3776,2024-01-31,0.1306299348964713,4
4446,2024-05-30,0.033083193369014094,10
8006,2024-01-31,0.03818454961623911,10
4627,2024-05-30,0.07701482274820937,7
8918,2024-04-30,0.12553343024611116,5
7443,2024-01-31,0.29793715257467007,1
707,2024-01-01,0.05106963105518515,9
6714,2024-01-31,0.11128231079074291,5
8484,2024-03-01,0.1420794680530374,4
9270,2024-03-31,0.09430369924339463,6
8293,2024-01-31,0.2590334178380773,2
5146,2024-03-31,0.1492840895323595,4
5986,2024-01-31,0.033504770641162133,10
1740,2024-05-30,0.1308228125557698,4
4030,2024-03-01,0.11493949783394682,5
247,2024-01-31,0.13078429811555392,4
256,2024-04-30,0.10063371583797877,6
5309,2024-05-30,0.06733767368538605,8
9848,2024-03-01,0.04468709582533786,10
920,2024-03-01,0.08804393792411944,7
2635,2024-01-31,0.04529260749152157,10
6684,2024-01-31,0.1133356738311311,5
7247,2024-03-31,0.11921254431845077,5
7094,2024-03-31,0.05159796797926746,9
2799,2024-01-31,0.07261094571263561,8
1980,2024-03-31,0.08796737634533679,7
5373,2024-05-30,0.03264135484116774,10
283,2024-05-30,0.10023125933618865,6
552,2024-03-01,0.15437329858704268,4
4986,2024-01-01,0.03756712821281791,10
3808,2024-03-01,0.07112280422731525,8
1961,2024-03-31,0.03153660357361982,10
260,2024-03-31,0.2822027559548204,2
6471,2024-03-01,0.1294289942786498,4
9880,2024-03-01,0.2942568734137789,2
8153,2024-03-31,0.09035316346106625,6
1857,2024-05-30,0.08266456038673986,7
6206,2024-04-30,0.1503818749496149,4
8943,2024-04-30,0.14536910955431334,4
9361,2024-05-30,0.0578184770675818,9
653,2024-01-01,0.055408099519477706,9
3697,2024-01-01,0.05367174578861742,9
9095,2024-01-01,0.22832688874939774,2
1344,2024-03-31,0.056945619230338834,9
5577,2024-03-01,0.8114510058669907,1
3171,2024-03-01,0.11102702025521842,5
4150,2024-04-30,0.05367923647024306,9
169,2024-03-31,0.09225235458579177,6
5554,2024-05-30,0.12986219596790155,4
7511,2024-03-01,0.05876326738100424,9
6208,2024-03-01,0.037121599842681215,10
6095,2024-01-31,0.08496038647631633,7
355,2024-03-01,0.2386238157282048,2
3586,2024-03-31,0.16157373920653784,3
5300,2024-03-01,0.05671093776419936,9
9807,2024-03-01,0.1856765246810802,3
3198,2024-05-30,0.16738956447486014,3
5557,2024-01-31,0.0650299172349392,8
1965,2024-04-30,0.3633049837117526,1
6482,2024-05-30,0.34215652857086737,1
5015,2024-05-30,0.21537969009236407,2
6210,2024-01-31,0.04140024827744137,10
4509,2024-03-31,0.23885727006641572,2
3406,2024-01-31,0.477227754210252,1
9068,2024-01-01,0.11422957070283714,5
5885,2024-01-01,0.14831931415654237,4
7960,2024-05-30,0.03681917621696606,10
9320,2024-01-01,0.10531953092712744,6
2297,2024-04-30,0.06733572093512828,8
2626,2024-01-31,0.18592994988008066,3
1402,2024-03-31,0.046049182619800205,10
6296,2024-04-30,0.12212720710585719,5
3151,2024-01-01,0.12211239411166665,5
7570,2024-01-01,0.08441058470630969,7
1337,2024-05-30,0.06889365612889728,8
8367,2024-05-30,0.055270529080066286,9
6086,2024-05-30,0.11936223645418022,5
4570,2024-04-30,0.13312962267213285,4
3824,2024-03-01,0.0869078986210281,7
2377,2024-04-30,0.05335102662912626,9
5943,2024-01-31,0.14101374304802702,4
4065,2024-03-01,0.033495815813934605,10
5173,2024-03-01,0.07568559365042639,8
7280,2024-01-01,0.07475903705587743,8
8341,2024-03-01,0.06551924695019856,8
7448,2024-01-31,0.16690705685370447,3
362,2024-01-01,0.07821923847634735,7
7312,2024-03-01,0.5242741066308159,1
3020,2024-03-31,0.1442873121335925,4
16,2024-03-31,0.06292196927554553,9
1284,2024-05-30,0.0927979970519038,6
2379,2024-01-31,0.32037070491234115,1
7005,2024-05-30,0.03718421501730248,10
2718,2024-03-01,0.061330681679341574,9
1541,2024-01-01,0.17985105296806372,3
658,2024-04-30,0.1162347796441007,5
9947,2024-04-30,0.1593238023533709,3
2061,2024-03-01,0.1569134590299812,3
9917,2024-03-01,0.06361751968429002,9
5349,2024-01-31,0.057527770892029734,9
6503,2024-05-30,0.04436908225403356,10
6165,2024-05-30,0.14669530945142115,4
2142,2024-01-31,0.06317952234012608,9
5109,2024-03-31,0.09528907592529902,6
3498,2024-03-01,0.8273968838845123,1
4881,2024-04-30,0.3713116625683774,1
1400,2024-03-01,0.2611206726415368,2
9451,2024-01-31,0.05165753080804698,9
6957,2024-03-31,0.28765536779447964,2
4829,2024-01-31,0.13405559668032369,4
2485,2024-03-01,0.10910320101480052,5
1497,2024-03-31,0.1091296976311166,5
5459,2024-05-30,0.40445234327517854,1
878,2024-03-31,0.19694596449092083,3
2320,2024-01-01,0.3869929993562874,1
7191,2024-03-31,0.10729062154607535,5
6692,2024-03-31,0.13739272840066435,4
4240,2024-03-31,0.11625002910483993,5
8533,2024-01-01,0.2795498183320668,2
4348,2024-03-31,0.16674701825297675,3
318,2024-04-30,0.037860776450503474,10
5870,2024-03-31,0.1430308457388971,4
8473,2024-03-31,0.10691401887148005,5
4167,2024-04-30,0.03122950515247789,10
9794,2024-01-31,0.05500797681359537,9
3951,2024-05-30,0.07277747486861313,8
4546,2024-04-30,0.14377293463669646,4
3668,2024-01-01,0.23108946028728558,2
2288,2024-03-01,0.02779192298201935,10
6398,2024-03-01,0.07052994491191278,8
1370,2024-01-31,0.3064493537799111,1
5782,2024-01-31,0.19093254900430648,3
1839,2024-01-01,0.24260939956169658,2
7290,2024-01-01,0.03532836800487844,10
6118,2024-05-30,0.16141627950248383,3
8151,2024-04-30,0.059213733987098296,9
9803,2024-03-31,0.039841194480873685,10
8685,2024-01-31,0.12190903220509168,5
7282,2024-01-31,0.08251769786373091,7
9062,2024-01-31,0.10878596015657965,5
2264,2024-05-30,0.13020821698016838,4
5326,2024-05-30,0.09526017463622112,6
1978,2024-03-01,0.12146685184900156,5
855,2024-03-01,0.2691136150236327,2
5150,2024-03-01,0.1143540672928372,5
4675,2024-05-30,0.11682408994068476,5
7368,2024-04-30,0.047383562149988075,10
7791,2024-03-31,0.1358171736152101,4
2102,2024-05-30,0.08905311838668384,7
3425,2024-01-01,0.674350383865732,1
6404,2024-01-01,0.12783310045977198,4
3,2024-01-31,0.08322914984270555,7
24,2024-04-30,0.23590543363604133,2
5166,2024-04-30,0.17782556999835503,3
2152,2024-03-31,0.34209185442673457,1
4789,2024-01-31,0.20209402999359508,2
3401,2024-03-01,0.2534396253168575,2
5789,2024-05-30,0.10226729944785788,6
2397,2024-01-01,0.12097910138226411,5
840,2024-01-31,0.06197388484922904,9
5347,2024-03-31,0.10286404125761221,6
8789,2024-04-30,0.07931325498290197,7
3887,2024-04-30,0.19833742369863716,3
7777,2024-01-01,0.7742462801000639,1
632,2024-01-01,0.21695272182255362,2
3303,2024-03-31,0.07502759986057443,8
7416,2024-03-01,0.06806062958142187,8
4356,2024-03-31,0.08923381254655363,7
4709,2024-03-01,0.07469477848493702,8
1629,2024-05-30,0.11711334262550742,5
5023,2024-03-01,0.18288710925968862,3
3639,2024-05-30,0.13829419849731803,4
9546,2024-01-31,0.22222624073422087,2
3954,2024-04-30,0.21706765139399006,2
4683,2024-03-01,0.11829084148575608,5
6179,2024-03-31,0.2117999205257484,2
7266,2024-03-31,0.1982544650541706,3
9247,2024-04-30,0.627668712410422,1
6027,2024-01-31,0.10435071850645321,6
1859,2024-05-30,0.04861818930621064,10
7154,2024-03-01,0.2662292229189932,2
5497,2024-01-01,0.10847567545888671,5
5423,2024-03-01,0.09043045640464122,6
3188,2024-01-31,0.06697350513559862,8
5101,2024-01-01,0.13895682298371875,4
6749,2024-03-31,0.05023427988311292,9
2090,2024-03-31,0.07193852744238559,8
3215,2024-03-01,0.8332520765575508,1
7623,2024-03-01,0.06319130068924045,9
1213,2024-03-01,0.10729390760981893,5
938,2024-03-31,0.4409491644323133,1
4451,2024-01-31,0.1272389942992202,4
1751,2024-03-01,0.05794002678356081,9
7097,2024-05-30,0.09490096761577285,6
3769,2024-01-31,0.06891989868184997,8
8146,2024-01-31,0.09425787073606152,6
6615,2024-01-01,0.0967278853096667,6
20,2024-04-30,0.09984444175519396,6
7357,2024-01-01,0.34174298006355014,1
8838,2024-04-30,0.2132795149199032,2
6618,2024-03-31,0.1714023086120091,3
8498,2024-04-30,0.18665608874005282,3
3381,2024-04-30,0.05074542672090796,9
8051,2024-04-30,0.19688212269914335,3
3924,2024-01-31,0.10328460610113345,6
648,2024-03-01,0.05833607086823865,9
2537,2024-03-31,0.13704226217710966,4
1424,2024-01-01,0.07550617929048885,8
9295,2024-03-31,0.06692707912805738,8
8591,2024-01-31,0.04049188568497789,10
8617,2024-01-01,0.1769091765846024,3
4549,2024-05-30,0.2726003995415774,2
5927,2024-03-31,0.20100589780297826,2
2642,2024-03-01,0.10238751094772525,6
8939,2024-03-01,0.12399032780978222,5
140,2024-05-30,0.1834814060106423,3
9132,2024-03-31,0.02688426552858597,10
1832,2024-03-01,0.1267320680982417,5
4675,2024-01-31,0.09619160885075262,6
2401,2024-03-31,0.07889651643310518,7
2918,2024-05-30,0.042844215285466246,10
4472,2024-01-01,0.08075618500722566,7
8895,2024-01-01,0.34050054070386243,1
9673,2024-01-01,0.11688228698707455,5
7053,2024-04-30,0.07912162865859917,7
2571,2024-05-30,0.3492606261891272,1
3947,2024-01-31,0.06010967889806986,9
7075,2024-01-01,0.04554135634764786,10
5759,2024-03-01,0.13019039738957536,4
5459,2024-04-30,0.4054398775835916,1
876,2024-01-31,0.041010007332663974,10
5727,2024-01-01,0.1629432775959817,3
1907,2024-01-31,0.10222154837573583,6
6083,2024-03-31,0.17307674171167975,3
9961,2024-03-31,0.07149449912969225,8
5096,2024-05-30,0.19492168724020834,3
4455,2024-03-01,0.05167237467422871,9
9897,2024-03-31,0.1914605592994028,3
8935,2024-03-31,0.08092022894934743,7
2398,2024-01-01,0.05137758127097519,9
36,2024-03-01,0.13460500924036486,4
4692,2024-05-30,0.12327099409092351,5
8108,2024-05-30,0.03952647321471094,10
4773,2024-05-30,0.10349700315618797,6
743,2024-05-30,0.04038400466699636,10
1716,2024-03-01,0.4969886693303268,1
3503,2024-01-31,0.044354231407941584,10
1699,2024-01-01,0.0859424090426304,7
5868,2024-01-01,0.27444080463822323,2
3893,2024-05-30,0.0982970913958803,6
6740,2024-03-01,0.10112324504045031,6
8865,2024-01-01,0.15712566793068017,3
1424,2024-04-30,0.1379147742896025,4
8778,2024-01-01,0.08344729259049172,7
7105,2024-01-31,0.335190379172715,1
662,2024-05-30,0.2794891017023111,2
8358,2024-05-30,0.07938523000290353,7
5299,2024-03-31,0.09744820994872043,6
4914,2024-05-30,0.13298017137155707,4
5630,2024-03-31,0.07681812568743773,7
962,2024-04-30,0.10901363725699748,5
3944,2024-05-30,0.0572985189307048,9
6053,2024-01-01,0.12753878291613158,4
7262,2024-01-31,0.05295133047459641,9
5452,2024-03-01,0.043759745264280406,10
3700,2024-01-01,0.11414627514801948,5
2256,2024-03-01,0.22512271322545319,2
8691,2024-04-30,0.06567009456630327,8
6922,2024-03-31,0.051824510644790545,9
1177,2024-05-30,0.16441839849199247,3
6389,2024-03-01,0.04477868443668764,10
5485,2024-05-30,0.06624253658011026,8
3750,2024-03-31,0.19485051377486717,3
1938,2024-03-01,0.1934936895663372,3
7799,2024-03-01,0.06701045866215213,8
782,2024-01-01,0.2801608208740879,2
7083,2024-03-01,0.08193784808156317,7
3166,2024-01-31,0.3637597643184577,1
1127,2024-01-31,0.07180317999942391,8
4885,2024-01-31,0.15725162661426983,3
7057,2024-05-30,0.11296354089317502,5
5756,2024-03-01,0.324442123048527,1
8025,2024-03-31,0.10705610611328613,5
3257,2024-01-01,0.09554112169578956,6
585,2024-04-30,0.05105539102609122,9
71,2024-01-31,0.1933009409922942,3
8151,2024-01-31,0.054964995714884134,9
9496,2024-04-30,0.0645737543307075,8
2271,2024-04-30,0.17618801774011145,3
1920,2024-05-30,0.05976670530755796,9
254,2024-03-01,0.051834778938508796,9
2227,2024-01-31,0.11574799766380316,5
639,2024-03-01,0.10957842843143058,5
465,2024-03-31,0.143323025719508,4
6807,2024-03-01,0.204147467076149,2
2545,2024-01-31,0.041860609147448234,10
9291,2024-05-30,0.05894227104629635,9
2229,2024-03-01,0.38863724460802224,1
3969,2024-05-30,0.7387937868990722,1
5307,2024-01-31,0.050847983318801006,9
1013,2024-01-01,0.39672513160156014,1
1660,2024-04-30,0.05138500179149859,9
7487,2024-03-01,0.2617564761221135,2
5649,2024-03-01,0.07752961785948777,7
5155,2024-01-01,0.20084327907026436,3
7837,2024-05-30,0.5708468880329678,1
7244,2024-05-30,0.2883381336433263,2
6622,2024-03-01,0.07517063357085425,8
8831,2024-04-30,0.10821382406501642,5
1485,2024-03-31,0.5871635280860112,1
7822,2024-01-01,0.17136148675352006,3
4945,2024-05-30,0.0377046837161242,10
7447,2024-01-31,0.056636977771548316,9
7036,2024-03-01,0.1501261667188535,4
221,2024-04-30,0.07403355687534045,8
3471,2024-03-31,0.2693309307501535,2
7149,2024-05-30,0.08565908747710073,7
9000,2024-01-31,0.04507280611360533,10
9776,2024-03-31,0.04558449882868862,10
808,2024-03-01,0.06053953584498446,9
6750,2024-04-30,0.037806888163608596,10
6001,2024-03-31,0.07821498304317846,7
4433,2024-04-30,0.1660030791974502,3
4352,2024-05-30,0.3308385048674448,1
5019,2024-01-31,0.5470786774607345,1
5589,2024-05-30,0.05271977597493261,9
4504,2024-03-01,0.14644713401162313,4
7594,2024-03-01,0.1356449899258349,4
1032,2024-03-31,0.09911534775342216,6
6973,2024-05-30,0.08935793166767783,7
1099,2024-04-30,0.46014029316889926,1
7404,2024-04-30,0.06536081809887928,8
270,2024-05-30,0.06475077348707298,8
3236,2024-01-01,0.12755258352715723,4
4244,2024-04-30,0.11792680644654384,5
257,2024-03-31,0.3575500494337689,1
4777,2024-05-30,0.14816326391920556,4
6494,2024-01-01,0.1372052124660298,4
2152,2024-03-01,0.2803904157345973,2
6882,2024-05-30,0.10074828786719765,6
7692,2024-03-01,0.049558615243849975,10
9304,2024-03-31,0.1628046578956442,3
9086,2024-01-01,0.10364011824491957,6
1681,2024-04-30,0.14028650987947683,4
267,2024-04-30,0.21969985398416805,2
9641,2024-03-01,0.03951120094946853,10
171,2024-03-31,0.087407033173713,7
1993,2024-01-01,0.06734444943625405,8
579,2024-01-01,0.23404657039294535,2
3944,2024-03-31,0.05006038470815698,9
5914,2024-04-30,0.07947206888173787,7
1095,2024-03-31,0.04353302790997569,10
7353,2024-03-31,0.35388247398814066,1
1126,2024-03-01,0.15926121041138697,3
5746,2024-03-31,0.22702054019427167,2
7965,2024-04-30,0.0739916450826915,8
4619,2024-05-30,0.1753597094493057,3
2597,2024-01-01,0.12379126510143923,5
807,2024-05-30,0.04160308633109856,10
1081,2024-01-01,0.05948633692236957,9
2009,2024-01-31,0.12298744638466796,5
7434,2024-05-30,0.0822435195936488,7
8977,2024-05-30,0.34896910610451254,1
4724,2024-05-30,0.5480292168031198,1
9957,2024-04-30,0.07354463942257093,8
3680,2024-03-01,0.06524363145072905,8
