customer_id,prob_adquirir_producto
6598,0.2749801768902205
8637,0.28956858136582286
3972,0.4547412381280593
381,0.4812012907044135
7532,0.33108818606132745
2347,0.5757866013414096
3395,0.5486716211894328
7532,0.10709411336271712
4438,0.10762434001053897
5647,0.3917985957671968
7687,0.40158412924994785
7687,0.6106132251416543
6562,0.4658971414689412
6172,0.32580746720771697
5647,0.08739687127473188
1641,0.1521407374156019
3201,0.24668718766449105
6562,0.4489615513372679
4438,0.5450396960552572
5124,0.08695471428573653
7477,0.6420318247995552
7532,0.2489734615565509
1413,0.5834322480610421
1413,0.09110994996384651
6562,0.4148766927384012
1641,0.10810910810343129
4101,0.7555492123529154
6587,0.5236035863427067
1572,0.3925625543295242
3498,0.2723081528485965
3498,0.3063165164935509
4438,0.15976590113698094
9397,0.1563235168357668
3515,0.5575158151937277
1476,0.1006063908618238
5577,0.5146609281595775
3515,0.5285269022681242
6652,0.34382150351530605
3783,0.12370833501455743
8094,0.1185255738806787
853,0.6336533504221591
2866,0.26415539910675
6393,0.561682860818884
8094,0.6307969958809222
6393,0.3393337825083271
1476,0.1684488415385167
1196,0.6103244493961422
3104,0.21085143008806748
2866,0.16473490806429514
7777,0.5499486679315366
3437,0.7149814743602906
5577,0.5540785188861996
1587,0.13564302658390273
7777,0.3005613446635674
8519,0.36996647783073155
1587,0.21303337214572649
3215,0.28374860807212493
2447,0.30961081885485
3121,0.5252864282827143
9369,0.3260156240471693
1192,0.5142919210062525
9153,0.3561114894251162
3425,0.24393911121250267
3260,0.3302830385164651
3104,0.49502622786861267
3437,0.14191397977636563
7777,0.42953235744989693
9180,0.1123094924606086
1358,0.8058619260400455
853,0.05977660532809179
7735,0.6645411531501314
9180,0.819252755938174
853,0.4058282319567865
2866,0.2370470144634701
718,0.25030185281010914
2321,0.24973098945944203
9169,0.1083630097620757
3437,0.7137044212680947
718,0.38806476587929306
4909,0.22792704423888357
4257,0.35411867020413507
8519,0.5688870057575196
6292,0.18807863620230394
9567,0.6206514373365046
538,0.08250835055277567
8199,0.4316217585209482
9399,0.19091704959859193
903,0.3092643401019551
2243,0.12790229314313484
2243,0.4151934939528744
1779,0.17783650437327803
1485,0.25209334247932974
581,0.3644467625606275
495,0.29609990303310496
2321,0.1400858956381543
1215,0.3401359053622054
2467,0.990319607442195
7735,0.6251843121448578
377,0.2940746970472557
3425,0.7500299042594862
8690,0.11497572993034197
9865,0.3395310750477492
9704,0.2978841589169645
3370,0.3530947106515869
9399,0.6926320945402004
1035,0.2887698556365997
5209,0.7655730218516003
2575,0.5115374577993829
3969,0.1642314187805613
2715,0.22330751348010547
39,0.8337260598715193
7925,0.25292032748238463
9731,0.4272821075674595
4302,0.2868353380112605
8521,0.24284879639070975
8690,0.43768255653166455
6590,0.9222699964622845
268,0.13917715741456882
1035,0.20573178318604335
7853,0.37966091686287395
921,0.45017391497878206
1376,0.7910371199951396
3954,0.15851097243029272
718,0.1183648713535703
4347,0.12559378608972535
5162,0.7687900790929073
903,0.19282349365649137
581,0.045847946356683766
581,0.35191754622743276
6030,0.543473087642769
377,0.3433165620867045
6237,0.4292324071289308
377,0.2194645652042927
6558,0.20095900469988354
7742,0.31065258205291746
5748,0.658364883820153
7482,0.5720764983900679
9567,0.08967619042716013
7681,0.2944963135855487
8719,0.4170943067005523
9399,0.7482633875983598
9355,0.45696974907201426
9247,0.7421179229557895
4946,0.668950321301116
5642,0.540997336336831
2321,0.09066559897646347
576,0.22404279947998482
4347,0.5714090425888277
1569,0.4878697134425753
1569,0.403552641487235
4432,0.4501106598304838
5734,0.15512207856421195
4432,0.3041262558477465
2715,0.093019117409259
8252,0.35281475857810224
1068,0.15000357290600397
903,0.2494416137898818
7742,0.5061104103861809
7875,0.35278837351620046
2318,0.31047698742578544
1474,0.6825723434290372
7589,0.2176210958165697
9065,0.4733426313974584
6782,0.8420679240529519
1350,0.2876556009140958
6774,0.9528242393615829
9354,0.35901957422691017
9357,0.5299985672906954
8719,0.12599681886613845
5047,0.3886109709965975
2373,0.11552875675212414
2729,0.3967762914721892
2318,0.2707386945988742
1779,0.6085620951193873
8009,0.7076655072276233
4724,0.35328311569377124
2373,0.8395614056394437
746,0.25915221918140063
1035,0.28018857970972394
7589,0.20517194592125634
6782,0.43647968945308985
9247,0.26318747976911033
5642,0.34056548479326876
5480,0.5579811650230543
9866,0.41202181931098775
8857,0.30682386772690556
2320,0.21862492036977588
5541,0.13778606022612028
1862,0.11895821602645706
1850,0.3015180332652837
5081,0.12318649472637341
39,0.6383335177896562
4432,0.539092358490435
7582,0.9624421398021991
5748,0.22390391393634293
7742,0.2264508956661091
5837,0.35880832802063006
5763,0.4167061121926862
1488,0.7975654655497033
9721,0.33317824806907065
3205,0.2863248653257432
1293,0.23655021939706836
2829,0.5471263574613183
448,0.17964046316871457
9126,0.27492247464079406
2216,0.21483250719127814
1012,0.8327960049605712
4868,0.18887088474304187
7845,0.9160694455760643
642,0.8660882922980316
8187,0.38950269451099007
3087,0.3665610369008278
2160,0.1620418375508049
1929,0.22441849401850333
1012,0.7811474136320122
2741,0.531797882728411
3370,0.587005718806805
1862,0.09853275008740965
2426,0.15209512647882695
7925,0.5550319942931973
9721,0.2499049360035931
1228,0.3373089952908279
9126,0.16543428195831703
9731,0.4675929463626732
2598,0.386677280830826
5162,0.6849052908319628
8218,0.36686886532532886
9819,0.3663292269528142
8218,0.16920928945067643
9354,0.3067374691293933
2729,0.45280464653736624
6554,0.27761672774146
4946,0.2825638639156147
7839,0.7246952647120837
5152,0.6259897073884607
4130,0.894520908592304
5047,0.16192392846797218
7421,0.10180581085809552
5939,0.10241961488756232
1488,0.16671495808860878
8218,0.3855373598302967
8168,0.32183023237187397
1789,0.17388132588341207
8009,0.37484970561987063
642,0.48560368624445616
9797,0.12708845854365947
1381,0.5795923286256863
6808,0.5712767301276398
5155,0.25266081599528506
7150,0.1397352816630133
7879,0.5196786904941589
5407,0.20765634859915602
3499,0.3111193266927795
6869,0.2965800791073566
6440,0.11474149480874166
9279,0.3291867278448961
6030,0.24594320630571723
2885,0.20934770304246875
4839,0.9640833034512978
7041,0.4474094357040211
1780,0.28163315993586674
1929,0.5788811650078223
7534,0.8614983902834915
1350,0.1782055732148861
6216,0.06467804493105815
6901,0.5362022775556976
7024,0.2512667870240635
438,0.22273470483115196
2598,0.30290156001437624
3023,0.3742432693552612
1746,0.4517360639471762
8517,0.5321810536277138
6055,0.35866764166319864
4319,0.09525060598188836
4527,0.28843656410627616
9797,0.6252259057485193
5155,0.05403282175028751
9305,0.1749574819956264
1488,0.20954211102746306
4573,0.3384388085074361
3386,0.20620174371123987
5155,0.2532889304588316
6324,0.1640956842979118
8707,0.6573904848572575
1778,0.30265721020129727
1073,0.6689041137920669
636,0.4085211763166847
7482,0.3976494824702014
7737,0.20731136266242314
7661,0.38324627839596626
1138,0.3568178833077724
7363,0.6837565706528667
7874,0.445609803142191
2598,0.7691525140426994
4253,0.9291832849863074
9072,0.1930441961710914
7534,0.24535519437925793
9279,0.36874764100327634
6481,0.4216777363602162
7785,0.06295211422281616
5539,0.4159611584506132
7837,0.6317733672623438
6869,0.7340307282111491
6629,0.11640414970327512
5803,0.31289862346570235
2160,0.16476334605642423
9819,0.3231042798612468
8530,0.4589069447095017
1080,0.1935544222401545
6626,0.4063404913686738
6577,0.7848537269166397
6406,0.21241406662108886
1465,0.9621287732869923
2286,0.2737632807623435
8697,0.33228444671679636
1716,0.04819190329029588
7752,0.3013515596241649
3026,0.6561920527755055
7752,0.6196734001658928
7534,0.9182475013378384
2270,0.7716711857219666
2749,0.21143462361899823
4480,0.25215062275018985
8187,0.7333968036766352
1982,0.26817403077465085
8988,0.6659926769536372
6976,0.132711467945016
6385,0.4058021230679629
8292,0.19644706538516352
6869,0.11755091385077734
1727,0.7804392347008154
6037,0.2616680187855117
2598,0.39294821389810125
7498,0.35543702900888374
3386,0.27884045932236096
7363,0.19934474337779595
5111,0.5775013566502465
5686,0.29583327967489187
4224,0.4726179723284076
1030,0.18535294550976367
4881,0.23177266542336214
4534,0.4775706905961432
1063,0.2351945226407594
5539,0.12612938589814654
7314,0.6193493737922924
4960,0.7202911280316958
2286,0.4791229518717462
6481,0.2295291473489561
6470,0.2073898354718527
7022,0.45826050114373684
7676,0.2263270833101731
8972,0.15482151541382144
3386,0.32103765751904767
499,0.31753245009166825
9689,0.5972028196020729
3023,0.5124432156768951
7024,0.2867765459966687
6216,0.3095690434804474
7312,0.3197990822834145
8250,0.5903194184584751
5539,0.5462869152758699
3386,0.9350548288156939
609,0.10285799181553062
6162,0.7862947643376815
3166,0.8891046897598582
3361,0.6030560003194175
6903,0.2008568446576038
7456,0.14130464970276851
4821,0.5157126332997443
4058,0.21591638744391314
7312,0.6011252910724272
938,0.5678493209062778
3999,0.24952759586106885
5342,0.2308835673201332
5342,0.9699411313188305
6124,0.2296200193250045
8166,0.38882961535226823
2259,0.33731121341384934
1923,0.5864203824059003
7619,0.30493724196032285
2483,0.5268686246461499
8945,0.3053578930602181
609,0.6039294301984726
656,0.6001233489133452
917,0.4122815404665911
3280,0.4371887620316013
3499,0.11780330231401563
3072,0.2893004040855335
1030,0.19194151878031934
4333,0.21527153504719257
1312,0.26309841868733885
1138,0.20243688408256524
4573,0.6037848254167364
113,0.5798602742706218
3777,0.11389027965704199
6087,0.5382348348070011
8435,0.27179477116839107
4527,0.8484808096795082
4978,0.8857484751872042
4832,0.553744393167821
2240,0.11888969731312748
5646,0.2387344835569777
3929,0.29389397083509905
9866,0.11745392518003821
7986,0.5744967086876345
4731,0.3493252931330702
8375,0.6427157742427272
6497,0.22577118597169687
3327,0.9130765276899763
3106,0.1299034014741456
7488,0.564667458666672
3273,0.21068075477933002
4960,0.32537444487363315
3499,0.06982951024576299
2749,0.5660475668192417
2254,0.08001975143548976
7964,0.8975891328876359
7226,0.3536129709921789
2315,0.17334751586189254
6331,0.4870031072711381
5086,0.6555090393527793
6595,0.4642449453994338
7545,0.3297116140170759
1505,0.825797111745087
4972,0.3455297658432201
6481,0.6854922431031829
8045,0.4005253352802347
348,0.7724258487192744
8260,0.414057299605379
4058,0.5179988393974213
7880,0.2577449178286601
4881,0.4977989066600676
5606,0.1722519590767432
3240,0.5903714424750359
4473,0.4204802927684454
7238,0.13251986373817376
4832,0.24976980937454624
6629,0.2041103267163182
8292,0.4056955272807621
9377,0.6290825002254196
6499,0.12454036229739485
2188,0.24694612060668905
2740,0.481417200831273
7049,0.3887321547444746
3361,0.572034170864512
7267,0.3912004785716728
3302,0.7978610615860392
9387,0.2721247604186809
4822,0.43189652983335736
4450,0.17410045450311434
5459,0.3728331424969162
4534,0.543486120949826
5016,0.21533142796627783
554,0.21154528227003697
4786,0.17946143878524695
5494,0.1984635780831551
5019,0.06976204585581057
7181,0.2815738319145042
3205,0.9306859766744653
7336,0.3586639110661138
2741,0.3215480041271974
5722,0.16143281073473142
5686,0.7641302304785095
6815,0.9185906423171367
9933,0.2859477136541564
1293,0.41180352078743004
1626,0.26861645828509617
843,0.8886877361660082
9123,0.3923565025179156
1976,0.2643664969549854
8441,0.18236294319480215
425,0.8856927128912853
9377,0.4378153045339102
4731,0.15891346933375258
5439,0.750672317834958
4881,0.31617286939703637
3013,0.09667463039451549
7710,0.11636408369280961
7150,0.3734475937781453
2259,0.4642474421670743
6815,0.4102464716610334
4083,0.32819727655594805
7140,0.11201991928705385
2063,0.2766583306174988
2699,0.38270520889970416
8506,0.6314942008810648
2980,0.2997307234224973
8015,0.10178330411357728
610,0.5346367930269885
4157,0.4211111520174146
3289,0.1357132674114941
2741,0.23020278861968305
2712,0.27181002281896766
4666,0.4660036564833595
885,0.18086552737305123
1441,0.15603497205131378
425,0.43456981993619137
5439,0.46583997918108466
1624,0.5631136949896225
7969,0.41276828278841804
3327,0.5468761995601352
7612,0.38570721926260676
3167,0.18125852558483993
8525,0.2536077693401454
4480,0.4121572896758078
8437,0.3064596279471136
2386,0.4290083347726876
5646,0.39984167358960504
352,0.9138264012963758
8729,0.42424963246986086
6838,0.37197626122553973
5670,0.4422438645849226
2699,0.18248379133517278
4822,0.8075737982945017
3302,0.35885822743338
7828,0.03826028481267829
4335,0.44031918058208425
8045,0.3641458533773273
4988,0.1389667012216303
8260,0.4134306327548319
7676,0.8168147034671644
7969,0.46517682248128084
9510,0.25285813985846484
2474,0.366536830081754
6497,0.2902674679781509
2915,0.2602261977574963
6687,0.29749045501594656
5016,0.7664208427139291
7700,0.286757731951928
6634,0.34491588575019466
2255,0.17886178464956262
7348,0.8817416790264172
3190,0.06800730658988925
9900,0.15047149857222702
1120,0.6518954410162631
6626,0.7846174295074236
6626,0.1771826117465629
4107,0.5983658634569342
5459,0.3107458013912082
4822,0.35113720297835765
738,0.06629221525725744
3209,0.344968968867377
8045,0.18260024603489183
1099,0.447182966786158
3448,0.42992467313452926
6634,0.19429603249160649
4832,0.40173513721128246
6516,0.777934077346087
2343,0.2832180351447374
3010,0.2686899475110052
9215,0.26151855808575264
6087,0.07820175239565257
4281,0.559487485364866
6468,0.14475692543558333
7443,0.23175252661013726
7933,0.6303321645798281
1441,0.37035710853160014
5016,0.10800471896018869
8096,0.6194102264442153
400,0.6601037832390327
1636,0.38766165998889884
8692,0.26410699400973975
4486,0.620366741284469
3262,0.5106456921988062
3334,0.16098694046429243
951,0.26046932009123636
8848,0.434344495153569
9124,0.9422108668403611
108,0.294620856089126
4058,0.12809634084911156
3802,0.1498342365364574
8092,0.4381475077195179
1015,0.5685601414814052
1724,0.1717181198124628
7837,0.18641231914560039
8092,0.3795960651113383
4182,0.4465991161827165
239,0.21645159117550905
3078,0.4849213734130845
325,0.516179434965867
7898,0.4658307475603331
194,0.14894499747871487
7378,0.12217304290124517
1609,0.18495897779112985
5385,0.2699805143684117
918,0.07923674122661106
917,0.06372317072128679
5198,0.08998131963895373
9382,0.41739633216252137
8506,0.30373483874291696
2323,0.18627267991597515
6752,0.10875806218370507
8453,0.2420430944490681
3209,0.25448279617704767
1022,0.19728944418268712
4058,0.31910143558010107
4728,0.4670566770918086
8331,0.40971112698578516
938,0.6680640637084403
1724,0.5242423854341959
7837,0.24018877172345918
3516,0.7465643815687742
5294,0.19394469585085058
251,0.521477573480619
7473,0.46011030265421604
5424,0.3021782508695048
4575,0.5838231214907856
3429,0.366457775495316
1444,0.3263160518743988
1997,0.47937284797706564
5736,0.2813800991945391
122,0.423093086284472
5103,0.8059791986828341
7267,0.27124907789367003
1277,0.595919839722695
6352,0.9770816111033441
3013,0.8435159442987474
8375,0.1469260023809417
5718,0.8751988245780328
6470,0.3595374419299621
1926,0.5471182883176521
2571,0.479199604105865
6838,0.5937463195924433
5021,0.393753987117856
9878,0.33948278427114076
425,0.613860039890405
5756,0.7813474898728379
1013,0.743018835933478
3906,0.7939251957784811
7188,0.22605469508981138
4107,0.37994706318843235
3448,0.4677039813988865
3906,0.5376183635328405
310,0.3788530111595182
2174,0.4588843409492015
9192,0.6686350743179365
9377,0.13850446566879296
4571,0.8523629981687129
7085,0.7367153480577089
236,0.20064433888583025
5494,0.1829009107243333
2997,0.26301170923569817
1314,0.42427063533553033
4279,0.7769288486135174
3643,0.3674850879053937
9739,0.18304393390287207
8426,0.8426608499902406
9215,0.5744554916795104
5874,0.4004760309559406
6752,0.36365085566432537
4066,0.931314871914786
2229,0.5774656134293771
6370,0.07325309953290143
9819,0.2427150740456177
5694,0.32163897513158507
8692,0.22121240553537927
4972,0.2230477575326445
544,0.08822013234422958
5016,0.4506891184075227
7924,0.5315063498940213
7929,0.25573019707054595
1926,0.2620671042968796
6470,0.20561889311898635
6284,0.4301693531912185
2859,0.2029375706300026
8887,0.3077385364916466
1505,0.5396308556249804
2740,0.15426398798995347
3273,0.7711759099021388
7420,0.4929185927732999
3401,0.1829301300783449
2741,0.22772977560469201
7443,0.11111117771067476
4786,0.18496068704762153
8729,0.09664516362214921
348,0.1729488581618778
2614,0.17595256318576027
1724,0.22476213843421256
5646,0.4307105580240414
4666,0.9422757224156904
5294,0.9121162048148199
5409,0.6241244445146448
4988,0.4446599561652747
1947,0.7527230354343852
2186,0.20379340440035673
574,0.7935007068497029
6167,0.3614112271970241
1697,0.13923926428317598
310,0.20665386002361444
8096,0.5135181445990018
8390,0.19642110005537158
3262,0.834989709709924
2580,0.1078172022065347
3167,0.2560576156308501
2517,0.6152575760161055
6370,0.4601850560660869
5479,0.09724224117868167
1880,0.2924725284702991
6555,0.24162969247961455
5470,0.7572553843954929
4281,0.5450785306642638
8908,0.3782393748293058
7587,0.46248072288638037
5856,0.7471552681358319
41,0.33366436426187884
1912,0.9334979064561538
7739,0.4587435201731773
790,0.4461272918446127
9072,0.7707908870758644
3343,0.17244989639587463
8988,0.6572277872188683
2702,0.1830352124108368
8087,0.4281715337253971
5919,0.3840000497367426
2302,0.452580724153507
5016,0.22170856194597782
2344,0.3059725163484081
2320,0.33604600128575596
2379,0.4903431666085127
544,0.15766843234033434
3768,0.5064225042361183
2915,0.23117102083292906
9215,0.2959918477323116
5544,0.260219799894177
7528,0.3644781513702608
4822,0.2315264122905208
2255,0.21148723706051115
3439,0.14729452153523004
5294,0.1705158906795297
4352,0.2823563052861562
1318,0.24533022180736058
8416,0.20510445099775057
5756,0.21883772619434877
7771,0.33299145493819393
9196,0.26177385358970234
519,0.24450481792821072
6954,0.33732798466581326
3777,0.2553767126722935
8639,0.23786750585410493
1238,0.24089436180418983
7443,0.2711277148432501
4686,0.5378341185808536
3401,0.3380606343429724
5163,0.32224241349919613
6812,0.2758328574716185
4637,0.6701196639564054
1527,0.22234755331050976
2375,0.31500231442668597
5973,0.30856586227655497
3240,0.409240192615918
5533,0.6838056753447227
1314,0.30591230255273205
9478,0.4849229420233152
2255,0.15864756881844533
3771,0.40419196590272555
766,0.07042496042581177
3367,0.5914725246240283
5103,0.25103192169941013
2353,0.2890549914486803
9123,0.15406406464830785
4702,0.28093870551735955
8312,0.07500858025153793
5770,0.19280102650270128
7423,0.3559024796477185
7662,0.8236353074543811
1965,0.26336265872748843
6935,0.6586326359568346
7828,0.37362516884373087
5490,0.6156204592562327
7498,0.2756208651104861
6249,0.4341881287886286
3814,0.6237529522548775
3929,0.25074893442716345
1331,0.39809342852953894
1788,0.17248195773316555
8566,0.31969055148289116
8155,0.29000914853786813
4335,0.2403916918469839
2725,0.11684234575808661
251,0.2476942420188024
1965,0.2738920918982297
6952,0.6588369058317274
6935,0.2125293776428816
3929,0.17438051497549623
4878,0.12125967579896994
5770,0.8519570150080988
574,0.4809798073909394
7200,0.26662450574232066
9383,0.674912073016551
2607,0.3981467135439041
7393,0.34326009723523276
3206,0.11906321096998622
9659,0.7656868191504599
7158,0.3215116116204425
4182,0.7665038509543484
8284,0.6537048757334077
3710,0.09698729394319076
3239,0.5036245791744217
2698,0.3193036159435869
7739,0.39379769547576565
3771,0.38276843998329546
2392,0.20901704686245534
6341,0.1705754076418357
7933,0.5968973574818465
3766,0.16795366800381836
2578,0.9565057445152672
8381,0.44658359361278366
4176,0.7974828522144122
1697,0.23715124565883003
1788,0.1828085913988755
5672,0.1720942515462368
641,0.2241332868524759
385,0.2948524115089819
4568,0.266979926612865
3262,0.1529216730685494
4881,0.437539227471513
1414,0.18637088124218867
9928,0.43770827880976554
4311,0.7602193252519973
7408,0.13358404973329596
8839,0.4826183681835287
6838,0.7319969793418367
7427,0.39852086101277057
6572,0.0981660791859375
6344,0.4651987482291433
2844,0.09088496198258773
1465,0.1924710646155611
4235,0.4508919046679995
5746,0.4710589979187595
788,0.1352855117263454
9892,0.35849311307004783
1866,0.17401084864584312
5481,0.419607668709907
6561,0.5045574133222305
7639,0.38339041671491947
2732,0.2594144958197331
5317,0.7560553181515861
7420,0.8567080117375693
6482,0.6403273531643395
3186,0.5146989102003702
215,0.22802657023692538
7763,0.6698610874775921
8309,0.23762494159945774
5770,0.055732877309261186
3516,0.5577943712221753
348,0.5207817596272246
8205,0.4617135924785057
9659,0.7970233246372243
320,0.44541789097582096
5317,0.17690341637390355
919,0.8297423163781418
3858,0.1747365039176565
9114,0.6778439329961917
6561,0.0859234326854299
5329,0.13901477894153189
1696,0.11172284972781606
5021,0.8572136822785219
9215,0.13441544164656946
6516,0.19769078227625458
4473,0.5753566615447423
5329,0.9221173609698295
4036,0.10621332548533985
4311,0.36389475431167706
402,0.4443429659145724
257,0.1611969717773598
290,0.22443777862138123
5317,0.11298322165383189
6935,0.24923988062266678
8702,0.23238216505940604
3771,0.4616213972649704
3467,0.39148236523569363
2981,0.43058145076208715
515,0.1282705334103269
7528,0.07998401602438718
3174,0.2815926961900557
9853,0.8344294310734368
7353,0.41835897418642115
8266,0.3944255448265348
5897,0.16028862518332784
4159,0.9953053125808151
4940,0.5754881609681397
325,0.7369214078190378
4352,0.7706093876881521
5233,0.16356367608592942
6542,0.6534599783900629
194,0.28901452016216433
3886,0.2682821409590434
2152,0.23092690012378012
7612,0.6259154096724889
919,0.34382202065477224
4717,0.08496430795461975
6585,0.35446532752650045
2860,0.7031689719964835
7587,0.2614816741191783
621,0.5154803033517456
4955,0.35908414482224416
8968,0.5924772520180331
1071,0.30061060536483786
1562,0.13211899957529
8122,0.6920130894505305
5856,0.7142527848423308
3367,0.17477640144077528
5108,0.6551459331451761
6572,0.4530695233732132
5329,0.3300116673809811
2047,0.36909771637990946
6530,0.24569218422307043
2093,0.340674314734633
7226,0.42732905035969165
4082,0.16643540484316494
9739,0.27741140760904853
8895,0.3480622027003864
4062,0.7943245401512823
596,0.0929021938877599
738,0.09853727959126292
7427,0.24534238621240162
9382,0.5243692850405343
9661,0.48155942066964674
9919,0.46519599732732014
6812,0.6141439338531529
8405,0.4069996904999537
236,0.29308495401654866
7393,0.1447359377959941
2702,0.12963194471963507
7542,0.697842509525841
3053,0.7931746365271368
9192,0.11890521865487819
3879,0.4829425679307579
1520,0.5131326009037628
9611,0.3578078972720288
7105,0.18724531731765848
8974,0.26031324664845323
5660,0.820465290971364
5553,0.20729974472504972
8692,0.6108187825550291
3929,0.20266650988517398
1187,0.4249679772881791
8839,0.22400718996817667
5990,0.2735760078056885
9900,0.5553056039041506
5211,0.22391353623491309
2983,0.9285056980779699
4066,0.29977641054624937
7639,0.46784643756293676
3598,0.28841039012041086
7639,0.2461735134194569
9044,0.21573264162300632
5479,0.7149888264734572
9754,0.7590105807206463
9611,0.38888669503032497
1218,0.7192151256763041
4693,0.15047236236392939
6521,0.21042223634874335
9359,0.3651168979884829
8064,0.27277346358386856
8405,0.21680931177787216
9161,0.5813912972259978
1880,0.9068662810242837
5746,0.2817148556600854
8533,0.5312675682805852
136,0.4253255190030447
159,0.7189765902124868
2777,0.6782936197472457
3471,0.6149210259324678
9661,0.31627171402392135
460,0.4516633782802743
5080,0.3867981970015333
2556,0.1832987033323951
2544,0.2085912507959055
4060,0.2898130206982536
7122,0.8844725794035755
1741,0.8272698428211976
3917,0.16253408602013047
3010,0.5766199020391031
5163,0.1817078578544475
5372,0.3531092488118268
6775,0.9377517545946477
1870,0.106213693225816
574,0.2395899064275826
8264,0.18881356544874445
2135,0.9465468992955536
6937,0.3724062445846437
7976,0.4362066595735069
5562,0.3644822267640651
7022,0.11215759535677912
1331,0.7597975526218304
2113,0.4197095521167105
5818,0.7165274957015788
2097,0.29058705892576114
8968,0.45004268243497203
4687,0.5200140489211716
6888,0.15265648364304218
3401,0.2052913363454857
7723,0.8527209434358555
6936,0.27775864334568395
6062,0.6228612737687989
6553,0.9936244967910887
9795,0.6274648609030854
5976,0.41024814391123043
9553,0.8477276328981943
2472,0.5186501631576695
6521,0.5284308645904713
4425,0.09524589749933492
8863,0.09090820988661873
2983,0.3218777742246017
1197,0.10645050207530016
2544,0.9897556829217703
7459,0.5604677442550556
9160,0.364993940020277
2022,0.7045978231156612
2628,0.10858513696466875
7836,0.8768048763863295
8451,0.27727586081385336
460,0.19503222491246977
2587,0.19001314328244448
1201,0.09519946817036178
9382,0.466269548971766
7901,0.3278351396711951
8970,0.46040858916978056
8968,0.7096356763119095
8505,0.28195091830949176
596,0.3816829463952754
3763,0.5603746230046627
6341,0.1386590710096004
7222,0.4023941784481516
1537,0.25122922739628556
7071,0.5051323835848337
9654,0.2939190356052454
5233,0.180164158404592
2981,0.955993179421194
2257,0.22728303143796705
6813,0.16631639992475356
4686,0.5257332117345428
5990,0.27769879432214406
2188,0.4955608861059275
6775,0.19396202940162852
3356,0.24292605764517183
9307,0.5265782181621135
8856,0.313252957494612
1734,0.2603095465056641
6155,0.23242873307806572
7891,0.21658883942501492
6386,0.6204246720274632
6957,0.3964582345292632
2399,0.5944609030015541
5389,0.6015547157906085
5080,0.1904875289828456
671,0.09338866606404363
3165,0.19172565909901218
8945,0.21546060642992781
1626,0.5947764334587257
157,0.4353244253224968
889,0.4620522535666845
9930,0.6489644925680459
753,0.7075127575306083
4553,0.09447714624730455
7723,0.5286060341088649
2152,0.26396196914605446
782,0.14245188617136176
916,0.15419434086318498
5536,0.35598525037560935
8134,0.34880849935634567
2132,0.31578274215755925
2392,0.2613803498566991
6400,0.14752939239051047
3206,0.6603276594380271
1197,0.1217837861088131
977,0.48510235314186595
5481,0.6665165751876252
9553,0.6293587909676224
2040,0.1750445425864479
656,0.17879718405602257
3401,0.21847497248575679
2777,0.22855305982227192
2066,0.6568583346580604
3954,0.7033398411603855
1866,0.5619416711055257
726,0.12291807649113659
7766,0.2402871632858714
3858,0.9412534774158023
3067,0.7122598006534645
650,0.6588620931560821
5988,0.3753088171395595
2322,0.13455104282299332
8528,0.8599376118220582
4783,0.27297228657593886
2379,0.238847828568925
345,0.4077257690970872
1825,0.5741097551993292
9455,0.5997871263678575
5856,0.3413572664327594
159,0.518093276075297
9409,0.23535544875140343
8239,0.17834613562453808
9019,0.18434654514428253
6585,0.20476247083139196
7581,0.2339944568373392
1515,0.634842395958621
735,0.2913497243302232
9455,0.1852874761984298
7901,0.3884566887124579
4796,0.44111887242532516
3762,0.22927841096533483
1946,0.4948782179886974
1218,0.23697401430720658
9853,0.35511948503178836
6957,0.6632356738386439
6910,0.35546665797767
7222,0.2958496397364416
6535,0.7526564309607067
1410,0.9229464300856285
4693,0.3414828763555667
3109,0.49971666883300847
3714,0.5938685066607068
6801,0.19050831613306998
7310,0.5087571016805844
1830,0.19487038156625414
3070,0.12820381869697212
2780,0.8730824820729386
2596,0.5318072733941988
8271,0.4180921436004485
9048,0.5760346840735933
9779,0.0730634754470369
3316,0.19016099049018836
4590,0.31547219000213894
8505,0.7648047805224398
3343,0.6458560241091936
8578,0.19595636469400446
2725,0.20114738840480606
7357,0.3555062243191467
8051,0.14955594960106464
2638,0.36521310906973076
8309,0.6765243891328695
2139,0.6490405304032143
1218,0.5076569031386289
4186,0.7002743249445759
4176,0.17468577260854062
1487,0.16572742778850116
604,0.6326404899692393
1688,0.3077734486240615
9067,0.19858071764474355
1830,0.4191563770458351
657,0.1744405409211061
6945,0.2617734312990154
2097,0.559004401697342
7494,0.8497869899274988
650,0.3292871237611278
5348,0.25834162837591296
6169,0.3310726384062847
1947,0.2663330997532987
5385,0.21639777002198707
2093,0.44335331260284344
7548,0.8841838257993164
5649,0.4353891894384592
9924,0.7100419746335599
4549,0.15983425221958042
8724,0.17471676646792714
4941,0.8230602501524293
4473,0.24235425922286494
4290,0.8815895542028193
296,0.6185592479356286
5660,0.41394759120598273
2662,0.40372005142163764
8309,0.5434472053802867
3439,0.3962049689739862
1781,0.19746527799715274
9915,0.15634292822375645
5351,0.41805700221207287
3628,0.6416476256244916
4500,0.31102120030181823
5815,0.27780131212861897
7739,0.11519696307235804
9480,0.2989300861210495
7266,0.22745466928219596
6701,0.6041559225414931
6466,0.19721858637536782
3009,0.551456347597728
3763,0.14097183376219002
2066,0.20953574567714844
320,0.42804970994088576
5206,0.5441041424259537
1410,0.29744959917894764
9200,0.26835434181272755
4496,0.5645351860345492
7271,0.8333137558699578
650,0.3861250453079273
7244,0.21130432999394258
3766,0.3640336986164036
76,0.14769968390097266
6586,0.18608390202052413
1189,0.4123463112001445
7858,0.19382115896733831
6344,0.5329342983813526
6284,0.3477741784951083
8064,0.4818475229621428
4563,0.397554862777523
1120,0.1679369987786302
7009,0.27531784797610026
6665,0.9153402190032001
965,0.41409847736906225
2136,0.4109062756215824
8088,0.6950757747777073
8533,0.6228794520506802
604,0.14785040782315134
2132,0.26848555817566105
2392,0.563091851882487
3762,0.6048522362283095
8721,0.3993187542381271
8970,0.8221032471283588
7873,0.6764249905068846
4562,0.12151358837007438
2689,0.2595157597218063
9044,0.4034998681284644
6735,0.18739793032654314
8839,0.31196788644972184
1952,0.3703399199975917
9930,0.5676980040165348
4913,0.5669293993711104
8040,0.14608538797799234
5971,0.9142967403798363
5486,0.6325161218729863
5017,0.5896416064896487
2527,0.415978037296172
7494,0.3038671930172888
260,0.1529669406340953
1201,0.5465956656684341
5348,0.7487858546676425
9525,0.34372101708381997
9675,0.3237493165623085
5392,0.09051368411361801
2662,0.2838282671068538
5988,0.15079071021060161
8396,0.2063276619656952
1823,0.39454834525215954
5704,0.34604670138230736
5392,0.25837342618187936
3763,0.24962889013793046
5718,0.1802639287269457
9037,0.19519056816903715
671,0.3689344198063559
7480,0.4067176816531959
2908,0.6167461063860717
1414,0.20871734746342163
3976,0.32042331367709787
8863,0.2638215948219488
3088,0.26767409118853724
8441,0.34682603237197085
8942,0.41139185412817647
3167,0.39562029116838976
6224,0.4445524055421005
7427,0.15326674314429986
7400,0.31267929049720405
320,0.3780919573924507
2322,0.1554976322187576
1991,0.32053312802623796
9328,0.2303226812579079
4076,0.4145205020303636
8945,0.37915938937994464
6080,0.41116853737663617
2392,0.08677399824198237
4693,0.30957988681530246
2740,0.10287327103880335
2601,0.22776324275696527
8547,0.6540793236091164
1258,0.4578933812951866
9880,0.4094058861670698
7858,0.2795942987851872
5019,0.1512064995261273
7423,0.24414239616485883
2780,0.28420468395383214
2113,0.6797596077833019
5365,0.35998001583582895
7353,0.1421551245665098
1952,0.6486749304512142
9359,0.1998760982070558
5364,0.8587252038470078
5481,0.5691540661583434
9519,0.16639403471775718
3741,0.22190502116820765
2257,0.4533842566464305
7860,0.11959786062480492
4796,0.28903184748469374
7487,0.1747707718991976
855,0.26832996052190755
7873,0.9273363047599444
5791,0.6271579715422114
7911,0.2791475672284123
435,0.23819210502228383
6092,0.19086065500661709
5360,0.3155737564784798
1515,0.264666879951862
183,0.1977782832857819
9444,0.2913088338854359
7357,0.2300012496350501
1558,0.13674855177795625
1435,0.4355268984330844
7976,0.2544283524617554
3125,0.7187936044449905
3186,0.9955432286865112
6813,0.3600403677732669
3011,0.1580954878176131
7265,0.14515900227313397
726,0.16875704986044238
2247,0.24957886862465997
97,0.16244855076126463
345,0.2677674564314783
5083,0.11108935054300409
4157,0.519624247547255
1865,0.33025276639114326
4838,0.17305938057106843
2561,0.44612807388947817
1770,0.8075875628458777
1405,0.34317568458120606
4700,0.5446626530741215
1537,0.22276464297989051
3147,0.25088043128675686
2132,0.5380110720437682
6977,0.2562412671427329
7860,0.6119682093325207
8364,0.12420662394078985
6716,0.21863991950543632
7638,0.4426181183314062
6716,0.3227651235916927
6574,0.5572851360132971
7135,0.19378630853759324
6866,0.8691537346038231
1259,0.400490008567711
3793,0.1537300511391947
257,0.2812298054756635
5622,0.8385784654896284
554,0.7769813534815113
8406,0.4107026902815476
4298,0.45561808745558025
4289,0.25604969443837483
657,0.33436890303851735
9352,0.20749264048963265
9048,0.3819260829604216
78,0.4406742591619487
5195,0.33003831536588574
3073,0.8198094695729146
9278,0.6107040579659153
4941,0.18266357179760673
9343,0.26559149252001735
3053,0.19947255673536207
9048,0.5757788378904187
7229,0.3661860173852446
7015,0.21282842903726884
1072,0.20589227179351352
296,0.1377929567353734
5084,0.13437515624796986
4500,0.33445969953686416
8841,0.2742129783333757
6014,0.10741096231374757
7431,0.6372938856042213
3245,0.4825640898209738
7162,0.2841593987124311
6513,0.13254268258292576
8120,0.5631736648560608
451,0.45487756032494003
4196,0.45792378879012285
1420,0.9576517966061117
4482,0.07212454112398248
9079,0.21461491350717116
4549,0.32816542953572597
864,0.3497277223302934
9660,0.7598980277007117
2780,0.7570957649075836
2184,0.3056746960279859
8122,0.1282516503088293
3310,0.389813813063643
3732,0.377270279748469
7343,0.4305668212493406
501,0.35257135436234377
1927,0.25657611117290435
9895,0.16444564742666662
5153,0.7088108393163207
7499,0.23371231935188685
1243,0.2895596487040333
2148,0.30649172495282745
1258,0.22016939249660325
5782,0.2438726113804723
9748,0.4570164861661963
4693,0.4313101632667631
2018,0.5202807050390675
6286,0.23347175643048454
4148,0.6143624565632642
3625,0.5674649919210634
9160,0.41778164649176924
8737,0.13751075324141573
515,0.09455030997920717
3189,0.8806474857649719
5211,0.22193383773958383
3943,0.40264972434230933
7198,0.6585880977199668
7709,0.32659127770563606
3380,0.7138396194400991
3793,0.6170795490809484
2929,0.47965024192485944
153,0.2464575190241216
6014,0.7816757204354012
3125,0.5210668836619362
7385,0.4245017982771143
8620,0.5536762629920319
8556,0.37804660250907907
3469,0.08371518853741766
250,0.44369584071507157
9727,0.8321474013489457
7545,0.4008363506654668
3482,0.20243926756627448
8051,0.36587044459936674
5514,0.20079514364462722
3189,0.22370644690383826
4838,0.27062354205218164
3569,0.1792928342755042
4470,0.6284990159596446
2542,0.8450027438456702
4531,0.8416998218566811
9687,0.1306088569772189
6004,0.15319057097280966
4153,0.4326774165682875
5688,0.15495710428665788
4948,0.2982729414256383
3325,0.3488332997342259
5015,0.26405320765078216
3225,0.4587735725223728
2148,0.39834453092590216
5084,0.17804608172592104
9895,0.4288902844545605
8,0.3307569500764812
9342,0.727813668235711
3239,0.28634007665643935
2371,0.17560898359518887
1250,0.741016681265101
4201,0.9985887814324305
2302,0.1846871649518845
9576,0.21841733800329932
4567,0.4577907002208448
2829,0.6538136034168713
842,0.27392324756065034
7601,0.3416144261126777
9275,0.36753196788828335
8008,0.23109794090464522
2136,0.5754573585466505
3053,0.5493554794016993
4248,0.3376567801482115
8542,0.19378014505653923
3663,0.5303768290819867
543,0.46867287161442717
9968,0.4237735233668463
5179,0.2779071553731993
3886,0.526377169496115
2033,0.34017469807441625
301,0.1867885840796245
9048,0.4926171474264186
6653,0.8695862292630089
6813,0.22925388183637674
8327,0.08332860034065322
4159,0.15030751303082332
7714,0.3135668655923255
6402,0.19420075466409206
97,0.45371145112454014
1927,0.602610702325557
3485,0.38931806390358786
6344,0.1728429070852085
5705,0.5206005460722698
9558,0.41998147071081143
7265,0.24608448022501397
6412,0.44967899270252987
3021,0.15339172324974187
296,0.38592581596622527
9713,0.5915632924957925
3595,0.19337352142206554
6275,0.7514983408645285
3471,0.17241561187880805
7244,0.22957601349287945
5933,0.16292929101069686
306,0.13757960606077424
9709,0.9800772967655351
5076,0.8166901142252154
8470,0.4647588660669644
5418,0.35392208017401705
842,0.37659678853037465
618,0.45931139852160796
9787,0.33205492952030463
7198,0.2817849199509784
6489,0.1337242400307918
5519,0.7722634169339399
3323,0.2479318306218918
9690,0.09426102902720031
8023,0.1787899069984177
5448,0.15525480433779407
3035,0.29901003342007076
5782,0.18839761223294219
4137,0.22701893503557513
8968,0.19753536774852345
8211,0.334459986473104
5857,0.19264117898345373
8125,0.41726103379189555
1189,0.34244106443001127
4076,0.2550874983416195
1367,0.5448654231469713
1339,0.37796068559234425
989,0.35995317013479305
4410,0.14640087854256842
7873,0.37437532150790664
1089,0.2663324537292294
7491,0.2917010410608297
8531,0.16947581590079178
2660,0.3008775262705855
3730,0.3396401769962031
8933,0.6056279788345691
2271,0.4311677753067559
7774,0.619586754630192
7842,0.7008823977651217
9138,0.9777196462787775
9473,0.3974475805494491
4410,0.5565003098020371
5244,0.3171842147025518
3235,0.1292992447792326
7564,0.22750196912666232
2837,0.04309921182985728
9679,0.2588765389856798
4718,0.08445363180095418
9020,0.32136265275126624
2468,0.213343394804246
9288,0.5969045456536857
9288,0.3394201091038128
5230,0.3724003473120896
3505,0.32359307520402575
3732,0.46049013369793623
5718,0.2080937969727836
8264,0.17486262614754816
7198,0.4488290056273404
7461,0.38421692133466284
5769,0.9452369863165248
9968,0.39438751394623967
9409,0.255376344968459
7487,0.17059009067427464
2829,0.1761979207401618
1989,0.33705089341749056
8891,0.26248802865292287
6435,0.5730770254079005
4459,0.7082909896321701
4723,0.14208257378823066
7085,0.21692793279514386
2929,0.3225075995891768
5252,0.14696433926973382
3749,0.7584046838958873
9810,0.3517679197108425
1989,0.41021945726976583
8827,0.14226407460479448
247,0.7937651159587092
4953,0.4731652459093186
8850,0.345540505492627
2846,0.23404829722422835
1562,0.42298714653527236
24,0.8129132423468868
4035,0.9365640725525202
6732,0.511944698638445
6930,0.10460120604885799
8884,0.17962267193581283
6852,0.31611836232861895
8180,0.58701580715902
272,0.886210931346192
825,0.11450284960733845
9444,0.6767365936675548
6241,0.7111992476231869
1042,0.34172150153774783
6627,0.48131986110940755
220,0.19193716139897654
6141,0.5556806541068263
8232,0.20644045831077945
7955,0.23565992814819464
204,0.06336220683539992
4980,0.8303181367486351
4137,0.46612546353651296
8580,0.4698860305944375
6719,0.5180390740981505
520,0.1888849114284072
8997,0.9183821998484154
7458,0.37337808977644044
9195,0.3706849486270718
9924,0.9277117597406978
7909,0.16614514670222824
1439,0.22752362966185075
9454,0.48710773760641735
7860,0.7923286095986344
4318,0.8694646719343766
4186,0.5693212055527384
7009,0.9553077858821037
7766,0.4149267829473917
6814,0.1397905012004285
8299,0.41807198845548244
523,0.3716430715466886
4111,0.3020585303693378
7085,0.2137739935308886
9863,0.4087543182389073
8441,0.5021834906505339
2385,0.4519717636720814
9607,0.4925813148979887
3626,0.9537561354319322
3259,0.5318605575690153
5769,0.713454878519631
2924,0.2827574050567812
5611,0.5530798853950719
7855,0.7432189142781105
8125,0.17254457990057873
9326,0.6532767258506152
2676,0.3051882026730029
554,0.7066657601747133
1492,0.38684823338327007
5701,0.09841652001478693
9772,0.3015801824878533
890,0.21941429603982562
9994,0.5911199114845471
5833,0.33098259867097046
6766,0.48111337234425805
4790,0.24059681583838508
5798,0.4083647840601659
1461,0.45417466291051906
8220,0.3944086498540813
6957,0.7980354753825943
5154,0.22314979636561263
1784,0.22086433635998398
9546,0.6582027539972085
8930,0.8285685200856173
7505,0.24567318957086146
9679,0.17527022557625815
5019,0.3006042580727924
9998,0.5650230957203106
7858,0.5001113433357445
8838,0.26582900129950965
9482,0.5862746955993526
8175,0.09505150963022364
9692,0.28020816778622
4516,0.2108806234232409
4602,0.582344093923173
8264,0.8333227502920892
3830,0.7373702338549086
1141,0.2096757219015823
4510,0.3822938809003589
8827,0.44152582668127954
7748,0.2282740522641085
4315,0.08475986254921254
3035,0.25821784913239115
2018,0.7016118180547942
4461,0.4317351861122646
7088,0.26844804432298414
8838,0.341497418315255
2053,0.34536198968231535
6807,0.659953957196302
9340,0.7914931283378426
2186,0.3333296265805592
5718,0.4113585995289115
1585,0.10239279303059987
4304,0.21902834799446055
25,0.3037792930268468
8843,0.5248135148586791
8328,0.09494782314232952
4500,0.347151878807447
8421,0.37745470410590254
1553,0.556471895726409
7278,0.23883156785424042
9584,0.21896918994779735
5359,0.4572144509573563
7060,0.22229368417429823
4102,0.5104766154206688
499,0.23143742882655605
1295,0.7264526565995548
6910,0.2280071936761768
2389,0.10768653143627296
2033,0.41957658713031887
6863,0.27790236040973815
9536,0.1577181742048696
9632,0.31211299884499166
7562,0.23510656905458543
3080,0.5700621000361785
7518,0.34067677649352796
7085,0.3386952899441444
4545,0.13043857151579427
4876,0.30460089190710626
6906,0.18623746964987192
2676,0.6731189604854774
8040,0.29943399676603094
2745,0.804810290541859
6292,0.5658199321814905
9020,0.5833664990609193
5996,0.6529832218445935
2153,0.46742429551008297
4856,0.49132161898635845
3759,0.6598231195348916
1643,0.3800339848206209
7044,0.14473296370847097
3629,0.2906658256083084
3471,0.5817962505388847
4562,0.30892989542432725
1073,0.593492829718758
6926,0.26843664427805675
7505,0.3008326664601114
1406,0.2039851724560805
8834,0.4665296428908435
311,0.3093136621086784
4242,0.4449527768676318
8128,0.6046213032764212
6132,0.11887967712172151
2561,0.18597311342196987
1450,0.1138763881617306
5569,0.2214930530185408
7180,0.21003708134581794
8827,0.4184518524661847
8327,0.31855815062743337
280,0.6083818758392472
2554,0.2888936017075206
6876,0.8529115392864852
4137,0.4619842385044712
6904,0.23385919398707014
6960,0.13004624475883753
7424,0.11490709087723676
2527,0.16204437972955277
9687,0.597028996365207
7983,0.2545055913956435
9526,0.8597746577729788
6895,0.6857809274409178
5701,0.2399984894908306
6119,0.7003872392319961
2158,0.2971852089259487
9539,0.3515390316843117
4876,0.22127056428863925
260,0.5529956055082299
7060,0.40822802520631035
671,0.3515224710757691
9271,0.16192380511454033
8633,0.20101850311459046
8933,0.626724032901571
9288,0.412298229828292
7505,0.15862873456744153
9572,0.5378850425352097
4315,0.9996375263287889
97,0.374234288481964
1984,0.20263998902930208
2092,0.576154009936149
5137,0.5636515189085434
2652,0.17843331599830745
9762,0.2588247267065755
9919,0.2105399248118557
4318,0.7182905957896472
8974,0.7566881768020814
6200,0.5036171005339509
6814,0.806003660054957
5797,0.46897211743459
1195,0.20397978160089514
7631,0.46380514275956725
4646,0.2808808210672016
5448,0.25562912612315575
4856,0.3369398274240022
2055,0.34387936567256
6537,0.1130348813700916
2689,0.23935358348195102
5782,0.24536654997912907
7569,0.3115202264133969
9271,0.46684927803552856
4808,0.16708181567091454
3183,0.14707473479909425
4459,0.4284710781759997
9807,0.3845346539661479
7028,0.18144412818373812
3744,0.49516276631031136
25,0.08482337656723109
2419,0.15450043212326459
1781,0.48793855214815557
5734,0.20685086575036946
6173,0.20880025348873296
9807,0.270353280789119
5528,0.5573933871958315
9111,0.26343978190927936
4003,0.22097115977735576
8421,0.7737656777794073
9304,0.3569987575860777
3885,0.18410470689528174
4649,0.3622671031678119
4542,0.6515106836723629
3075,0.14726213312350528
3056,0.3554392173197356
5009,0.27424100209793745
5252,0.18771141103978828
7487,0.289481109658795
4559,0.873347634092187
4562,0.2095796270874372
355,0.6777231980862997
1865,0.09713131953645834
2256,0.17883050818861607
2079,0.17664036378432957
1152,0.2537067013298764
6025,0.16980752997267556
1279,0.6715425059845453
2660,0.3078397564727572
3277,0.4952100155210573
6553,0.18863146150142857
1992,0.6622711458892857
9409,0.6992955578068746
9283,0.40072515466276165
4638,0.1442346278613162
7187,0.3617163542050943
67,0.2908400795024119
2993,0.8749480193928537
3629,0.1165215577323303
9342,0.5829438724869221
6345,0.37930241692491157
4286,0.4266719906049078
7244,0.7088374463874165
2212,0.4978746103893025
1223,0.7506758766991414
8240,0.21366958709273198
6910,0.8257966344790786
7817,0.4839976781487469
301,0.8224847854520153
4594,0.3836335516676618
117,0.45414951777064866
888,0.53263657019694
4001,0.4539752579826968
715,0.15767235410947475
2385,0.20873974134251352
5015,0.049429970977054864
3238,0.2999113932849895
1161,0.6581638150488837
8207,0.6744191899399868
4241,0.7134110337706647
3054,0.3184716984466788
8657,0.4217178548901254
3277,0.3270022618977511
888,0.8904088365750394
2956,0.11950827718948973
3955,0.9610440930962595
1297,0.31864912721904104
3419,0.1457299117079485
5750,0.2640101852670524
8031,0.28947098157359535
144,0.5831043791980469
2505,0.2082869141834299
6101,0.4455971490947171
6291,0.16640492133196969
6133,0.3009759356822307
67,0.4865780045377223
5722,0.2231292187680145
927,0.20898637524409056
9095,0.08847545192555281
8686,0.08718941592196644
3159,0.9699152494930722
2836,0.6530055021336624
8400,0.3121534590239283
6940,0.1270180612192506
7162,0.9679625366268444
537,0.32516724290360816
9579,0.34031375756319576
7720,0.8259590931686861
7379,0.3765194794863351
8397,0.18307977801376907
2829,0.5411931621238047
4384,0.2607894469487879
5865,0.20352258205830986
7333,0.445402636638311
6407,0.38728939172089805
1414,0.6835764966797757
9271,0.1666493958566653
8669,0.1505896427263162
7875,0.6960077484335754
9283,0.6588307798205972
8579,0.5975431086611058
5222,0.21494251369236125
1552,0.5210891605764
4075,0.3280403006082514
2085,0.20052186977727146
2218,0.201900462575986
5685,0.07489396165157364
3662,0.939975292028869
7709,0.39390615328936757
9910,0.7177196126737824
3675,0.2965747172129688
2848,0.117025380413654
7060,0.07517225881104037
4248,0.8528972483512943
1409,0.22899249751994913
8613,0.5284461565028354
3277,0.2700542782957003
3336,0.2264825497872967
632,0.5187267615591553
7569,0.34221806650982595
7078,0.4131768229788382
1435,0.9995684635540737
9588,0.20909270253529585
2212,0.2935114730570353
9677,0.9467226108261801
9807,0.7609883832103469
8010,0.6959089859124717
6809,0.23835240413075298
4571,0.5657704294878562
6339,0.2603245549776282
65,0.6823053898065724
9576,0.5313754998854427
220,0.10916706686425391
7664,0.16510923517524417
1427,0.8635702577381944
4790,0.45520995395899755
6994,0.19710170254031759
8669,0.24023179752991333
4838,0.2540586484408817
827,0.37849656927103176
6553,0.207199077401881
4563,0.22314108655456988
6339,0.23105091101937875
8285,0.27323402833832017
4315,0.7074014376245016
8863,0.9895622976528055
6807,0.2687391408708287
2092,0.4825348505850117
3073,0.40031130318343644
5671,0.42287163480998335
442,0.8684035369665081
8,0.133437634543017
7190,0.31526855347357197
2338,0.9978613151014796
2153,0.1519809102167238
965,0.5368510211252558
2938,0.20863195952180966
6129,0.467136274654739
2308,0.15192107773590574
2212,0.3114221963374245
5230,0.3164800161138482
4369,0.3800366844702792
5691,0.3985351385998377
6543,0.3350683187012822
6977,0.37763297216041486
3926,0.44981690192442253
6279,0.25409549978310125
693,0.8332889299459016
7949,0.5448438363143989
9352,0.19462149468084236
3065,0.8583988863232221
7186,0.06364296597001715
5077,0.7135078066502677
8647,0.7254696459184703
150,0.631621027645812
4177,0.4956369313295093
7872,0.4367533384677907
9193,0.2557510927706243
958,0.12518370414538613
8949,0.3906973084709326
4970,0.2562130363556181
8911,0.7484670707113622
9144,0.2903102931219341
5468,0.39541435417732207
6391,0.2766776472327863
2362,0.5563836170851454
8531,0.18821200582956876
8313,0.12163521445454611
7278,0.6111775817174655
4536,0.3581987346668251
8594,0.1754455855762506
3314,0.2820332299543016
382,0.4976657701282474
150,0.2939332224709092
434,0.1606193856943759
7475,0.29991982987368354
2429,0.435026094881182
7836,0.18297238571720786
6129,0.13376354966893458
5468,0.40604645509559867
8086,0.13304748082780157
8124,0.2842533207281356
8293,0.836573135086471
8969,0.34191713290666886
9286,0.13798318963802308
2771,0.2524356140203946
7774,0.36366394609955693
6975,0.500120680139918
8220,0.29680501840383194
4262,0.4537734514822261
6266,0.19568539962790651
2018,0.5559391259485704
8223,0.20856876477711486
6904,0.24891850697221757
7983,0.7057550336353989
9576,0.6388289593955153
9579,0.5881999601807998
5263,0.697650619060279
2139,0.25181121293898706
6439,0.6796957091366298
9070,0.4333860379620169
2643,0.19660611493920196
5624,0.34951795360024984
3086,0.43997240195597764
1883,0.8759757620716798
3985,0.15864378695768927
4159,0.12941173791118257
8279,0.2245559055598176
7185,0.6365279430984048
6018,0.631593095556099
4288,0.20150797487715585
6179,0.9571009450394135
5967,0.1936463202242959
6501,0.4211653771131355
3238,0.494917885415622
446,0.12914370192473112
4384,0.20829921912964522
9343,0.32419446439478705
9304,0.34035877944815096
6610,0.5324409574409616
8160,0.469861059614806
6618,0.34056728843474926
272,0.3904106635676671
1914,0.6949515001172748
7230,0.1738928359919136
931,0.64978271214394
1968,0.27388342505600477
2484,0.30834182420501166
8911,0.3005188556184744
6807,0.8141577905535378
1048,0.08088714493714992
543,0.17169123661398009
1048,0.9065683310106778
1536,0.674927674349479
6809,0.2551250035758625
3071,0.708162980722378
9413,0.11782890055391956
7805,0.46719030121755906
4405,0.12839985087255323
7134,0.31955696519950144
4970,0.8868508293126047
7210,0.869669795920345
1839,0.20974700054036477
2919,0.7312864828846068
9919,0.5407008744571309
1186,0.46606904164707935
632,0.2768918003922634
7491,0.21515227386804764
864,0.3196994113081911
218,0.32787581580235553
2184,0.7288952443112846
6141,0.048081466528221116
7210,0.07032086126820795
8011,0.353056211414212
3004,0.33295208440182966
2148,0.11090199566756791
478,0.20744665229635828
9013,0.7102517432391148
2887,0.3823647713909236
3558,0.09580797532698974
3566,0.31623442670115687
2148,0.2626498018609315
9043,0.4394176084949349
6950,0.8712491783454812
1406,0.9426873247160505
4144,0.32449486058742083
9151,0.4531647917215782
2668,0.5991241725147393
8285,0.1631450352826279
8167,0.22435307991239148
3249,0.6812664389111917
9751,0.433225944526443
3773,0.6037771327520366
1996,0.8779694722081207
711,0.6954497019871235
7151,0.2667650308565855
3562,0.5265590374356955
4723,0.15928591191992209
579,0.58943577428711
4177,0.8444243564503039
7437,0.23945705773711165
8144,0.19551887325087697
6650,0.37272471579370403
997,0.46202104345045547
386,0.388550814943603
1038,0.17197880883922081
3235,0.3550923314413071
9053,0.37511946191744455
2916,0.3041496254918085
8686,0.5018440141604471
6904,0.2255220219628278
76,0.39101940543748254
2186,0.1714733162440233
5213,0.40851282999104194
528,0.8913257829989657
9973,0.24726937547177935
5015,0.44740038140181754
4461,0.1851382907191701
3977,0.5528975851178642
1470,0.23837040758082
4511,0.4589421122308655
4479,0.09467586108763502
9539,0.4908150735661788
528,0.22320959827734485
9772,0.5175703821405261
9842,0.37320267971258525
8885,0.1427454715411133
24,0.24609932646175356
5571,0.4967401825566733
8195,0.22196666641195956
9919,0.07331051182549687
2624,0.7285940617814309
7755,0.5118695802464251
9230,0.5873020510484948
7768,0.5738917098952638
2338,0.3583021872398559
6377,0.6971761202642154
2719,0.4289001831512578
4726,0.4358344777522847
1927,0.9722449150032512
2107,0.8893320970007772
8195,0.20376978274280663
5456,0.20532371864654825
8240,0.8894946926247506
9572,0.1911154628543117
3198,0.3819533799558415
6966,0.12653903304991643
9863,0.23198091424728434
6967,0.21866895525921948
8285,0.8679419457661995
1394,0.4469750951700997
2092,0.20602385221981795
1536,0.30591335534087044
7281,0.4729730668929942
6814,0.1811978733063444
7480,0.3163288554780352
7209,0.12545613285342685
6328,0.7337366993848741
3887,0.2181764172265081
912,0.28484718408958426
4789,0.24948489440982102
3112,0.23359458436396044
3469,0.765190082093464
6157,0.523536897909306
8222,0.3267150605372029
4461,0.32448095353134604
483,0.3568795986174259
5155,0.263597731688686
6653,0.21342434866467397
7134,0.18266444422756245
7431,0.28186139280076083
9972,0.07407887512682396
5868,0.29225780969324694
9082,0.2426649910800514
3359,0.9976733169642301
4390,0.49571267980968364
9326,0.2861076012403125
6348,0.6059820046406159
2271,0.32356209068747877
9177,0.3287788440002482
7989,0.24021756790299134
2630,0.12764074747849166
9220,0.795911861929682
1372,0.2698857778424908
4390,0.21266931737393882
9986,0.23423094051891521
5146,0.16899146480568628
7699,0.30870764879661705
1989,0.18374824429480005
9989,0.49391965733070897
2534,0.12561361287697353
9055,0.4689223094566815
2362,0.5296909510373209
9223,0.6570259835156245
3750,0.31907506469286306
4286,0.16235501819036718
1078,0.1067730856308175
9167,0.2878645834386532
3648,0.6232032342146357
8220,0.08503126727997741
2365,0.5498116258855524
2564,0.18683144743042499
5834,0.45279378760381783
1553,0.5969524007083032
1603,0.1491914333200562
2529,0.1444466694755207
1252,0.1579412728560163
1839,0.23775711609063171
7372,0.7904929367189322
4272,0.247486490938051
4120,0.35025302318434026
2256,0.42389274755870815
7836,0.281657527732221
9642,0.27171439010574566
1384,0.21818017451620406
2170,0.6102984537144205
8294,0.12081803413456098
7103,0.39073944961510204
3849,0.5705496362003627
8416,0.4451929354807426
5335,0.19180971070090083
1427,0.5386225957298103
9804,0.17647905698328203
2389,0.13219717799949143
6182,0.8057484506436694
9706,0.5150307543838021
5576,0.7640974685695121
9849,0.9439243926610288
528,0.5830401427996301
8464,0.322691639071207
7272,0.8120796145275718
956,0.33085229167610547
7372,0.3656497662799299
3688,0.47622979984445435
3570,0.7693178729221314
1867,0.6993580536784733
3887,0.10908636561170325
3345,0.7879783713013628
3562,0.4570455442486633
510,0.2390017124677323
8817,0.3150900788695895
3750,0.8392363297431004
1216,0.36349230382915526
228,0.4375510527328611
2558,0.5868145222233483
2107,0.2537902169679116
9897,0.6791926311634551
6423,0.3268456644998367
8969,0.43721037345323255
6635,0.4013193251428489
2711,0.8543822434030384
543,0.4863351912615168
4803,0.1565756668768436
1177,0.11016256577570889
8389,0.9016233251685569
2114,0.6763789134247139
2275,0.4341125532698672
8010,0.15707024227579072
6570,0.23697769946482017
3742,0.7824462571447153
2828,0.576366880604005
5194,0.29488620040149066
1694,0.849344393249295
2559,0.5208603840561511
6997,0.6582994767438769
7537,0.46684155834986907
6111,0.60374903067186
2574,0.6036291004918554
5468,0.6744009943825472
4196,0.15966565478782926
4109,0.5537698142978813
8222,0.7285961257961039
4543,0.17778257733341735
396,0.7861693759149633
3562,0.2270842473120043
6631,0.4271883655501564
2153,0.4962645440794561
5578,0.2508346750002203
7897,0.2402328938655097
7186,0.49660525604330674
1185,0.15758713156632326
9372,0.5708424368524765
7271,0.3589338147686414
8167,0.3393540253929522
2993,0.5262846524392467
5547,0.2569656914036532
1073,0.48031389267249786
1165,0.30026930679130426
3770,0.33507439593694577
8891,0.4287144236515576
8345,0.09189143010634612
9220,0.527551332673368
7230,0.5030426016995789
4169,0.14663128521795676
446,0.9154381461768076
3556,0.834231652483724
4556,0.6463512678874888
744,0.3538453050260683
1573,0.16973998709069166
956,0.41190460287337316
8943,0.4991295744139453
2653,0.23049509354675773
3643,0.3605991067841758
5945,0.47000818775761094
2793,0.124277407588474
4602,0.3838354369773115
6508,0.46959484360926246
1851,0.3267665094963291
6042,0.2975267086539594
3790,0.3599805639204916
9810,0.7259904602819942
1851,0.39930133011786856
1535,0.3946272839114024
4638,0.4384209699821527
6130,0.42564467704672454
4392,0.4909350663894019
9193,0.33363209916013603
2956,0.5462437487050499
6343,0.4461616355121565
2092,0.39453782666783527
2148,0.1354215271839213
7983,0.9999610496119403
8908,0.5373236926273576
3688,0.16249139241705876
625,0.40424994395947184
8293,0.20728352531946123
9695,0.4514294670029606
6112,0.6917204520912466
3128,0.8523988210621957
9642,0.10727102454164134
9810,0.5816504420486146
1718,0.2554385029254461
7096,0.32538723284917953
715,0.37622928548670204
7749,0.8698246837905985
2344,0.2063659457220492
7180,0.2824738979883058
4160,0.3782914626376913
9563,0.5404993254672698
2134,0.2530627019784556
4587,0.4608301883478071
9406,0.07289335384448872
1409,0.4133808621221269
3177,0.34828558205626264
7967,0.32756445257895445
1427,0.48646932924050423
6610,0.19758378497005322
3743,0.40826002647745724
5099,0.23100889427398782
6157,0.20542694843734977
7637,0.19074489280550835
214,0.2843313280055571
7807,0.10290241556268792
8422,0.49774672779700235
3085,0.22428785160514877
3954,0.5846941594647197
1781,0.08820812165818769
6342,0.1903834654606118
5859,0.9004998524578799
8459,0.1761063966295253
7686,0.22633418305372865
3695,0.8338422362303073
5456,0.1036412964281133
7822,0.31463833983492806
1573,0.4017755000715258
1439,0.14478160012351737
1370,0.8471643036749285
3147,0.18755957752114544
3650,0.3874638412453874
4348,0.18071131784054212
1224,0.2877811698998266
4120,0.16451693764085168
153,0.39861821771408584
1564,0.20518186163557173
4309,0.8065334968741591
6292,0.3219095464394938
8967,0.5049088104315947
6519,0.1407682473252557
3610,0.1885706707665242
510,0.23489123509886503
8115,0.5060281581248709
3353,0.9675079070948058
6635,0.8211895032400356
2945,0.4607119988807624
9784,0.27776420703630134
1971,0.7652140710702795
6493,0.6920457859636843
8863,0.8497274672778155
1411,0.2780458618669009
7803,0.24193647356665737
8163,0.18445315015869404
5254,0.5030643504931313
1161,0.19554567735196804
3984,0.6889092306650458
6900,0.23465554480213427
3443,0.19437543954643574
2210,0.24595076412035952
8220,0.6838612873808254
9972,0.5249277925564045
8396,0.2017122618388613
4559,0.35595577990153726
3762,0.5851493876508822
2810,0.5070722045279874
144,0.45488428533578396
8677,0.4134855288626189
6221,0.704089140971615
6966,0.14351941480269242
5722,0.5220050422399802
4153,0.33902301741734414
5773,0.2978881640133648
8883,0.4236997197253267
3668,0.945870200858311
8418,0.9500599463545356
9793,0.15497033813695937
2273,0.08812410488548257
4383,0.9570197646585078
4580,0.42409345537604815
2424,0.34498876671368667
7237,0.7062065100421933
4689,0.17502801770822113
624,0.6286263653775005
8563,0.3820878394562121
9372,0.3789983387770697
580,0.1760556283297345
7281,0.32683724994078
9524,0.40258110689535886
3128,0.4618746603865775
7617,0.2885710135893393
5254,0.28306162756104225
8807,0.5079942333802472
7850,0.11908136426926678
2652,0.4465377800672703
6185,0.6202386355185547
3419,0.19126060712977547
9063,0.15162794562149545
1872,0.8063195306537772
5584,0.19436480561749514
8217,0.3494391598344751
8617,0.954023422870801
7218,0.38363338110028383
3994,0.6563778640214621
632,0.30624188935361174
428,0.8443526607288122
936,0.22101697623971708
419,0.21346431875305957
7999,0.12508377468461926
2170,0.8358644613781174
6874,0.2538433187426322
5050,0.24510807451003544
2256,0.18838253206639927
8172,0.5858932146005439
3443,0.27016453803124996
2793,0.42779050497863247
6399,0.8441673492098697
311,0.9671006114394872
1446,0.19788693253350206
6860,0.1690360242922441
4559,0.6551703735953895
2979,0.17902825697021132
5477,0.3280440519575916
3856,0.22838471968296253
6917,0.17276761205488128
7190,0.1395889356205549
1101,0.38080099341340984
2470,0.8203332932875814
9807,0.35851430792885775
2170,0.4718191624185858
3283,0.11362397173206597
6538,0.21449973919778323
8776,0.27512689792116796
76,0.5697038370178801
8637,0.2878681740907315
6266,0.1351235146222777
5477,0.7431930469712321
6734,0.6498774713947745
6966,0.35226908707936394
376,0.3263676359679352
8578,0.20400642195090918
864,0.28347323531193885
2511,0.3669035228256512
3359,0.23347898503945153
6724,0.4598020138322673
5118,0.24169193361530453
8498,0.6103141266375314
4543,0.5077910212767471
711,0.2377329988742213
780,0.3997569183759277
2708,0.3029463915640833
3695,0.09853683945778804
6164,0.4138232541528657
2134,0.35312919554648264
9876,0.256167873112656
4120,0.4096998386307879
2390,0.3899077949551993
2328,0.14659874207620838
3074,0.33115817322999586
7423,0.6968276347997722
3259,0.21183930264393117
3917,0.23319442282360253
8500,0.5824410400537742
141,0.1434594001913031
5335,0.18442375434584315
8267,0.38159399598476157
7493,0.28706440192253563
5625,0.8440617391393608
8237,0.2661090111320202
9526,0.10922462832175323
7686,0.32796489485401065
2913,0.3692834205660749
5334,0.3967722371938966
6917,0.9477936211301351
5212,0.32969300410751684
2887,0.4098499636236408
3287,0.2921685710809767
1706,0.8206624663124304
7778,0.49273792989476345
5798,0.3358638002254237
1232,0.21632414093674887
9495,0.6483529045911585
5533,0.8698842301614536
2035,0.20109582451026778
5026,0.6804280890241828
713,0.5246553986454725
1856,0.688510344930129
6938,0.553700716609085
5684,0.24439888659405107
7617,0.20474975287459898
9176,0.3761835742071701
2965,0.4633464655084123
2153,0.7672125322420504
8240,0.25966217347660436
1091,0.9423689886548756
4536,0.3416202157419818
5547,0.24001114460891024
7176,0.8462245058320822
2757,0.21565938467002355
6328,0.15063556780964624
2073,0.29947240869655156
4457,0.38390419361428474
3102,0.22770101892473998
9007,0.43690972179115606
7060,0.5099897154177075
8642,0.29540095250998555
9356,0.3576693422465108
7504,0.264417116659285
1394,0.1390632109710513
3012,0.062149298180252104
8541,0.3754957976787412
4366,0.8171447269988001
8065,0.3071828361177611
8376,0.39203165620277836
4587,0.2007304473100711
796,0.18716814056365783
5988,0.4850570102417846
8054,0.759471882669394
2613,0.7936924146776041
8994,0.5492520921947354
3648,0.31092333924735416
4545,0.9150470103155722
6423,0.24614706951314663
137,0.3523556853053649
9677,0.2953033349830692
9422,0.4314103330813463
5146,0.8403494412366179
5951,0.3847483557953799
2956,0.9479911476011393
1938,0.16855381852749082
8135,0.3164342640968788
8442,0.22083797360273022
8106,0.4543079785360452
8781,0.5436694446831167
3103,0.1216365913842433
3562,0.8180487794895795
2191,0.803987953351689
8642,0.3409767448769134
7884,0.6091513159430237
5835,0.20522949439437108
1492,0.5819157211295057
4665,0.1518426529021707
7509,0.26043987751255465
5151,0.2099681343647222
8783,0.5167556698670966
9513,0.17624831042578235
7569,0.34198324462251545
3387,0.534236894375761
3074,0.5630571062466263
1400,0.34117204249891053
5166,0.554094234366641
7555,0.5394135662243909
864,0.689263665713437
8663,0.14388614978151285
2479,0.21984877202198574
4638,0.14532247880804217
7277,0.8098221482624192
2789,0.5381106480652316
2106,0.5593846222379284
1434,0.7749808091461425
394,0.3540984048349057
5945,0.4749262642420343
4317,0.21256310225268177
8872,0.18702399018820634
1691,0.4938436227228187
2922,0.3129884672895573
2508,0.3181562904440447
1613,0.47509483210074294
1498,0.33328952290607966
7822,0.2910320368156435
9424,0.117370436326241
4244,0.25526420410382283
4400,0.19209782088421615
1158,0.4838323578811173
8175,0.38279576365557816
2106,0.1767286905248074
5222,0.42704146975791357
5812,0.20249497612053396
3725,0.5789064628854259
1811,0.20327052739884022
8650,0.6674386880481313
7458,0.5435179485987579
2086,0.3382706010400624
1784,0.434087067946352
5684,0.5117715485380075
281,0.2329950266479108
6677,0.19689480916967322
4729,0.38433042905154746
2668,0.2782308123175499
6045,0.1976254651122116
5921,0.18101773905540014
7491,0.3029406459196025
4801,0.14510272639618185
9715,0.1177729649003577
9100,0.11738065166066677
3545,0.6084596786683789
4201,0.5899041448732968
9535,0.6496099524794359
1290,0.7393616137069429
2487,0.9061503523392316
9793,0.3295227288499395
9780,0.27834672860375975
2053,0.3138751193356519
1078,0.36343628960756386
4684,0.5656464911493636
5950,0.19747535875959638
3348,0.19933451988633566
4629,0.2164828100343539
1573,0.9184898520175309
7018,0.1508890622272809
6196,0.16228507468458606
483,0.31890407200437415
548,0.29233974612285507
8316,0.14587356270642807
267,0.30687708855563967
6398,0.12304065432501203
2574,0.15905964707625103
2130,0.2987792913801759
7365,0.2591647580052227
7277,0.18714379941171858
880,0.17636888504499537
5687,0.18341532843759328
8586,0.8926895848752548
6224,0.8111483410449901
71,0.6553069501270127
2916,0.4778090866917578
2625,0.4081121716219503
5689,0.6414375107171139
1971,0.922485283985352
5561,0.041605221819615325
3112,0.48697244907189713
9218,0.5702489996207613
6118,0.5506235230705818
7038,0.11753786120528152
9762,0.2177264886191838
9176,0.14632955744360557
2529,0.29905550139467446
3198,0.30592439365116236
5194,0.2293546928752753
1091,0.21424080172669813
4049,0.5325347338557807
7850,0.5283760819172078
4688,0.18300986938748678
693,0.16782352323165156
2491,0.12257847443770306
168,0.6791835092515248
554,0.24301717147220905
7508,0.5810600432241063
5096,0.6576456618788863
5812,0.19347707589146326
2508,0.663947301312595
419,0.11447795627059656
7114,0.2733011207255085
4201,0.33083155405038117
956,0.2684129048650096
509,0.4524517557244624
2118,0.6528925069585502
3675,0.7116007952455068
6629,0.7925427771213069
4368,0.5468014354370708
7916,0.5824101671407919
5921,0.5902776861680995
5058,0.6249922948252975
3414,0.4342684569268579
9473,0.1597727410908055
7266,0.056764340343979855
8883,0.2685343697842967
2390,0.3965376674501527
8408,0.8725679170949324
2390,0.12976992845638038
7899,0.4785718029249202
1043,0.25359185807317114
3138,0.5733037208925285
6487,0.35858434486474156
2105,0.35142294908057364
794,0.28689642283580075
8732,0.25205755720282635
3384,0.35651736703570186
3562,0.08635408678272169
7600,0.5599256193762316
6198,0.22742415808115815
4309,0.4799137391025972
7249,0.16719646539172792
8146,0.18213974773988648
3487,0.2438689918297226
6787,0.3217425437097779
7345,0.14682785859845454
900,0.17937398722301054
8459,0.5916750144322512
9599,0.4706479818694114
1573,0.35994603927006774
3157,0.17291289793968886
540,0.39802631002364386
2786,0.6176903104714174
1103,0.6726016357471177
517,0.4995571036808047
2814,0.23098402644890081
9422,0.22195337070849158
1698,0.22003198587476414
8097,0.14867698811464983
4624,0.660568353864883
8300,0.499111280052206
9151,0.641362090216812
2887,0.7307797374539569
9306,0.6190900594721489
8884,0.25548371874024955
9238,0.5597859093116221
7492,0.291395176458767
7850,0.1487313164982668
5851,0.277024505220061
7151,0.20204031433955671
9495,0.5310301094371345
9892,0.238628011915066
5520,0.6837307128163042
1177,0.15747291780497744
1825,0.49893075931584174
4415,0.43221444065867815
5685,0.2853154502973784
9105,0.43018994911398795
5223,0.27911922367029846
3024,0.17557133549412024
5456,0.25452708351883135
419,0.12687592463961533
9223,0.18952103995601244
2035,0.3466754938311322
8399,0.2427576387136982
9105,0.24074253051940706
7944,0.20591513940767
1848,0.06373810219646685
5653,0.6541780571664454
427,0.6371509099930021
7114,0.2281537477778603
4900,0.24313956890459534
502,0.5340642314503797
4202,0.5087581296392376
4019,0.7855746719408722
8294,0.2940520296839812
2875,0.4490127829402892
8265,0.5659902227834545
7469,0.2594773787572242
4700,0.38303697554867006
5927,0.3520456394993475
6246,0.39388466708657316
3056,0.5612046282285084
9167,0.9250367553103256
267,0.21736567501247403
6666,0.31098614172935746
4921,0.14022033504018722
3387,0.27840752329034624
5812,0.5160737266343282
7057,0.4009280667991965
8867,0.33765074996563477
5624,0.15359657754783806
3024,0.7004230477663768
2134,0.5603037438275388
313,0.20641371458476224
5798,0.3428176069324267
1180,0.10337655081537717
8500,0.7666856478269267
2688,0.44938144397204455
1635,0.10805314087256455
3790,0.5129044314243707
6892,0.2980344583010882
7585,0.40474321865583224
9211,0.6365606006234971
2922,0.8560916894632068
3727,0.450799794231059
7598,0.552800638772563
8500,0.6437285499856559
1434,0.36602910726205606
6054,0.3124351808063784
7018,0.5007865372842488
4691,0.20264415640249375
7899,0.37655645616735434
5859,0.2779738161901037
2055,0.3344269245849375
7018,0.12170097757849624
8133,0.09563095330422346
2919,0.3479912072463447
419,0.23234239596695902
814,0.9491029526182879
6054,0.2679570624042414
4516,0.4243340251857252
5764,0.2702902268770843
897,0.6499459465999314
6045,0.33351310138750184
3103,0.127268804349694
3636,0.18372352574832823
7370,0.14827229903964861
4309,0.3048944305402348
3231,0.6055435222725252
7105,0.18407070402998404
9953,0.15053334294875687
4041,0.4938552279572977
7585,0.2238377872874825
2103,0.2286882885315073
1275,0.4576144919982093
3856,0.42587088687255226
3329,0.23004761130609755
4617,0.27210844685061286
7207,0.2802231353225213
4019,0.919551269890626
4073,0.5907352971141345
9890,0.6667242714582386
7858,0.6372869541988335
5008,0.15161370305484637
659,0.186970114431265
9201,0.29997001988280575
722,0.8252190383472559
6159,0.3429982589164466
9574,0.48147803977564235
6262,0.44543853800861405
4991,0.21766958634601719
6892,0.9879942063937946
51,0.41058441812365376
7663,0.4197830401491502
6666,0.7625444886112708
7764,0.33089579759717663
7637,0.27625467716534446
1130,0.4380906624611245
6493,0.14676873393698148
9963,0.46699387417494415
2613,0.44614113980316145
9078,0.12798617863812764
7272,0.7047635998471378
5511,0.1985493500501358
358,0.7122822743135362
8813,0.5449142048580813
6262,0.40473802668176145
6538,0.8530710010041265
9625,0.5474799773963511
5153,0.252492944881704
3830,0.23125200571560478
2307,0.6135587655403982
2114,0.6237525512179363
9651,0.7661705348156467
3657,0.19248097016381646
9304,0.22042823175239964
3494,0.623381079644028
4374,0.19573507555290148
2965,0.6718752835875452
5652,0.11378963248224394
8280,0.10765161198432513
1275,0.8401492495235179
9344,0.3539600301289872
7405,0.6593978140740744
1130,0.5164406111780161
4131,0.6066199836338739
3283,0.5196493770756411
5194,0.9909965656502218
1054,0.395547677162372
4991,0.15223540354612597
4113,0.10988338470204259
9078,0.09749293476808947
7002,0.1731288712173465
4569,0.17004118247961736
1192,0.15567170682032871
8785,0.18900738304580544
5357,0.19805607226615296
2118,0.8683459319865331
7504,0.22542896216402278
3146,0.8724296124394828
4397,0.16641855153370436
997,0.4468238793894581
4238,0.2997453661145478
4262,0.4772149640968263
72,0.36445316731981686
3828,0.21719123790044995
3024,0.46072800989521784
454,0.22229005977182237
5513,0.4124838510219038
3157,0.27491527938201954
4041,0.8420800117994098
2933,0.1693474662599337
8948,0.4538677811175021
4867,0.1291651969917624
6932,0.3898903581151418
8800,0.48759054511787864
9194,0.09449053013222752
3805,0.2951829335280038
7141,0.3826966522339561
5246,0.29694603731124014
7154,0.09038215131605196
8732,0.47089625042022465
3392,0.4431442649781063
5364,0.6143810857998696
9363,0.5503064703068956
1801,0.14747714130156794
7916,0.8866098665279853
6967,0.39163309891709364
4580,0.205990703358867
9427,0.5342816325008404
4348,0.43853818864239513
5292,0.11882930146438342
9861,0.1884018095191878
2872,0.18716304698114933
9223,0.36529771518082327
4421,0.3351056660592166
9199,0.7282162923198677
4406,0.7022955038016714
6999,0.571879037399875
9524,0.4306229527281817
2625,0.31368040340826253
4968,0.2327498351805904
6900,0.1914738300488476
7061,0.699078914648539
8800,0.4062246055849065
4374,0.3036251046934974
8316,0.5367125287958547
1883,0.09328641671641913
8743,0.1292943389725693
4411,0.44607742996636995
5583,0.46686217086138393
5461,0.3140386094587952
5219,0.5609332447873246
878,0.2457358773566535
7899,0.6909934107442172
6248,0.47271988179682517
5975,0.1935338037695488
2992,0.20009872748502783
2554,0.20039076644994666
5151,0.39279897040104694
7281,0.13526107201684576
962,0.44967956071253923
1696,0.8505547005793779
5130,0.2920118347146868
3128,0.255114913551202
417,0.5515129386860953
1635,0.2478208783562193
9937,0.5898086355948803
7039,0.33344938301640875
177,0.8296899730201994
2366,0.9562466604714498
866,0.12734364512196353
428,0.06730151217880702
2395,0.4126732491178097
6575,0.41048908856871597
5773,0.4834752694264302
1142,0.34598236674225546
1046,0.3088119241845558
7039,0.27093076871238986
2613,0.2797865380376958
9,0.6672383236559161
1340,0.38632328390745246
5023,0.5129992819017225
8872,0.2101794030352424
6381,0.26037921244905565
8617,0.23129112815644468
3675,0.18948407897420014
5764,0.26429134660207143
8632,0.8145936800577885
2432,0.09357190883082045
8065,0.32423419160054057
4798,0.42215945278057126
1938,0.29902953627424406
359,0.32083935829033894
6277,0.3921943971602689
2564,0.5961048970755185
8917,0.28375188400859064
9076,0.49110036739861224
7834,0.8050085762474005
4900,0.26026322336769236
1906,0.1799874589996321
4984,0.32254467582535873
3208,0.7676155490593763
7197,0.6281527293455423
1034,0.24331632980456305
7266,0.5205071996135597
27,0.34080419105965093
3153,0.6628982373452412
3863,0.45381543347260733
391,0.10523138565554338
1126,0.6235846216173336
727,0.2497931041940728
3812,0.2116438519877488
9574,0.9552892304708545
4099,0.6739071645229363
1289,0.3834720771846309
9266,0.2940179094570743
8162,0.471330557361063
8959,0.4041659262530356
6348,0.3517414817213954
9363,0.5762648674818357
984,0.863352285837458
5872,0.31420411776125956
5046,0.42655171914630347
6045,0.3782160560828964
1696,0.712112766070514
9348,0.5469958529301701
517,0.2453594277840141
4041,0.9045462564603416
987,0.41820747494326826
5727,0.22293073122615772
7431,0.1800646775956917
2349,0.16080518476000805
4191,0.2294793820840628
2550,0.23707621360354458
5977,0.14221356562118476
6586,0.44756854045250755
3580,0.19177310530399966
1370,0.48201818596120183
7985,0.2889878644110317
30,0.1630347444456264
5689,0.09497793883190132
3208,0.13677640595163407
2765,0.5602592796660291
2161,0.3380365404167348
2862,0.8945485427381813
9963,0.5615529194853447
7814,0.5968892884963644
5094,0.20955964650342235
746,0.32230362523472766
1681,0.9418941222189108
8237,0.9988245566812436
509,0.4217724514411797
7042,0.1695565418682622
5422,0.6240124773203303
6229,0.5278494179328698
1076,0.4831102168460871
5405,0.4382244186894091
6009,0.3237701327457465
6586,0.21813196042959984
6063,0.09359160375767997
6631,0.16495536190895696
1261,0.32631603189359554
5847,0.5484540099042109
8936,0.318247067271832
1043,0.2784540846060103
5755,0.28748426839983493
2993,0.7637473444580057
9220,0.2294798813560517
1496,0.29339553706621974
7382,0.7033077880608419
7504,0.0781771599725354
8157,0.7696298412824882
2804,0.5351767723154198
776,0.4722665495027171
911,0.6568210247614412
7851,0.6424537352361276
2871,0.8253190781025568
8053,0.7895917369890677
7114,0.3654715065699792
9978,0.20795284827775298
9294,0.6609210472071134
736,0.584601751577188
5950,0.2283440815788107
9243,0.35113775173479933
6383,0.14508154297384163
1802,0.8013153725332065
2390,0.2723476579922434
8527,0.8136145193344383
9556,0.6345197226580697
729,0.12645294613754612
8916,0.2224666809450264
939,0.2461664852425868
8156,0.25644515109635685
91,0.30985673106334394
7593,0.6595641472287409
3075,0.2548678858183566
3329,0.4032609643196039
3646,0.3425553316891776
9219,0.40797128578249714
9066,0.6592831608282884
9328,0.29365249455998127
866,0.7637459284263829
2029,0.5491539676289965
4621,0.6784846420637906
49,0.309519408037341
6451,0.13765827061692798
7199,0.7769956657842684
3874,0.9826299467570511
8493,0.14754329600887622
916,0.3335033234067221
8399,0.21937455176005027
5454,0.2290570277925419
9200,0.19580710738127013
9643,0.4685719693511683
2979,0.38758205876638413
3994,0.34635848734186664
116,0.13852637114654165
4399,0.3717458735666548
8848,0.38027059025129717
4621,0.34939505951739586
6234,0.25125785927843575
9519,0.668715327763415
2389,0.2994313185960677
8085,0.38056524000381264
6584,0.8283637152487721
7877,0.37205895520844107
2071,0.3198605859266691
7362,0.44996614072352153
4009,0.5662374777137492
9447,0.2336097910984391
5728,0.33799691733623716
9658,0.15942142981826626
1132,0.8708290286069438
1199,0.16958760822627747
5889,0.755219910770545
502,0.36010086160874755
3359,0.9676538067197493
3020,0.34513826918941304
1411,0.6732397626513429
1142,0.8681318093837127
8397,0.5049564549752849
2028,0.4548498087301647
3945,0.3019311962649049
3051,0.20814290796221901
8226,0.7318003666012801
939,0.15920153903140494
8027,0.5741465679861202
7298,0.43849643994057375
2852,0.3811816299287703
1801,0.23936952231634018
6677,0.1329970974332694
587,0.44653774343897357
8316,0.12400431823863034
7594,0.5674717128146419
1202,0.20035878564542728
8771,0.6178225758261472
944,0.17199629017203136
8123,0.12452628052613231
404,0.7415629423112917
699,0.4512852648767746
5023,0.15331529054942605
9625,0.20475903431372178
5847,0.5192237724779265
5263,0.7734422926607272
5203,0.46244247973457925
9706,0.2780981351562313
8632,0.6738687874895581
3955,0.166569615518292
1496,0.1908107975142885
430,0.2978932461343421
1702,0.5345755627323407
5727,0.8598255759766991
8021,0.2053145330653366
5625,0.46813560797551856
121,0.41947488659508203
1061,0.2893845032510429
5920,0.24301143022695376
4009,0.9053691115094055
6388,0.12258683993891556
1526,0.5063375531172535
7039,0.6303019880114055
6530,0.17219841889220916
6179,0.14931365111881711
2175,0.47946468191093583
485,0.2557938921615174
3005,0.6313220258860314
8975,0.4819786035056378
4909,0.7254748992597901
9836,0.37015078803434304
7503,0.607753982707948
1448,0.6312734622538997
6710,0.3440843350959705
7146,0.26467948710767775
6296,0.19206592556928384
72,0.6184182312314896
2626,0.12999030928569197
9813,0.5845494984087187
2940,0.18741343274330816
5789,0.29753949676070135
5063,0.7049809262323133
4364,0.38417021572199345
5031,0.9360133132304047
6451,0.33700603239738036
420,0.22648566652737162
5816,0.5066984965861955
5014,0.5759647985735774
8930,0.5646175912637511
6343,0.2479213081484292
1703,0.5795434592756296
5859,0.9306206100702095
8771,0.8406812917549724
2804,0.6654497132427636
472,0.4183726921604336
3353,0.5928851472650009
8771,0.5591179361010599
7897,0.5532246445350049
4040,0.4905369291566373
8460,0.7766658359185764
3319,0.10264113166815092
7570,0.3361208086884769
3283,0.22580009478970078
4757,0.16483987709897369
9097,0.21042934917256245
4199,0.3594497592509785
475,0.3336296309427456
6102,0.1802475812873301
66,0.218824849925874
2008,0.49969891206657036
4077,0.8704187340555318
2795,0.8595353935403376
3814,0.10457863729772608
339,0.23169189743857344
3731,0.2094136922421173
4125,0.33818115612035693
7616,0.2442868762361697
542,0.32346251628679384
4337,0.5255703401421719
7939,0.18227141997524485
4208,0.4930654935629591
5380,0.7182542114230989
8844,0.2208128374999978
5689,0.32337107462536535
8028,0.42574870083694516
1177,0.7143277476721503
546,0.2169142709906143
5457,0.24203971009637765
2432,0.27475603211304694
8763,0.8844094785502778
9270,0.10878588844928956
4225,0.6845742984333203
844,0.6140282385116279
3885,0.8184405809427447
9220,0.21802327028545412
2875,0.5097517897673148
8021,0.189772057637363
4131,0.2564238231634494
9597,0.15268569094303466
4396,0.7165926401035543
3434,0.37755182283916394
8650,0.33027798358427335
2637,0.619342427758419
2430,0.38738853808321627
2711,0.6205996969393407
2994,0.5247827868156582
5911,0.3618040170591826
185,0.4750305390372187
8765,0.15384827712967494
7460,0.5065772573462791
3586,0.9290674263652409
9926,0.08725671440857471
3378,0.2930100340965034
2409,0.8513107279870181
355,0.21203000943973932
6179,0.26921996836007583
3387,0.3183639481008186
5727,0.5229736564429602
2569,0.1231184730141351
5885,0.8845670494465954
4399,0.7739137072418176
7593,0.328009620641164
3610,0.42268141447300167
9476,0.541813363126707
7247,0.19411714720993567
9346,0.791085357711505
5203,0.16766303965355533
7154,0.13839263493575077
5231,0.26678751164330256
5943,0.3190804025537178
4682,0.20234310930435614
332,0.22846037187639456
3816,0.19693913979793906
8316,0.6361916708786626
2046,0.56653812829398
3353,0.21657396827835887
4977,0.6944489779766864
6704,0.1906770722956376
2330,0.8464132240478127
7200,0.26075845766618566
9980,0.3705676484716662
9926,0.2406535733960009
3860,0.3506362085931306
409,0.5492863766341456
9801,0.3011001138456985
197,0.7853030536189591
2210,0.3369213888753295
2491,0.3655928083550453
6494,0.49228254046873476
9645,0.2913596361152691
5031,0.7818378243380604
4506,0.3797120908968187
3294,0.2827000905154987
7865,0.12738609325031722
229,0.27906618866068605
916,0.37021331526510753
8113,0.288865760411883
1069,0.5407482513503478
5405,0.27003740537914417
722,0.186089833025751
442,0.05463296853859569
6992,0.32273213893169966
8434,0.4367662164911457
4937,0.8586343375143264
2260,0.2075572864250181
9402,0.17452971081910837
9476,0.49263623295863884
2029,0.21828508643931294
4105,0.33054919227914353
1133,0.2931302504929283
5851,0.23616620956304163
9836,0.1271989682835398
4968,0.4864513578662268
88,0.3970128306416895
9728,0.1610765341607671
644,0.22838952561034925
9947,0.43933470779641115
2408,0.28967027547727503
5930,0.22941533866801211
6603,0.664119604915001
8053,0.37324193758157426
1828,0.8939318489226693
1541,0.1301436039399437
8372,0.6658438622553622
6762,0.3576388875596561
7738,0.1311088814301602
6224,0.8212620180954344
58,0.5255075916834309
3321,0.6624232468321849
9240,0.48421262049686276
6638,0.3949751097030222
40,0.5110057735288414
644,0.0983885717243639
2731,0.709995109645091
3595,0.4290607388246595
7382,0.268944777806149
1094,0.45138659231975786
66,0.22806504750772072
8963,0.809601699271248
9010,0.4358228775889287
6361,0.6053534257969136
8765,0.18861574992703464
5223,0.19900623090863415
9535,0.687788568261072
4041,0.5510729783991801
4114,0.24050909647260044
7218,0.6243557162317132
4416,0.514028093084763
4947,0.08654060214902358
8688,0.4232809952739007
6102,0.14147291778267945
228,0.21747138955704806
2540,0.7845307635177691
9491,0.1977121054683525
3024,0.405169281333392
1453,0.6477197302410141
624,0.3680118560116089
9227,0.9552936484723398
2328,0.6362723497626208
4410,0.15863667898055991
3120,0.42701119456076697
3264,0.18980991748782963
9886,0.16136362897365206
8141,0.5352884195959935
5101,0.5658695260423112
3801,0.2925747725253814
2432,0.9118066253967703
1029,0.3429181166714294
5120,0.21995687656326976
247,0.2459003101335955
4756,0.40579351635776895
394,0.5749525261654839
6821,0.3407302581710871
4262,0.1504181027264743
5364,0.8217209224786205
2432,0.30565051594123915
9899,0.21055507415178001
1684,0.7177463463686652
4801,0.28372946081068906
2765,0.2666750351326651
3019,0.45136875457870124
7791,0.1771002069210843
475,0.1144648449929473
6343,0.3495970947814778
8415,0.2069386163066041
2264,0.566359262724562
5773,0.5187221749764878
3416,0.6676962444227399
6996,0.2894680148903011
2569,0.27632937188526946
573,0.580383555532429
342,0.08462940122701831
5321,0.5860250733958453
2,0.2266312468223147
4592,0.14086382136599676
7061,0.2870791634390855
924,0.16707099125347435
2646,0.3128419528459061
1017,0.6375663303797398
5877,0.435943945756891
5614,0.63466975048614
9553,0.5031020761094467
5761,0.8156871653922093
47,0.7104661537709136
929,0.12228790807960123
8573,0.6018138655577158
9779,0.16995761778612464
1798,0.48982911302724236
1338,0.10849270893911593
4310,0.19611738123450273
4914,0.4299540708847717
1805,0.6002725520735003
694,0.5158004611312587
9148,0.51609843148134
8231,0.49921163501988
8747,0.29848623591723483
271,0.0651016276515769
7773,0.35424799831907167
7519,0.4958261019341381
9141,0.20485451182972658
5945,0.3575596016140228
8891,0.2956055881033564
9884,0.7932727254821124
8546,0.10190174114290021
9857,0.9130107169497583
4504,0.283626741858308
6920,0.42327790196591264
9757,0.2441798187037158
5386,0.20732759622610117
4483,0.3488671538324832
33,0.11998527132170177
3984,0.16828610263202506
2754,0.7733570125164886
4421,0.2755674083181105
7726,0.2292491015075967
9021,0.9373949837233543
9010,0.24081567753887992
780,0.19334683489823276
4798,0.15477142907283578
8632,0.7788098279021832
4189,0.6888729792190911
6255,0.4963823455447915
8095,0.5614877989968693
9969,0.3858228945557515
6418,0.07583397124805981
2907,0.5681738366215217
9929,0.5394787393549041
5166,0.46248266540027655
9771,0.7664037860985482
2175,0.6990883881164482
2946,0.31538767093637604
2366,0.3049587733194064
48,0.4058374167335428
699,0.2591772348191453
8397,0.15394274236516697
9828,0.22282969459728072
9079,0.5659547576296993
8743,0.203371000861547
9764,0.16144746502841179
7773,0.509453355775252
949,0.6230158078934255
8943,0.3036436493133077
1663,0.43120645723139966
4045,0.19311279590148459
2757,0.34039946376269026
3312,0.941151730542341
8765,0.44887407442779903
4111,0.8059054554506816
5226,0.29200122168904774
8872,0.4211517347226939
5153,0.25755397906829436
2562,0.45021196218869786
7103,0.2000942863531163
1507,0.18141697104024598
4310,0.36883172343445353
3319,0.18741309752399823
8745,0.07954231913893828
3376,0.5170947463322004
4433,0.6643982003111115
1742,0.22769123533567068
3649,0.45788788222431515
2894,0.6789033109568731
7345,0.324075851926573
9194,0.12176529962556847
1145,0.4718318729970891
3006,0.37170947032130514
9590,0.6223845574177088
6860,0.22121307362859927
6138,0.9698350208682566
3196,0.3339982731251759
777,0.14008745370494993
32,0.3924591002453504
6202,0.5244639968619651
8411,0.7947643538892423
3779,0.09155150215493203
9520,0.4722827700889994
7089,0.32267250646789464
6283,0.4146282894502383
1015,0.46196988132885236
8871,0.34675367744739904
9014,0.39396662404406085
4258,0.25150333148473636
4979,0.1182397565714835
9921,0.6367089652163007
8845,0.4393931503149055
9764,0.36855395665599333
5247,0.3357630245602822
975,0.7739113280619212
5759,0.13325695466431406
7431,0.566856830015826
5968,0.669002792658838
5153,0.5810318735404423
5839,0.17232810457757788
5669,0.4590276458682892
4673,0.18756046755897365
572,0.35316714847228736
8700,0.2810802779114661
7476,0.16562014745796622
4141,0.19419032627901808
5841,0.39188648239733487
9711,0.2624708408562391
4498,0.25508416965195146
2967,0.14366381110934504
5576,0.25055761019259665
4225,0.53373687153388
9603,0.4656064096684294
1578,0.2896655933831624
2657,0.48171957685306144
8231,0.9405674549805795
8508,0.5419080059176515
6800,0.43782627907832117
9007,0.9642279840930063
8840,0.4490139028817052
8732,0.8293025785067744
952,0.1296243416053679
2073,0.2630520827532599
5578,0.22567837069418548
9986,0.7743889786804674
9874,0.565829365511163
7374,0.16923127430229049
7695,0.15272428982495917
6147,0.23560292079714568
552,0.1399190738927795
1906,0.39615413604686367
746,0.08610200674608812
6471,0.11769721539104305
15,0.434183423318088
4633,0.9674474514527535
3487,0.2041118980047465
9837,0.316021752636145
4271,0.1891027303134339
6999,0.245362900651081
9259,0.3685413873046151
1142,0.38592416327527707
6543,0.6261601869470594
7594,0.446435977036425
8362,0.6188589403658107
663,0.3426588402070907
2073,0.08992129070365591
5971,0.5522581950850172
1690,0.23084432224781085
7257,0.6589813264850088
2872,0.22224718521160344
486,0.8613785462845922
337,0.10719399868711979
4141,0.44622295259556244
3938,0.3806578043687232
5894,0.3521179591533444
3569,0.08073391101734609
682,0.7615484400383177
399,0.23354271749819439
3336,0.8002820739901191
3950,0.508270188778012
8315,0.26742890706673167
3208,0.32627035250039604
7197,0.44970564558679565
952,0.621714578756482
6212,0.09574592720447829
5226,0.3368095995252756
7030,0.2577749637280971
6738,0.6030743205491932
391,0.3023540404272478
3854,0.12090284826644389
160,0.32672857820507384
4504,0.5395405275320342
6765,0.38726189930072774
177,0.605140026697362
4756,0.11033710954301316
140,0.17842494977119852
2040,0.532577757222723
7293,0.45806922834694125
8231,0.5783425608705136
9240,0.37413272520283025
3618,0.1265345699355768
2164,0.47853573558941576
2414,0.9067227258996792
4997,0.1781063426157477
5984,0.13790195987352383
6072,0.18304906033697643
2959,0.687432990124031
7424,0.1523099034393718
878,0.21913549531883625
3093,0.4030594610722966
3636,0.36627580046249425
7257,0.15937865595000344
4310,0.13043619361021158
3610,0.6274912316374114
9023,0.5594077925907842
3153,0.4002423557839293
6613,0.309693639651875
4158,0.18608540576604957
9764,0.21802841315254914
9164,0.34218364030096843
2164,0.126683190805562
4197,0.6626142319547255
3600,0.7798614691306207
2877,0.41205647403300344
1552,0.252107417252972
1962,0.1704142328719253
5685,0.270341514383455
9347,0.5322828682671282
4784,0.3736718104995238
7594,0.16842658586462883
6736,0.3803095945760861
6507,0.037884431246282685
4867,0.14269159082928495
312,0.2863043647083814
161,0.319656356634253
901,0.3030304397590631
7257,0.976951631210934
5478,0.36379217525988605
4654,0.5150365372778463
9884,0.6761580231555745
7847,0.3326800918491933
5269,0.5413465561875106
36,0.2722277790338684
4727,0.5532475805850787
5442,0.5815613558862299
3020,0.7936122002677598
7757,0.6611608316187277
9844,0.2794287238244724
6925,0.19210698441334023
9143,0.3024440730572734
5058,0.039666336839499175
3321,0.6165605396405502
312,0.91562009081188
1031,0.4975409792779674
7488,0.34034235985666533
5231,0.5289089850349405
9177,0.2653509205346998
5341,0.6312427882928698
1409,0.295400252350721
3678,0.3123394106323672
5031,0.41123866484288407
1978,0.19549537459093125
7157,0.46763211021042933
2262,0.1546992328789403
6104,0.5766053031751928
9007,0.5273847264941446
2880,0.6009217089157042
4238,0.5929499256649475
756,0.2695010309094529
1906,0.3748470624886146
15,0.7588300495440453
27,0.6172468704056088
9131,0.1407619528759622
6507,0.3205506237568516
8147,0.41625813231520675
1005,0.29282021109423434
1900,0.4477770220190954
3849,0.21942152208014157
9846,0.23406151071664222
302,0.25353699727280266
352,0.6398562277927092
5943,0.11542092425129215
266,0.7460853020406757
324,0.38287249550496716
5674,0.3558897802277617
1995,0.17684242885136967
3229,0.5110236376221541
7598,0.2693769995654911
259,0.6631249048668381
3658,0.4111849882437285
3093,0.17348094665006278
7448,0.7223855803271864
8344,0.26849686079309365
7648,0.7514997059251419
1604,0.14142446165112355
3755,0.48052785871771014
7413,0.43396479396463944
9883,0.6908662072072956
409,0.42194823549509847
8393,0.48410777343376793
4404,0.830648186770753
4509,0.42170023635714615
5836,0.5839050180652684
7591,0.5897446062972507
6915,0.4948352450279812
5657,0.2686050575249654
950,0.7488244030521959
7845,0.38188368919677973
780,0.7102367313149078
3237,0.25822007763698496
7665,0.42425857567075104
6451,0.501783134749377
8688,0.485941668243755
4664,0.30623052061377615
893,0.5548102987162881
1585,0.8335196358957337
9980,0.3666243591868103
7722,0.684980351438396
2121,0.6701206288716922
4184,0.46686615270455
4251,0.929040951679133
6460,0.6042075640519408
43,0.178263161636808
4056,0.7225800736038425
5867,0.8592107238563788
476,0.34238084876362457
5410,0.18504820960017895
243,0.2395380036611959
5887,0.2645809539743239
7804,0.35127143546875045
5784,0.522966332675445
7549,0.4769958202737064
5920,0.26968562620838415
897,0.18825860896375002
1232,0.3764810738462293
2828,0.21141622132277224
699,0.22881254454014635
9298,0.4808456059502738
6784,0.43285136914630773
7974,0.24026257501980242
1544,0.5581378976028677
7435,0.2846155959170493
3358,0.5649822059402874
2395,0.23430373982193997
8440,0.6190651022814249
4619,0.8930965734894054
4678,0.15237814266420668
6485,0.687434628932493
756,0.4036908792183732
4202,0.3906005374300576
7749,0.5274774631963991
2967,0.08806016299694314
8235,0.24759111215347399
1544,0.4745202828478478
5506,0.36549906733717724
8865,0.194123958819508
1114,0.09328798280442098
7594,0.9900591617651648
3742,0.2293421820636753
1762,0.630138831347224
7981,0.18845864004587423
8082,0.5126886165748028
5359,0.18672536059087183
487,0.9673775262431451
1516,0.6451507946124587
3662,0.781673060658153
752,0.17094978040820355
4045,0.14600399849148646
4633,0.2951584573850881
1777,0.3030529029864365
2644,0.21084640595100151
7831,0.1293015040975393
3843,0.1668647771666035
5239,0.45514815412602966
4444,0.24547073437710068
1988,0.9169100512851478
3063,0.6240246161790322
1618,0.6190938893896589
7008,0.4119081318423193
3683,0.10490250185345547
8824,0.8947712770388002
3046,0.29799682690840545
2675,0.6470316427563474
1507,0.0857468806867014
4997,0.3617989995574505
5382,0.18310732481154499
5579,0.21961993544792455
5384,0.24455133421408337
5101,0.15749645401654253
6849,0.6478081127541774
9188,0.16634906013339942
751,0.45877711658378284
7556,0.14509508343504113
824,0.14841409277963363
6738,0.19426936278885792
3266,0.8000727318199541
505,0.8042741637225588
6451,0.605080846879705
404,0.45626876527711735
1796,0.5112248475747557
3573,0.23554088754820668
4204,0.39859736539023966
2204,0.2683840495057751
9735,0.5308030199567342
1791,0.3557360411642221
893,0.35046420274129886
3183,0.27473774584229405
3836,0.24751640242495918
7197,0.4451452930293567
1694,0.3116189159962887
2569,0.25720856374993223
2550,0.2937746822138212
8082,0.2443940151245139
3857,0.38093779505122627
4312,0.15252402803499993
2415,0.7494071707130439
1791,0.7300791140544008
7070,0.13467210594932416
3852,0.6451265368829985
2876,0.6816533479454294
5530,0.5271377751965716
1848,0.2292519160558267
4512,0.9199987639652462
6366,0.28508254170593694
7877,0.6976345835968247
7197,0.09138683290594235
5877,0.6028376136792252
6337,0.7117221199684042
7944,0.2698691234398091
3720,0.15903202935644992
9643,0.5303533848209558
1020,0.24032885194037046
8037,0.42106626194734653
3051,0.9759153264496097
3776,0.2542316635000447
3281,0.21054622086616073
5188,0.35563072554071107
46,0.6178244638914682
1818,0.3214498742150333
7153,0.1535434306769611
8037,0.1625210017025779
49,0.5047144970755393
2183,0.6353282677896418
4813,0.22516159374865485
9127,0.20337877540758317
3718,0.21353899969894272
1944,0.09147103843135504
3804,0.22887186444855082
8538,0.5224920403418476
852,0.7351713670316963
7892,0.9835785877705561
8217,0.5652489139769109
4083,0.5274512148030066
9314,0.7744202414692296
8776,0.19129066192090957
5369,0.454416261034356
8659,0.20450659680642255
3416,0.12991046589464192
497,0.17323113646645547
6480,0.2914573944748262
121,0.28484832979173835
5140,0.39179247010339013
2253,0.12940248598234913
3421,0.12820385288561895
2686,0.505781592662863
8848,0.28190876229052686
9149,0.744864143784127
2290,0.47984483896175467
6206,0.471000255159143
5741,0.2933804509073515
7237,0.7377606192516618
7350,0.45075251223883644
1637,0.6378262301325001
7010,0.6750499222911029
7889,0.5796273506183552
4611,0.09206178735172828
2911,0.13672010391377873
33,0.2169545755433495
5548,0.5203003811459767
4099,0.5724942424775374
6816,0.47396981392517445
2711,0.12637214334701
212,0.6370229996285076
9879,0.6115305957266858
8901,0.4743214659067338
8611,0.633350823893629
8645,0.42815175027527963
3346,0.46233576328863957
7100,0.8153329718218746
5735,0.44756498523073523
3581,0.8031268376182511
4451,0.711690159414627
8992,0.14075436558708054
8832,0.6525555127751593
7247,0.269694021317084
976,0.4067101282523711
47,0.3289706336691611
6296,0.08482237550549877
1429,0.17298801932467756
9029,0.18752728968066645
6488,0.44416267537751336
1625,0.246092742621358
2121,0.35014071416136766
734,0.5982073712760021
4911,0.3215060283687574
3069,0.4921800514721651
514,0.24787601203642926
8356,0.4087282379155354
5943,0.4148373127265399
2753,0.2146164115754694
734,0.40450213002908886
3630,0.06572322934391993
4897,0.11822964455512647
4045,0.34843910196938926
2703,0.06332675961000271
8607,0.5400776901657793
1809,0.7824808991449338
9066,0.1350655325271476
265,0.15054615310840144
1906,0.1765662289794463
8026,0.1188359142714087
6127,0.19924993662708632
9430,0.5385644472374786
5284,0.8258494692708944
1582,0.24285377377834438
8279,0.335655570779207
3115,0.23986705572339387
5910,0.6033393434238589
4008,0.7321452564878143
7517,0.8148816209048519
9891,0.42538664588729835
9164,0.17029493627245382
9348,0.1815459388293433
2877,0.3912714317007362
1899,0.8734206491192303
5082,0.3521983660801024
659,0.8277565427492567
3180,0.08630920813742263
2285,0.4435653447711552
5105,0.24796872343505957
712,0.1818234691194851
8184,0.7235138921563424
2848,0.5407832951671989
1574,0.16385049677563984
3120,0.4336662169489853
7331,0.9759471888975051
2597,0.4424156293714474
7614,0.2199479443825369
5597,0.141715209258434
955,0.39495498911703947
9908,0.2188627252220657
4992,0.9766377934939489
939,0.772743847915669
2642,0.43148962393849494
266,0.1888374125342264
4407,0.5432422964249195
7257,0.4785025505780128
2984,0.19959838142667272
2821,0.7997786716888008
8440,0.06130164376200427
5650,0.6502323090413592
3271,0.2672456425354893
9023,0.2691157590277727
3907,0.32341180464338565
2804,0.3531105781748837
7577,0.7954845490665555
572,0.4005039318089029
6918,0.13204347589721976
2720,0.4403286453731678
9962,0.35796212470756245
5674,0.23541261535043115
6604,0.3043487891072597
5975,0.2518847870732683
9314,0.7123401149084725
3647,0.18385266031524256
1541,0.868863975596927
5131,0.43004399111082103
3840,0.3405877017364823
4664,0.23037731599976724
7288,0.1293303364299299
7746,0.7170228531830926
36,0.33984957754611983
897,0.5687938864870749
7421,0.2946970876613078
2201,0.3703686583711454
8813,0.12668491152157918
8078,0.30764974784411364
5069,0.32999223038828673
7458,0.20680177938802605
2183,0.4832038976623542
9517,0.6565654402519617
3024,0.13431021778106633
1021,0.5877550943380095
2877,0.2612386694273466
223,0.19660780605865927
3647,0.7583331342932044
2657,0.6249858597991671
4828,0.14892341168300735
2490,0.4251041672860275
3953,0.2992468261355
4678,0.4518442653636538
5258,0.4866132029368149
615,0.3516040472521063
1130,0.46848043158296954
1584,0.8702412977677256
9286,0.48342018154195177
7550,0.28264118797203697
5830,0.9465473235729709
6228,0.3202868250993727
7968,0.37604350775547424
1642,0.4125617764197208
9411,0.2843811098693126
7576,0.9785974941410231
9106,0.5900404891171768
3510,0.6156868875080619
2501,0.39467041090187943
4730,0.31536307807432534
9176,0.8004233696734955
2105,0.9609837024943307
4721,0.2738753213317664
312,0.7271841737723672
769,0.09835617957601096
1544,0.5476835081423231
5689,0.24985703088663613
9849,0.11638569922490133
2758,0.32849390107774495
2,0.36049219924693965
8081,0.20843867650685813
2339,0.15745876630787536
5571,0.2776489614051144
1995,0.26417408235103856
421,0.16683533858131167
4251,0.4862132690105346
2043,0.7383596599923832
2758,0.40635198547140794
6388,0.2904771151747651
3778,0.16123110735066085
1196,0.4394925538157532
1443,0.17262458073818998
4541,0.513463829788961
1317,0.8218603594943843
7340,0.19745992005402987
7010,0.9467154201027363
8089,0.33564192382276054
3935,0.5443970206141822
2075,0.2645928490133087
4229,0.2124756900527215
7877,0.5091454308088496
6543,0.3276600708148687
18,0.286201813744872
8751,0.38683633708237203
8420,0.9527875052698919
7576,0.2827344957694356
7013,0.4321594664727991
2573,0.9362433058151457
129,0.8876040242381107
7773,0.5970020059658865
2105,0.7985461580387769
9400,0.21873467526747523
9578,0.8947099284288127
7462,0.38568048000388305
2262,0.302572868588723
6016,0.6743810609247837
5578,0.7092262793225302
9501,0.5498222583060298
167,0.1646343074716855
72,0.37982770229641183
684,0.5775751472770108
8851,0.37575248462715943
4420,0.1853424607439672
5085,0.2975317458039335
4291,0.32942290872416835
1544,0.34781220147700376
6259,0.30975969040736
9584,0.7802349123217054
2501,0.6015493249848681
2528,0.7129154434698224
1944,0.10768240578775884
7746,0.4142106098767097
168,0.623625193800071
5446,0.972034183845751
2005,0.34123847139718366
9262,0.30317637430140637
8442,0.09958563572233183
6892,0.5362932873182245
2870,0.16503521404809313
370,0.27642040900920284
7891,0.9260551326995401
5634,0.34929599274874656
3015,0.4101503151912255
9023,0.9164149513394189
9991,0.12036307582540783
2485,0.2827487613274223
981,0.3560661508494511
1782,0.12994311599154007
564,0.4889980387051205
3409,0.9264078535658062
7021,0.21184694077399233
6166,0.2377517821639297
4647,0.517328015897745
6259,0.17435928494088002
1776,0.3886726522186095
4261,0.20826353849720555
3658,0.09677106714875355
9314,0.18588712747859715
7247,0.33887702743116477
6715,0.35272307230587224
644,0.3370010167367735
8745,0.8074486717540178
8082,0.19676088947772122
8979,0.37448984334727825
4897,0.10271128075398639
9597,0.32044791460061073
6612,0.24676033324823288
9280,0.28485533335774077
9364,0.50537609332093
278,0.362456392845624
849,0.12670397239034725
4313,0.6613873942669362
8147,0.21521308296905436
8660,0.45621898143580286
3281,0.46604425940419414
1629,0.24652764267725344
1262,0.6990143553837334
3474,0.44494529204524597
337,0.5658781209859284
9267,0.38552578634019946
1703,0.426611782048568
7345,0.8540990698677772
5239,0.2726941560250928
5796,0.14933426727076507
7499,0.19760068420713264
2184,0.16669617122043717
3571,0.4455572383028497
5321,0.8413610978619301
9560,0.4635839728596158
2265,0.18503613848404155
5889,0.25067864485297725
7984,0.25601908433729215
4408,0.46159672209279884
8995,0.6363263495722421
1303,0.7689977446191621
8753,0.34814672685455933
6434,0.7638305487203709
9936,0.172358598970674
3433,0.2969161761496969
7583,0.2779102261253288
5446,0.20379133865148377
1275,0.8712373104803646
3688,0.564459692482183
4705,0.9611823420031652
3277,0.46006049324856074
2269,0.15323122664651354
1652,0.5007129396583933
703,0.3294102084245759
6923,0.6732566336216561
929,0.5235133751050722
9937,0.505168546263633
444,0.7964126556723775
2421,0.2155188664185036
5015,0.13384366704356396
4147,0.16001179139309038
4055,0.6316219948616676
8625,0.25248176634484776
2217,0.7366911697401506
4275,0.05494610008215631
2540,0.39230521218726844
3693,0.21320929467162583
1185,0.2038376240730772
7877,0.658565327518964
2262,0.5592868378651932
7615,0.8361941482599745
6063,0.7165952129140877
935,0.8619888928946399
6302,0.490690072081322
963,0.17927681720489907
8759,0.6479688777617032
2267,0.41211454065308173
5035,0.1403232333447346
9573,0.9968599685674435
1574,0.42103175434497453
5355,0.7885916172153602
975,0.41062942713389555
1272,0.10493090950089622
7596,0.9547315981766417
6160,0.7030246819614708
4579,0.5691591260750096
4548,0.2787840828217925
2272,0.26007294822820015
2654,0.4515946075292241
5022,0.4663178163213909
7533,0.11447203222488056
6302,0.16003463268851945
1617,0.1883301346618856
3015,0.35771272817643684
8306,0.39507535787651277
5714,0.29192536346871095
7370,0.22054351849596993
5975,0.4473344519057481
6434,0.11942226832071921
1800,0.8302723455009372
2686,0.2875310520167514
4508,0.9248979384729122
6798,0.176710267238565
6770,0.991588179657868
2549,0.6246986910792061
3282,0.9414950576921433
5239,0.9171610169946527
1418,0.6630800804462944
6610,0.29704644407612213
8184,0.3243628938090892
7787,0.37684440672398745
9398,0.8278312664444344
5938,0.09850777408530606
6548,0.32042037224489245
6651,0.29771383603014073
5643,0.15230694557365615
1333,0.2370409224350668
1805,0.5462555631720778
4975,0.31224125547270254
4172,0.2195561106309112
1599,0.24300825541443966
5369,0.660025811351952
36,0.23677228200029596
8235,0.12248203155503533
4885,0.666661688597681
4495,0.17544668966088695
394,0.18370310775972065
5882,0.23300436659927595
4114,0.9474179899007041
2608,0.3236498940125168
5094,0.4774244628374446
2608,0.6954713225494318
952,0.3144694034774284
815,0.4102842717036452
2766,0.3044384458415309
505,0.5747332611426423
935,0.20745512359538734
6876,0.4695394996944698
2264,0.7488877585956044
7193,0.10792047967290568
4280,0.872404947889924
5726,0.15988843793743812
2608,0.6850528839504909
4407,0.6138739270780624
4777,0.48812733377541795
962,0.3498720206038525
9644,0.14762651954930195
8979,0.12072818608181138
2807,0.12338206315355835
9590,0.7604828961309522
8832,0.6819452025514076
1797,0.28407795690618376
3058,0.1767540145098983
2300,0.3500187025516531
7413,0.29742048417257605
9273,0.6171957994551517
106,0.5110171151651969
5652,0.19038526368058653
7488,0.26303864551977696
3429,0.22537883740925693
7146,0.29811773158287125
7295,0.28792917742098034
2738,0.2036474308228713
2576,0.8228711608797807
8412,0.30208513227767103
658,0.25616695514588517
7242,0.6561360369771901
1227,0.29961768076373346
6227,0.06510897742074229
5948,0.3290234370020327
3695,0.20072723159573835
2988,0.32519012592983954
1873,0.3712598362106182
208,0.10904663993818539
6741,0.06207630045934494
6217,0.30113950016807484
5552,0.20031799504778264
2402,0.7144905271077084
9177,0.40846085651545355
8152,0.6085491091719634
5653,0.6215170644723099
2021,0.999942453216006
5521,0.14343484646587312
6405,0.8444270845089052
5471,0.15484955608713483
4275,0.20076351814677418
3774,0.7565106965938019
9625,0.479661477856922
896,0.20838762031611346
1944,0.3204784390643879
4484,0.14043755399010915
6918,0.7125423072765557
1646,0.31715032085448686
6268,0.13597684239749547
3840,0.6229482775679775
6304,0.19587155415568594
4992,0.3415312104258463
1055,0.30383838880336766
15,0.0673386697393425
2784,0.23116241475466848
6276,0.5823580564997152
4261,0.22112584612548866
4599,0.570091350737223
5796,0.3587367707303651
5894,0.15577225236789471
9868,0.2374783411426526
9017,0.3442041830588491
7370,0.5636050785164357
2730,0.15336806488235497
1625,0.40090801083643285
7418,0.3758530675232021
9500,0.36826106932298786
6507,0.1593879999788711
8982,0.879570641034203
289,0.13566414846386796
1622,0.2521213549926537
6712,0.3830720620571739
7515,0.23938206053452876
9591,0.3352025531472579
924,0.4077669190233753
3498,0.43183818237595917
104,0.18800787336457908
4444,0.19345724275338183
3630,0.7607151624007906
7981,0.3049778332871723
2414,0.2924044385427078
1091,0.14679694780707794
5081,0.22423567460893343
7068,0.6844170153140862
409,0.5866943353953502
1296,0.2820626447621422
332,0.1769604059528245
6797,0.6005400093647388
734,0.40631960810693957
9257,0.21845846843230518
3152,0.15326423267469722
3123,0.7177201950665885
6186,0.5250553638350718
8431,0.25051129220742235
178,0.1738870382375334
9139,0.7874779293726303
1205,0.6550485156136852
5471,0.17058932592825643
8698,0.6122435588542446
5352,0.17926275701627573
4929,0.3756395092290039
935,0.10631792371143967
5898,0.3005719040663923
4407,0.15025010242158143
9909,0.27186240101018594
8708,0.9419255706880215
5325,0.1414148588377971
5133,0.34757750866449333
1940,0.5787696333992062
6178,0.2429694224377196
56,0.8410710421586942
8670,0.6981243722147531
9884,0.6245038762906747
2461,0.20559638375603012
4294,0.33045442215278203
2636,0.48465095643886186
1093,0.2488657097746856
7467,0.15646617552324216
3573,0.6132351429122278
3364,0.5758516785578611
9298,0.28326346753039744
8817,0.18040461428133137
389,0.5190832511671191
3364,0.2731250077887252
5026,0.320397151242518
7890,0.2977786112906417
9238,0.2782323247752317
2959,0.4339443086197002
3488,0.12005078382758962
1397,0.4861673298618748
1571,0.6431979382417343
7935,0.12203107040033026
6601,0.34716039729909093
2567,0.35294981997260455
7816,0.5560500313756024
4091,0.19833456111508554
8712,0.2989306904443769
6651,0.17436405133564126
8745,0.3909409641881882
7320,0.3920347832012811
3776,0.6877477899961418
4652,0.24362891683329227
5021,0.5061759563282465
108,0.17116530537624847
2258,0.4072255667077951
116,0.3357092974352288
7481,0.6915132347781457
7611,0.30756547072563895
3272,0.35173722698722726
6575,0.4046437817585741
6294,0.8349263596695617
2062,0.2105369100734252
2784,0.6809676261412161
2285,0.4807718758393883
2608,0.3458606493330327
4998,0.23248595884567863
4990,0.2259557173055827
8708,0.48892994871120593
7152,0.33505775866329296
7236,0.1977033252846276
3012,0.6414845310547612
3194,0.42590848998650416
1995,0.5451756756112119
4555,0.4316723226032664
6855,0.42591955398570064
6619,0.23265149000652346
3351,0.2958469081941706
9573,0.3885434520604583
1995,0.34658752088169464
40,0.2341524788973299
55,0.3721738162668283
5408,0.23307483466679163
9119,0.21632629034049766
9823,0.9675261838078322
5058,0.2640472427912125
1109,0.5790373149442801
7461,0.6828832969271753
2276,0.22444783606558516
5574,0.4371562374270736
930,0.9813989519559021
8184,0.15521248831591689
305,0.514757362546578
7077,0.7519960437269386
8812,0.2924010592159544
759,0.23994429202896989
4561,0.3882704647003631
1799,0.4004051799351755
6218,0.14429079121202282
4043,0.22374767666403497
2099,0.39521335465990576
8420,0.22442854920144822
1959,0.8130354945562376
8992,0.45825499838058337
4730,0.3072453517916803
701,0.3766894982503935
2686,0.9830699916232086
8688,0.3262115102685498
249,0.3018104045850667
1809,0.937658964331914
1139,0.16877177999970383
546,0.19017090125632247
4843,0.45169732581624406
8622,0.21425594075114754
5674,0.2889135561533429
6269,0.25498988058637695
8080,0.29022178307368623
9209,0.5476141001627582
4254,0.2876509295044003
9262,0.18541819245163277
1076,0.5615829905430515
8366,0.16651971672334234
1639,0.5868994882590606
1948,0.29316649753347584
2460,0.0819325427029511
2061,0.13307470367279806
1452,0.12102839746184688
2666,0.5205742184718329
5693,0.3240374593991648
8766,0.9329830867555717
61,0.7204544179841509
2964,0.8396358956147464
1778,0.2261840148281738
6257,0.5062680546952932
1541,0.25617489542709765
7746,0.42595020705483416
5557,0.18254243114282753
5374,0.4666937344972345
6331,0.30438268923131995
3836,0.3688497166774759
9448,0.7493928664425005
476,0.9594335210697709
3774,0.7577687581556471
4524,0.670149354875442
5634,0.338751840266066
1039,0.16313334716321615
9569,0.16646211139067038
5554,0.7459327397574934
1361,0.5030213446705031
3269,0.8481160409351854
2156,0.3309749782220767
107,0.6517258305745003
5044,0.3080176677350494
8709,0.15025849020118914
2834,0.2894182051789353
5177,0.13674238027945207
707,0.3550435110742398
9985,0.9886591078872182
8851,0.16030437767838687
9578,0.5625119039303221
4721,0.663138785979182
6333,0.5423093475795647
6954,0.15328161437099488
9483,0.6063327947502737
1540,0.14995181442736327
5832,0.08873528573806282
9425,0.7487530874160815
3754,0.11961265654611392
8213,0.9875988442881342
4554,0.33143159848330606
1711,0.22442131540846247
9771,0.38878038420439975
6454,0.16755375908240736
6304,0.20583883101215059
6777,0.7314981311308306
2082,0.2584085250042991
3057,0.23954097049757617
1996,0.14219971898211048
1868,0.15035676373906737
5454,0.22089394243073734
1740,0.38388830500431503
9657,0.23733302826993852
1726,0.4201089377432025
6356,0.36260067097136717
3408,0.7790018864657497
748,0.8397624965503622
8424,0.20049060579886016
4244,0.3153228089802887
7061,0.4346714073472754
2485,0.8615391771298421
4037,0.5653427367663469
3032,0.4611994091994071
7152,0.17680723908001086
2988,0.26672548366681703
8831,0.3185102159331021
307,0.5181653658642368
6166,0.3330224872615391
4675,0.9109919263467872
4619,0.2727014161297323
5161,0.6290672093357386
6337,0.37913931539444157
9179,0.13990733404596178
4561,0.14359778422840044
205,0.3450533381243012
4834,0.9236313622797495
1916,0.3749372102066569
3639,0.0780012125487711
3317,0.11374917198203204
112,0.2701149456909137
3880,0.21434468825312505
5208,0.43708854740234826
3675,0.39737124086208
9262,0.11426709704043989
2794,0.7750879419827778
1046,0.18954383564194144
3549,0.16807400674135348
6051,0.9656832604748026
6454,0.1577956470301813
7533,0.16851214010878482
1683,0.286023604915709
2055,0.5195640624948987
4656,0.06533574825981572
1950,0.48278986279914915
4867,0.758985720521195
36,0.5014117833179581
8595,0.5531850715227491
1658,0.7968504152470333
8269,0.3676427632127434
8272,0.8399177012488894
4300,0.26227183572594354
9200,0.1616654198739781
573,0.24486461426761347
5381,0.7995943935107954
344,0.2506821525750107
1296,0.26496365495651814
5726,0.17445802064840996
2730,0.19735534620646922
4624,0.5388408476091125
5457,0.21158998347962923
5059,0.8313920556885624
9414,0.23413028537112188
5240,0.9123461784968685
5796,0.29807757175249805
8476,0.9977020198085761
962,0.4896810699369702
1452,0.2106104739316808
9939,0.34983326163196915
1109,0.7485169211642309
2442,0.29691487655999504
4949,0.5152842300761703
7653,0.27640449431393366
987,0.11177276645239416
340,0.5314034301227941
2588,0.21087963722177627
4924,0.2964961490541577
1221,0.18287054375795486
9263,0.36228466700311723
4444,0.5390688451076964
1324,0.23754099617585298
9634,0.40027577048698926
6076,0.15903324104142
2021,0.8781889257448663
7295,0.5288423712268205
4395,0.6395343205717966
905,0.7284099690205161
5003,0.29040991228402824
2795,0.3202018175070576
1295,0.27077831623141096
8636,0.0946999011923563
7906,0.7667239134381568
4599,0.296399198987846
2445,0.4347307371680461
6956,0.9826865122850729
7733,0.3759686088464216
2460,0.9950529019502893
9635,0.12390589001700186
353,0.3466980912710971
9970,0.4213982550576267
929,0.05498008228994497
429,0.35390412498207074
9786,0.3624884379264316
1105,0.07827057770784943
247,0.4808833912269113
3465,0.5091778776415087
9400,0.9728081474179879
9812,0.3595639405064321
2847,0.6924669724808308
1323,0.6636403330169397
8476,0.24701185510215246
2124,0.196405864254263
3151,0.28003838596033137
3775,0.492813335189458
5284,0.37777122908284405
9102,0.07926299498965644
3290,0.8386386377459795
9644,0.5081930046880254
7119,0.7586907953559742
7036,0.3821793088339105
5666,0.1745730576957093
6564,0.29961213522857594
2096,0.5660690914044189
6549,0.25469581504401745
6094,0.3902739820025928
2262,0.5299111133892819
9244,0.2617765006362481
8958,0.4412653419639172
3640,0.25193400436428653
8810,0.6184486741003344
8311,0.40107035576142086
4730,0.28720170865201095
1324,0.18763753155552906
216,0.6025462874001862
5025,0.1762182386696008
2752,0.10010097824078482
4622,0.308819847439305
8235,0.5413291199137886
8167,0.1152274776600399
3504,0.42634363921448093
7106,0.17275378965324567
9154,0.7273735326627276
7614,0.23206494566437627
5454,0.12108815986956376
3237,0.4953465573075197
2227,0.5876402677439576
7065,0.1486228111656084
9131,0.2983684314435388
1988,0.16065577991062327
3408,0.20906672452745617
6036,0.47340628119341016
3144,0.6388121351336603
6322,0.18243423060676886
1784,0.4110624929763605
1571,0.2209903676170656
4031,0.49335975267211196
2687,0.36794206589581957
5554,0.28617822583443403
8202,0.12732707202870114
1819,0.44091483456841074
6309,0.13436645347526735
8078,0.6655824107088145
4105,0.373091945420446
8339,0.09138185968181153
15,0.32567679239712977
8339,0.17011258128765944
4663,0.25581676605762466
9578,0.3066052973517603
6770,0.298767462846724
3148,0.5635549773307492
4681,0.4886426255348707
6488,0.3385346132697927
3457,0.22932860795402024
2232,0.3758257582489648
8484,0.07384638161075664
7635,0.6428617895689851
6902,0.5389221828692654
4570,0.12721477664977027
3495,0.12390901256555133
2278,0.44420320460652757
2120,0.37054523103809883
3390,0.2727040020419757
1658,0.6485281446899825
4147,0.14082363214834365
439,0.16764514177455628
2884,0.2313062893257185
4038,0.513775117291643
1295,0.591849569390693
6247,0.5837633215550908
6727,0.319735760497018
6797,0.329113369935393
167,0.12295658066832241
5134,0.9912882105505414
4185,0.16362849956591452
2252,0.15827232625161253
4547,0.29781314043431806
930,0.14404372083379835
8999,0.44214985694997555
2518,0.1392293448835579
9145,0.9639232821423838
6020,0.32475785140571234
9883,0.22083480902714941
9591,0.3753192048413522
1112,0.9183955118946543
2138,0.8884199821222494
8212,0.09201983028188625
171,0.08178926175075131
7725,0.348079871856315
9899,0.32933138680492335
9628,0.4363629141855083
1055,0.21208297978618626
4375,0.27549159045417354
8061,0.3324422222841949
4380,0.4671804632760867
7369,0.21845447653156483
8310,0.16892653907292526
7602,0.2675086874224452
344,0.4570241854762407
6600,0.12792157915569782
8991,0.7813244357786459
2795,0.6931357790388031
5651,0.22213531024915126
2172,0.7259779650454979
9395,0.12484500709719691
8354,0.2019595583071331
2986,0.3936365274691832
2099,0.23859343612203654
7546,0.50542823446702
2485,0.24703076791677744
9403,0.2959242846978765
6983,0.483777121609831
5735,0.7815067235561056
6313,0.19095124999885071
6727,0.47514242394743195
3003,0.5002262308887131
8538,0.27019560716753815
4546,0.9380391533194864
6798,0.326424367613956
9644,0.268590857933569
4905,0.3158598849722252
2036,0.1288712159853115
3601,0.4918493741698614
5651,0.26915508528962834
375,0.8859257423632181
7115,0.21067496200186484
5765,0.23387065621775346
5574,0.3319503978216824
4091,0.53170455695082
4395,0.307923684111986
8462,0.6610545949692522
672,0.6754959091471083
6276,0.137416766487796
379,0.4556051151128667
1639,0.145202800010784
5060,0.4549676415578876
8048,0.14885714240020512
5081,0.1554970261705147
6777,0.19722359049660285
279,0.1506238588996688
1658,0.43874433320713374
9430,0.5079574073568847
4905,0.2069357890179793
3651,0.7602540218157616
1540,0.16046508638876678
4238,0.3886471833822851
2442,0.19488657698234366
8289,0.3626196404192457
8452,0.5468775664932963
963,0.7596303405811746
3651,0.7590865247619688
2417,0.7273424398946351
721,0.15951818382066352
5607,0.6085006213585654
2509,0.43461635403868015
7840,0.4622518775331543
9039,0.598134030435698
9233,0.43955874559222474
1978,0.6874772088958562
9062,0.26449360173471964
1658,0.6810293878972149
9212,0.5739216877429846
1563,0.1787979648115987
8164,0.11737733097436891
3151,0.6150615860492197
769,0.5173301582409187
2211,0.15771930223442238
6724,0.47187421227136295
6038,0.24075456186256283
2659,0.8881158233950578
739,0.1552805006940559
2036,0.361372650640233
2584,0.6833510406458292
8052,0.47478161476100483
5489,0.2531730074887428
6672,0.25100521690046596
9820,0.9419356349412813
893,0.26371846752219136
8085,0.1525754050432442
5484,0.3684393661751062
727,0.29616710411175134
9542,0.282288664258875
6166,0.2980753069486351
289,0.11343072310356225
5150,0.34583943576875287
4600,0.39633456254294736
3965,0.37324635912641485
2882,0.4668761779575473
1221,0.19057898135494364
2788,0.1047063930214776
7313,0.215103519014418
2217,0.4163143886941352
5150,0.23534016698344257
9362,0.7457258935328509
333,0.2548114232257312
3706,0.14493457790182107
56,0.2914618383257744
5140,0.17178376659044808
7895,0.6286220397569326
8082,0.130217833114166
2811,0.5220643306712407
1471,0.4663086361113704
6454,0.45125577825003843
2468,0.40773404225898885
525,0.6329757665132086
1090,0.27524486842639284
2177,0.4344774740482028
3526,0.4001285713191939
9573,0.0827544907730152
4261,0.13352178100525386
7563,0.2869202745415887
8446,0.0664248544873761
3076,0.5440162041406525
728,0.6023365867171753
8628,0.5599908852691087
7706,0.5981227007620896
7055,0.3070515433245781
9056,0.6009660202203687
3378,0.7609674421147378
7111,0.301007173552151
2217,0.43605927306652265
4403,0.5891716711360744
8805,0.9521253788835502
206,0.3252166928987037
734,0.9822873043864837
7242,0.1985493629652532
3214,0.8754654943133834
8551,0.6244192673624703
9085,0.6932071136151914
3063,0.5406869305608223
271,0.1725131692308476
3849,0.23027143301275635
235,0.22465710558872212
5870,0.8628049763980785
3706,0.621963931340437
2642,0.40978768360416756
5524,0.13246290987990508
1819,0.3413860825755038
9125,0.19198774350788803
170,0.43188699482137016
6525,0.6953130504675834
3601,0.5976453334450065
3460,0.195414145095047
4463,0.7687519381809399
6539,0.35089762361103044
7995,0.3285578394895211
4401,0.3850398247402447
325,0.38577255923093645
9887,0.436779009534217
9188,0.6968695585966642
9335,0.7988137538048155
4679,0.8010967855427852
573,0.5621780165669312
3947,0.17710247728580114
6206,0.25812699872137934
3836,0.31115110619348585
2752,0.6539105598393078
1070,0.4684677053252328
57,0.13980249104787318
7653,0.9030368107972714
2096,0.49672688021321565
662,0.27547822630762675
7488,0.326885228808874
8383,0.052387234714312905
8675,0.3027258833379089
5100,0.12435845266709086
302,0.41549911881244445
2082,0.6867301807575741
7123,0.2774587396590415
5416,0.321455969422205
3601,0.8223157733689603
7818,0.6074274914380191
9965,0.9281222916472275
8362,0.3555575051885614
1981,0.5281399005896229
8497,0.12496965268997415
5010,0.46210971331765494
7812,0.15856764453045344
2232,0.3027180056874818
6404,0.14879952448139921
1272,0.2720750570449009
1522,0.47333590094099
2442,0.1769463781480606
1648,0.3098938041604547
8562,0.27580389469447364
9587,0.6804015876261263
9822,0.21728850445953768
3112,0.9474191981088848
6155,0.4297651211476874
8763,0.39364272534127276
1776,0.12554440824929924
5806,0.5934835825050565
6259,0.2669833759196955
2346,0.42668931396208687
4656,0.772735030535067
8651,0.32030937207652777
7006,0.39869498590163077
7713,0.13168616766491933
9689,0.7996720307382892
3524,0.5261376105977335
7299,0.1756688196804115
452,0.1853932694041181
8484,0.8071257881631785
2081,0.8862108414879631
82,0.06303977533813773
8019,0.8973122639995412
6939,0.2748524250083874
2448,0.26958636847434114
5030,0.42673019388385336
5224,0.5160265144135748
4802,0.3622558210259616
6322,0.7898749458208935
8759,0.786988873995586
3616,0.3806951823168928
9870,0.32098526623238127
9395,0.30485402936551853
5140,0.8790901159463581
640,0.1409783701251513
8702,0.5782228946442903
2349,0.275136894304568
7109,0.39658986549288605
2914,0.2722886370654003
564,0.9321061562103663
3592,0.4432037369557725
7898,0.48487991438629036
9674,0.2934982054454211
2291,0.3833610160834649
6568,0.374473437243793
7070,0.17167819972415638
8860,0.6528858430573241
9674,0.44309921273597425
9587,0.17250116955965814
588,0.36902303753078197
1016,0.5697099742076811
3653,0.49539870028237104
8146,0.4381664946976316
5530,0.1265982277705087
3833,0.4668099100103957
235,0.2438364128607877
3236,0.24278811063609582
6505,0.20551820420979156
4280,0.7123277912254887
5097,0.3645310436462291
1869,0.2055303281932076
1517,0.49745129214010675
389,0.3515403700752229
2903,0.27156161299305215
8784,0.8041049229380731
4508,0.2630451070093184
3915,0.3921037563897792
3860,0.29690840068082813
8140,0.29065520954144825
5465,0.2323890544813996
8467,0.2066443731681478
4280,0.3782723354494991
8551,0.2859012576528815
4673,0.33217176609537946
7791,0.5160660104465512
9445,0.438465305060232
6573,0.4011513371803785
7008,0.3879315445246325
2581,0.7674655199228961
3522,0.5752390209833553
1778,0.76346338124059
2263,0.3375405148243467
3818,0.5720216800817186
7236,0.20264626204007063
6421,0.3903997922310208
9684,0.6936389649146371
8736,0.20612398275623287
1563,0.35147860697527383
1088,0.06629541426866088
3679,0.2648605126525973
3328,0.42116361094762345
4149,0.2875088675664599
9543,0.2509547152307861
6053,0.5839589486702551
1818,0.32878735269005005
5548,0.19525619672004255
7295,0.6647609703348039
4393,0.9998648508755686
541,0.2816061988275286
7209,0.8318440544910147
2896,0.09412059745845507
7527,0.5234451705210242
5345,0.26938032192443373
3907,0.25975161415357734
8174,0.7169574585862243
6630,0.2275614090438013
5628,0.47259114067372265
6405,0.1724698150954077
9015,0.8042388876764416
7068,0.26811393928635346
9720,0.3335529646428557
7527,0.5154008373051783
9362,0.25434506393575823
9583,0.3140513364586361
611,0.3418437288484316
4086,0.8240439841562204
4905,0.5463206367867781
8473,0.4645379925878302
1225,0.5611119082922631
8704,0.61048143712459
7090,0.5629032061130916
2121,0.13330547523212263
3187,0.16092509114850415
7892,0.5149308338118334
1113,0.2945891080113763
4733,0.48739504366624453
4396,0.42177546163904006
6952,0.6792658722232441
6741,0.9872930047749309
626,0.3267756720738741
2172,0.13746008124811682
4382,0.5119536452647251
1820,0.6611365662102758
7035,0.5889404349709602
7430,0.1923709945254151
6251,0.1299720104701166
2172,0.5488706718096834
2537,0.6783091098405469
9786,0.2895700320675252
8310,0.2716926861368236
246,0.3513147132638934
7273,0.6211785633145069
2133,0.5864749353894385
9024,0.1778861700257876
7292,0.947422167979197
2348,0.14068018789959927
3608,0.27413536547676287
5453,0.28943548629095034
9935,0.46132193579373854
8918,0.31480524211491673
348,0.671164982718319
5548,0.5368561276467719
9287,0.24044488615604634
9493,0.5236828282689925
7021,0.5712637507717465
7193,0.1982040758301711
3706,0.23607593047432213
2701,0.3760020702117445
987,0.22990633842001684
465,0.8852150118181926
5584,0.28629492633812187
3018,0.39494935093111433
6435,0.4303312686049302
2708,0.3891286176271424
4018,0.5090300819285847
7076,0.1434516606324056
158,0.42966896332792515
5545,0.42088552558498
234,0.5742187982529575
6720,0.215824578903702
4464,0.3513268712084494
975,0.25510276562175604
1792,0.653918734136145
4727,0.385208715109802
8565,0.698658206234545
7057,0.2804388773644974
1517,0.3928532733278187
8571,0.22891601917298612
8026,0.20616419939784456
8939,0.4301029984301644
8467,0.6807205869494135
5379,0.2340720948331542
401,0.30080536621478976
7391,0.21765940531333128
8289,0.23763379249672767
1102,0.7660105850704515
5180,0.16332902126062288
6143,0.33076300055459407
8353,0.2117484717091864
3571,0.30377691398475615
4499,0.9948093118043186
8344,0.12243961753493904
6914,0.7480534419532471
174,0.14680552672244015
877,0.3924868019671965
9058,0.3563955905444218
2963,0.15836479175215887
3217,0.17291975589196146
7995,0.1921919518635764
8588,0.4641276664524595
7818,0.10622449743365278
1321,0.2979932309683368
9988,0.5559185944423111
932,0.6087366649673214
8705,0.599613165867493
5489,0.6034780872732205
6491,0.15185183478256953
5952,0.7745821723786858
7797,0.33757578649160647
9262,0.24525539795084567
733,0.7238880600230152
6331,0.5732382321757815
6121,0.1777638105152055
9923,0.3321328007837897
7324,0.8139576637413201
5565,0.27280201910431306
8918,0.4188415917016418
9851,0.1893044645724992
6987,0.392091266024998
1112,0.5236726962542859
8908,0.4938730589148562
3082,0.39788248463361253
6962,0.4872454618365702
2105,0.6626602498020093
2442,0.12102620458740523
808,0.09804030322028111
3445,0.5642411663066134
6699,0.36690071046302336
8362,0.23164434693875158
685,0.6336797577303407
3861,0.6741629912907714
1955,0.06683428511205562
8544,0.824164640395284
3406,0.5226353497133628
4121,0.18567483122095832
1684,0.3281135215382016
3486,0.1003132919959774
9309,0.8194739453012319
340,0.5193229265929413
1550,0.2605126941072225
2565,0.12586945106624006
1457,0.18470104660423167
79,0.16578356016473514
7740,0.1198694430838999
5653,0.23093108779388652
9788,0.43502738395584667
2290,0.21211313309574706
9023,0.38792948456299253
5784,0.9027714920895691
6264,0.5186377210358762
1119,0.4718662138889284
7851,0.3254892120030834
2133,0.41797565983362356
4030,0.1886981486295687
4887,0.46384825427570986
1559,0.2187871226458648
1084,0.08928418930248551
8571,0.37967236809740795
8698,0.3698358655041485
2091,0.5239301042383031
2692,0.6605196604457926
1800,0.8123357248030819
1470,0.09105023529185795
6268,0.13832070975350308
5862,0.5549083005962105
1950,0.14776834864833274
9058,0.6552813368175073
8754,0.6583051513009535
2421,0.5955471827584192
5018,0.25015546880182066
3699,0.36184818829864585
6811,0.27671708623815316
9404,0.39532459771490713
6876,0.16254854669500815
8025,0.5303508635976469
3998,0.12965171812473586
9935,0.3069838007782259
5231,0.25609616611552516
7974,0.6423808071649715
6825,0.6078885848594057
8905,0.9005959120077589
5278,0.6305020641152377
4648,0.331142673003526
2626,0.2884847561391727
8389,0.15222273927580576
3032,0.37942293291616785
8164,0.2566020361935228
5312,0.28609283907455085
3854,0.1696458207119522
9542,0.2819970783894439
9887,0.7970315852285553
3284,0.6326274095234035
4251,0.4223871857173598
3574,0.6348218067482478
890,0.30155011500963613
1669,0.4680195345503203
9014,0.10336499145761747
7083,0.22020098704727306
5170,0.6007817268304328
2963,0.1938099111843499
8041,0.5044294353296641
8854,0.40046271863933836
1832,0.12805561923518163
4043,0.24757804060326472
198,0.869333227985478
4800,0.8373066466597496
5497,0.8150897195867245
2227,0.975331178299228
401,0.259437036203838
7713,0.48128274512596547
1098,0.6481487880718075
1524,0.38218795874565736
8493,0.8623902012526398
8919,0.16627334396173132
6053,0.3442005780683444
1233,0.33599183553663264
3679,0.535189276222862
7109,0.09351849656837895
5548,0.3997171308144561
3129,0.24478076124907733
4681,0.2449402816600264
831,0.23430835503811154
5907,0.5219172834480887
5904,0.5154316601546536
5052,0.3152200895071744
9358,0.32987667402213644
8452,0.675510093948104
3889,0.3949603079010767
570,0.3981473668202859
4533,0.3255156692328057
1810,0.2289732978247056
20,0.6277057309560024
1160,0.14940308167486674
5635,0.18283307119467618
6728,0.21107058858590413
6056,0.4787599122499157
666,0.2515848605823287
8866,0.28213708368914664
3751,0.08693466825332077
2319,0.2681805750754101
9341,0.290933332559812
728,0.19625574739925433
3465,0.28059772689347795
4055,0.607650338690239
2651,0.8343885504142863
1891,0.3955925465549022
6218,0.36981205048117594
2713,0.47995063969258167
4683,0.25123497326113475
2082,0.32206282083270815
2821,0.29854544860339255
6107,0.2697472247322804
563,0.31220149291836335
8797,0.9048362290311683
9362,0.39445287206629465
6684,0.7278407143823562
2207,0.24882243356314493
3679,0.2072618940746009
7862,0.4564216573095209
5101,0.43864941241411487
2267,0.746851267403705
3422,0.47315689273250916
857,0.24469508941424548
4784,0.48087704229020145
5024,0.542574114546861
440,0.19190728560465872
7093,0.5973155065633502
3254,0.5931687446830707
1820,0.1306116018113321
5641,0.2048472570843213
4382,0.12862132925956854
5565,0.2570164696402958
8763,0.15116734994703007
3450,0.3872515096319988
9428,0.9136743171050781
5433,0.23020069633884024
670,0.5263251049964024
7577,0.46635914444786825
1205,0.23039071403648065
2485,0.6280578887077737
4404,0.16748754310961544
4956,0.20124927542758395
5324,0.8457992743739511
8660,0.6395820214654955
1566,0.5382436950569549
9749,0.23162971067666746
3613,0.2630104457161475
1415,0.6707980079692583
4595,0.3669280277583084
525,0.2785103661467607
966,0.8101048074574566
6605,0.31833353227047667
9527,0.17651004727725425
1361,0.8382193570038293
5649,0.12829978797743735
7680,0.2815545080559994
3522,0.5048220401121177
5993,0.3316577730095154
4884,0.39236531735807917
302,0.29167888331654407
4785,0.882358677860644
5440,0.2949860101888405
8571,0.2106738190482337
8527,0.3425636752505071
5778,0.6909395081705288
5151,0.5787415675099826
6051,0.502693709690888
6313,0.5105636250185764
6646,0.18157113404353495
7397,0.16751178380460455
5251,0.37526835752942134
6902,0.4607854719112569
8148,0.17395943726945523
6310,0.2225602876463409
104,0.2122723429855438
2434,0.41831079010944355
7583,0.9485466440621259
694,0.61564549157494
8059,0.27581326053653743
1860,0.3193444668347756
4341,0.4480612282934153
4242,0.16754809393260087
4213,0.7472822610120459
3672,0.971635508390123
527,0.38992414329664343
4675,0.2496893686213085
664,0.5170527940967471
7904,0.10810888074592497
1803,0.1826167307023641
6274,0.2331713673287054
6360,0.2218259755195065
5040,0.39299338026599395
7417,0.17681913827586274
2070,0.07803844798828974
4818,0.5590799805268214
8502,0.37146188791728646
2450,0.27251830565241963
6187,0.7645163440466209
284,0.2573918721786344
716,0.7673393741041846
6060,0.22275113154059076
2690,0.3511011639604925
1617,0.5161749608177127
2815,0.3155100450721877
198,0.8321464760054327
3253,0.3602058078891704
5415,0.2874098470160526
8982,0.9796955461106275
5284,0.6186125304280584
4967,0.26620038001118285
8466,0.5219172867324834
8788,0.4563969490623089
231,0.2755432438864547
6342,0.9253051983970086
2581,0.9328662764570878
9923,0.16822995036572588
2621,0.30786567187118363
1084,0.23626045618089667
4737,0.13875485406714705
3095,0.7807683774703444
7980,0.6918568431110627
8932,0.49156438874418573
3264,0.15576285927301964
5557,0.15265419658574736
848,0.8924654096189469
2988,0.6493174132558868
4091,0.47390490184152445
4619,0.556915713928208
8019,0.24437566924329907
8080,0.8814940888759879
3351,0.29527745994723464
9946,0.5732580064368786
7841,0.3742113050724182
1589,0.3701127675002459
3647,0.18798211923678002
4546,0.07396480707242495
1188,0.3054091223765446
4518,0.21896759637989466
8374,0.20091305099829318
3684,0.2922470355089132
4671,0.2660438169546353
4771,0.4155992296939534
3889,0.4494331726471708
1403,0.29524629530039925
3455,0.3571609143026334
1832,0.07672441292333343
5408,0.5774702277777913
2044,0.25779055961269987
4375,0.21587462981001188
7365,0.15754229157473507
198,0.6706079587737614
5907,0.8972998599118629
3573,0.3815368285973324
6590,0.32174942900785936
3855,0.12282018279385763
2497,0.3318609046905801
6460,0.17786788309288923
12,0.548123538644482
6615,0.8991105870283816
8958,0.8556916375160905
4011,0.3308635567531608
1160,0.23650425751101734
7068,0.37947466936482094
4825,0.35308506862197675
6397,0.10833623094990237
9145,0.3093277465821122
8296,0.4126460116307915
4533,0.4294165726325073
198,0.5323084906208211
9600,0.2432984898987899
3075,0.881549810192232
1060,0.5440443914847679
4825,0.2690405358819482
2528,0.5190580272828719
6069,0.8282332541019989
4505,0.507259064844501
1722,0.25202496113358897
9339,0.28882703533525944
8383,0.4287805190517246
7430,0.25637532573940003
6777,0.3069731923293296
3293,0.31024612276166236
9428,0.659433568194279
7736,0.598154437534139
9030,0.18610011803113166
5208,0.3581135915644607
530,0.6738060442936088
6237,0.40973011631251355
5059,0.4093991118437833
8831,0.41738021175221457
7832,0.4395797789530225
6596,0.5389294564455795
1799,0.28432173080445045
1419,0.4193856025067505
1910,0.5253059865682652
55,0.5872512230413398
9056,0.6316987636031688
8736,0.8159155827186805
4667,0.27658364582062084
2231,0.26357791588856083
8311,0.291770858387782
1321,0.10126420338481777
2886,0.16971730301265123
3592,0.8482668250632822
8269,0.6223462498487037
8753,0.2811716016491088
1361,0.5560673079236766
9733,0.11927370905386417
7070,0.3055952112984894
7106,0.9681957201685137
2122,0.4175978247489255
8233,0.2325799663879541
7283,0.10175775102040747
9657,0.21343444639122766
4505,0.18303809707683472
4692,0.15264922080831334
831,0.8780285108202904
3535,0.6894234742951486
6053,0.4179366398928485
4933,0.3898800378401727
1869,0.48129801106415665
2009,0.1681127756592865
4774,0.17125072354390683
7833,0.5721030528405702
8126,0.4156405853754189
9339,0.6514502256719247
8081,0.8725778021546695
8306,0.2042867700438017
235,0.1894008596458569
1617,0.33376706703788384
6951,0.687106968021073
9303,0.4555352969282332
7119,0.2286485595354763
3857,0.20984567593142717
142,0.32340649217005857
5193,0.35317349513238044
1032,0.5298339429578138
4610,0.1890933637298349
670,0.8088537360165045
568,0.2396323656541888
1890,0.23218099279503537
1310,0.18472781893369572
7809,0.17713901343419514
8868,0.27556458920976346
4600,0.7825803481022459
4759,0.3657978121310385
3897,0.6816438966059526
9046,0.3099663857828348
189,0.41700534270576206
6825,0.36731271088829814
9869,0.21816998201262217
6100,0.21390635924477247
2025,0.4135613879228777
5784,0.5905124107165268
4115,0.69981336371744
3819,0.2882699459998902
4320,0.10663046388073101
2264,0.5777869093025991
9785,0.12323527839492769
1827,0.2493899934992566
5404,0.9732988085208987
1861,0.48235637421484656
2117,0.4915961225470462
2345,0.35568389226700137
4648,0.5402443133600067
2319,0.280767583178975
1296,0.4946505141897697
5584,0.2722084287002924
60,0.7405730307789835
2471,0.333210556154105
4603,0.14216904012621326
7369,0.1434281115184278
7750,0.24411018917413554
920,0.253325008076554
8754,0.1383256696826414
5888,0.3800314934709385
8892,0.3792971994212509
1004,0.7108873624563763
407,0.34118312635162007
3864,0.2636831303839275
9434,0.6305360277397222
9929,0.7026344670785555
9448,0.2284560335062596
2805,0.16113840405651927
7344,0.40409854761281144
9438,0.4827404165275399
9371,0.2709531752644826
5979,0.27404106145579843
3924,0.3166057456604475
5420,0.4360040724175596
312,0.195419633917881
4865,0.4299174896223302
608,0.3280919695641031
4251,0.30255789145471385
3126,0.7930539208661421
9712,0.761435914273049
5823,0.25698494120556725
8174,0.30233929180632835
5058,0.6070533939721777
2122,0.34832887959548914
2109,0.1757893544417277
2311,0.1675808824878081
2388,0.751475316772952
255,0.36716001461685904
3282,0.1761724170364933
8417,0.17824501999675446
2896,0.40777232255714874
3549,0.43064916180794777
3244,0.29272909743034975
5139,0.17063960165271558
3882,0.31112353714191376
6178,0.46431249603736835
60,0.8101886682292844
2355,0.6455848808615119
7614,0.15114146008043125
9564,0.14451394480967156
4533,0.12970671558763683
1016,0.19629432414810338
6869,0.38736832901853147
6540,0.44869987379825876
2025,0.6299553360416474
3535,0.7575431932997476
8854,0.9160328111851296
9787,0.22119452928772765
6163,0.20470315595698982
7303,0.1332872911372233
503,0.18854777148541413
13,0.28942931177803477
9614,0.595447175809165
6107,0.3073201709676685
5435,0.8065433186918698
731,0.29284332648319783
3573,0.4683542722311678
5278,0.08905365111924175
5852,0.1472746010502749
733,0.5260866133419418
118,0.5405582998018015
1818,0.12481929379596854
3082,0.39440864092726863
464,0.42612172920092845
6305,0.25052244888194897
3204,0.22557611916992545
3279,0.5170004411600976
4990,0.2958262147518598
5220,0.6115673966984857
3616,0.8344261873110511
4819,0.4371046023274287
4409,0.4181942629629456
4791,0.7553677113784991
5473,0.4435303831344824
6265,0.2570073319201819
6619,0.21031172514254576
9171,0.6134236915525506
7522,0.1283222948784
8403,0.4915374454079331
8629,0.30368638859177693
2932,0.39278330735821604
4683,0.175076542281335
64,0.15498963078689823
2145,0.20375874149670387
1135,0.1611063543982544
7506,0.2667875731064387
4817,0.216539989629488
4422,0.6725915054633262
9047,0.5805114538244485
1225,0.3710764685514653
8302,0.581050813949543
6051,0.19390826688457202
1875,0.18190713837758682
9428,0.2198629011928048
7474,0.5917717000317133
7667,0.4375038444419383
5825,0.857941857822233
4426,0.34209454531837874
5934,0.2888726161816756
7205,0.30317778071220886
8080,0.20420185029796006
2854,0.2314450481911718
662,0.117311711499004
2701,0.5194993957702604
2739,0.5186379251069404
7816,0.3459898544953415
8937,0.20508022682270205
9084,0.0928479320361665
1935,0.8123630266181138
5582,0.7967297355687629
9164,0.41768491202307323
8452,0.4143867945685415
4409,0.3892742268338332
7488,0.7493718628419755
8417,0.35721995988183336
9187,0.42690991031267156
6010,0.21637451320083434
3967,0.4289090961572482
4404,0.14060848307131035
8685,0.3994578139774156
4443,0.3182990791202891
8349,0.10964402103113292
582,0.28277871622104434
5464,0.25342575651563226
7556,0.8266724014834499
8018,0.4718225948498059
2355,0.7425974432153307
225,0.3132536457750541
1522,0.19089934886869275
3700,0.0686290273081435
6336,0.655551982809601
8374,0.7075966647811287
4785,0.42998256146376335
5122,0.37998367402415
3450,0.3733760797718485
7448,0.7978090208930715
7378,0.662059352358449
1106,0.3510017791026117
6584,0.25013403140985263
1015,0.15822892950864684
9267,0.17944822712099925
2888,0.6903239055145419
6069,0.5888734868517537
7923,0.5179513649317158
2459,0.7805837018046644
4764,0.6054906032001561
3855,0.4198512936718491
4620,0.3377278634037231
2949,0.4195910407555748
181,0.2922246030174004
5458,0.4075591340146615
7032,0.7718237052959029
4884,0.11740280272224513
1375,0.16515469771337252
6153,0.4298641858120863
1069,0.7242649726236767
8822,0.8566936372810682
7946,0.6788062248819953
3349,0.2666583984917434
8788,0.2521953564948302
6714,0.703417288853619
6559,0.47020179508188975
5347,0.5991299983281436
4490,0.31465245793165464
9428,0.5302116784835318
1024,0.3266251350818198
646,0.1760016061776239
6469,0.08811257527551093
9058,0.735768324322675
8213,0.33946959752699196
145,0.8971849367942304
6631,0.31263932263711336
4236,0.44516965135298314
9381,0.9845821733210576
4675,0.28786190339295226
4149,0.20093151958613975
4030,0.9788966427135654
1674,0.23187991230953464
6555,0.47082798331548253
4163,0.24969151234744805
6151,0.5085610360979674
1904,0.3515938836180083
8749,0.19768603157204936
6160,0.31089010572244424
4675,0.32342048101835735
6469,0.33553381160688733
2683,0.2713134408802317
849,0.36883056342725823
8538,0.45822125353937987
1188,0.4834166406300376
1248,0.5651946223029519
8287,0.3204359060802139
4247,0.38062760082738756
7530,0.36389934637838006
8861,0.24496267264275937
151,0.8691829816855452
9092,0.11474049949139757
452,0.9427937436477516
6688,0.1963576746990579
6762,0.23848656158903675
3052,0.21679605725757992
3900,0.14922130342381917
4887,0.472445107854268
7506,0.21012249756547563
1480,0.8645920196663646
4363,0.15458464701440447
7809,0.2803885303658607
8247,0.42357351003671545
3091,0.30815929990432644
3110,0.2721431550390791
7530,0.9429845534165633
8964,0.243050850226174
7111,0.4919149403556099
1559,0.5865036310493534
5248,0.22401120089871457
3044,0.6874847102752686
9166,0.2956854905258926
4344,0.18986027984918352
5115,0.8697430798298325
1519,0.6866805944973724
5863,0.23844570776994917
9273,0.8430320256878647
9857,0.22289042987878263
225,0.7559049436052084
5888,0.20801116800821007
8450,0.34587284923147715
7694,0.7648732211693028
7760,0.41879491436932004
3162,0.4461209616569033
169,0.5331526432874533
3493,0.6211503748924073
2291,0.40490955597922557
6274,0.14898270655721732
808,0.14626627242016785
1254,0.44005469485419163
1497,0.11544710816771009
3652,0.6221864912424359
7144,0.6364919476974644
5283,0.12491545419421934
8146,0.3288428098024794
2771,0.2587992217700133
4236,0.30415652050292613
2989,0.4504157090643659
639,0.23981326096076874
7436,0.3827001557367023
6882,0.1790771058448145
3141,0.1711593732072943
410,0.661843720596021
4600,0.5223581415126286
8527,0.6249873744453947
6802,0.5796851098767627
2537,0.38977882036010636
1310,0.15673739814361629
1089,0.10082049003754286
920,0.6855484773487731
6690,0.41382541476768603
7313,0.395941957284501
9261,0.562070754210188
9106,0.38885295404885023
246,0.11034809591226374
2361,0.6633470359619482
7556,0.24496970858032308
8389,0.40135193161355937
189,0.2492869296154178
4794,0.26546405564027986
7464,0.880498748527243
4165,0.32004131223252935
3619,0.33315175420537124
497,0.6656094469101276
429,0.8771324171397215
4971,0.6266790232883299
6644,0.9896500934657413
7507,0.31633489801301745
3094,0.26351151924942673
5024,0.14271688515630696
5919,0.3572653326373714
1127,0.052052905466391665
7733,0.45430250382973675
7609,0.3600381672972629
4393,0.4423136500409545
2504,0.11541910255178395
5180,0.21992138501013733
6846,0.19155481124421067
9571,0.18409247642515109
831,0.4520310261554097
9950,0.5685146877854846
309,0.4422376951789547
4819,0.13964925706367268
1935,0.1593397342167789
8814,0.2137269485019274
5640,0.12746682417304403
118,0.27774547885628675
3346,0.20585945376712755
8870,0.10486665328346438
6060,0.21735763285454499
4323,0.3013963747934767
2556,0.28388689319311994
5778,0.8898416585515435
4917,0.44804642926474114
275,0.16743308422267805
447,0.29283191748687115
4663,0.6934904586646868
1443,0.123267869565185
2576,0.27828365822983175
686,0.2133455254167605
2096,0.20470058310611167
9614,0.4767012097870938
1057,0.20737917002422113
4829,0.8912714889290363
3399,0.5141089916325802
7809,0.8103090309050358
4321,0.26805400046834105
8452,0.4213514256131535
8726,0.18669355739434224
1610,0.15320642912266227
3782,0.6537002988532843
3714,0.3771402745296979
4597,0.33863691818237274
2083,0.4633964086741111
4600,0.46406503019415896
6648,0.3122108991791164
1686,0.25226435267249125
3616,0.23188751686435954
2957,0.3790250423216965
3149,0.33184835118354755
5650,0.5966676076109113
1918,0.684770187149324
3501,0.7415069683861942
9834,0.19939151049981557
2760,0.2238392865341748
7907,0.21655804837945128
8153,0.7889224045498145
2095,0.5755876850934587
104,0.6676113469317587
9056,0.17022209595444063
283,0.483631503990559
4361,0.6116282046687502
5447,0.4491767920743955
2427,0.07094641861678691
1089,0.09536208361191792
7326,0.412865393201682
1529,0.26700080020189215
808,0.2399058418486879
7832,0.6293610511526354
97,0.3173200543819
6644,0.1474727242583021
7944,0.402716119121404
694,0.07899991628009308
5248,0.11095061156279135
5838,0.40687274918430855
5888,0.15549543751166325
2803,0.16171810408613915
6970,0.8283082616822491
8626,0.563446875515077
4136,0.3391481282640017
4956,0.1881199282695815
3399,0.35652770570630843
3514,0.71256147210608
1548,0.22065208211945622
145,0.3515441463945979
3275,0.07613883544154595
284,0.30201082998695
7194,0.12036735197662023
942,0.23205870298778253
4149,0.5267226368444271
4713,0.13147052535498086
1816,0.43700786439734873
7653,0.8252466914840959
5035,0.2891950030836328
5224,0.5104638920999632
3399,0.6811345499662919
4844,0.21154455508823788
4685,0.173286592068585
3296,0.10320882012372709
3816,0.4603284140214065
7253,0.23123850818530695
4764,0.24794046979499867
5423,0.11954562315274725
6636,0.6638534027596388
8632,0.2662316297137734
530,0.35225597223716554
8551,0.22966044597413682
3570,0.4158844327364341
4244,0.28913091295161475
1190,0.34723585298398946
1425,0.45506289578424797
7840,0.8703087020732253
7607,0.1236616141355629
7986,0.5018969825571679
8452,0.7842703211923022
4445,0.19715099917057635
6890,0.24421139699601374
8527,0.3459586117486842
7948,0.2580800372849179
5765,0.17185101563922123
9602,0.23237492914125674
1231,0.2875517589426306
471,0.1749307505814134
5250,0.2410658916650208
2811,0.1080944249475132
456,0.1863753141328627
8616,0.23253953296874663
2727,0.5105857303832015
165,0.444436834069393
1246,0.18363043965975806
8868,0.5379749452481235
696,0.4126594121777804
2972,0.09241268162409297
9034,0.8919714456899301
3998,0.22268933510483627
6128,0.24506310207403126
7760,0.5127280307825381
7057,0.2282225424166806
8985,0.8105929077828047
1867,0.15253133743194452
4925,0.8115141392369736
8788,0.35341956584665674
8794,0.3441349485643273
8116,0.37086427570882785
1098,0.4605736167606951
7476,0.6392954309730842
9431,0.34260490286094636
8218,0.14760269286272032
2802,0.5928043565044223
2873,0.5519359597825031
9742,0.2705196274990761
171,0.11661995445376043
5607,0.6781378455056544
1816,0.13715769193093416
7832,0.30493435634484806
5413,0.37277638860118273
9172,0.484608028815612
6579,0.40155975897286383
4198,0.6262013460558361
1726,0.5250022221012749
3840,0.9330209427268327
6153,0.5237368771121553
7734,0.21797691612242034
9888,0.46075540910139595
9032,0.47718245655498664
9217,0.4836500635902773
4812,0.4260631077821051
9068,0.08567368100049712
1203,0.11626262670473975
8197,0.5961943627443685
6256,0.1521863664180224
7523,0.4091786277413434
8956,0.3281175361931927
1296,0.11543392563376109
4603,0.06260932198486069
4030,0.2886196008570197
5712,0.21091935826195377
5961,0.4675508582133152
2932,0.42789961454232567
5699,0.10826852553507489
694,0.4595477935427942
4163,0.4321215045368108
3912,0.5585070385707767
9203,0.13955232799837175
3867,0.5723993323269955
7761,0.25306617565223344
6681,0.14176427756857288
1059,0.23316688334949245
2065,0.2715800457807991
6693,0.33536549427299256
2095,0.8170533836414365
6970,0.17644409552048074
4829,0.30060979207304606
4409,0.2598969645318608
104,0.29350647364350435
8602,0.38598093304105724
705,0.9397907681897978
3253,0.5525859116179881
2566,0.1539757609760892
5574,0.2015147011235424
407,0.16007686700144272
9921,0.6279867365315783
2617,0.3839038208958967
298,0.9926759586639774
9614,0.2915599643384323
7324,0.5107635757091115
9188,0.336560737380564
4406,0.28259958348216124
9445,0.3445772151352194
7923,0.38189453678279145
3044,0.2219220628803312
494,0.8850226564289163
2553,0.4094736450873
7065,0.2380904776211642
5130,0.5593257335002475
9887,0.26843991776151227
8749,0.2874928634318562
3960,0.1862055417288314
6086,0.2469792963529736
3922,0.9476896590593737
5379,0.4020380119668568
5347,0.22918601978338116
9062,0.1993170183151512
181,0.41172869752905594
2316,0.23347442820602163
8001,0.2791693635139394
1097,0.5857596968815758
4213,0.3049326406902987
6951,0.2906610581905289
7734,0.15248951972524738
1504,0.24555040463230401
174,0.16301080364993858
966,0.2816482466504278
5687,0.8395798367322236
1173,0.9933934100038424
4115,0.3661472440240335
5641,0.1710132748671591
7841,0.3459716745202781
3660,0.6176871858227136
8705,0.8414758689399275
3048,0.12576022529707032
9316,0.15813212661236217
799,0.30465828455171856
4444,0.07697951631341962
7106,0.39921562164683877
2785,0.2489650821355074
9729,0.2906321451435433
10000,0.8784547187857905
1184,0.6018369371773232
8509,0.9921145265488593
670,0.36313169922441946
9909,0.1510389656439273
7344,0.5615985114736707
5194,0.21609921255214873
5114,0.8655210758845754
7168,0.3412935842352968
2853,0.6157090134370043
9629,0.5235660252978627
3754,0.2518473212765707
8153,0.542398267034209
5778,0.6618339510608018
1837,0.5929520957241597
2083,0.7450489655552435
1135,0.3002814089857929
637,0.859364388833836
7539,0.4198016546024993
1088,0.14201480839167863
2656,0.8662906769416538
2501,0.6338180441726484
942,0.1575289450530587
7993,0.8207152036072937
2978,0.21874888297023148
3116,0.4890912995328508
9134,0.6030847971066537
9172,0.3405571628129816
9673,0.9675487285260268
4763,0.14733921443994516
4018,0.3019629788122478
8497,0.23133822552930342
4055,0.2659412169819628
6100,0.487343890790476
8861,0.27084544840656966
6970,0.24095999127197876
6751,0.5425759130376129
5215,0.6156105338944007
4733,0.26071105048210336
8868,0.46101695352716754
3907,0.40273374195225364
9106,0.5945907224585725
9015,0.660993211964883
5492,0.24763874056420357
7813,0.24361705099271816
7539,0.23632568163649303
7302,0.5997221751995132
5651,0.4819127663928687
5825,0.17712813501394142
6013,0.36040915408823626
9331,0.1729702447055811
1289,0.2539430293346814
4943,0.5855409829138667
6785,0.4335655377590694
8977,0.5958146927171714
8877,0.15714265702958585
3146,0.12250393685754779
2588,0.15845417636134784
4794,0.6168508517400452
5860,0.9360266432997051
767,0.34857487777326335
5913,0.47158521699422706
608,0.573905006305027
521,0.48560947507544455
2309,0.28454086708432386
8323,0.29906184974204
6319,0.9821990002140364
3449,0.294017500030789
6063,0.11763551209146496
7719,0.2514146510091057
9518,0.6975298597811272
6693,0.30300980638985914
8356,0.6504393540405347
6043,0.25188625649390683
1380,0.4685340584559249
9047,0.42091168804518286
8797,0.12789052710520782
6688,0.7332542389180244
5762,0.28895162441803135
9698,0.742906386288972
2004,0.552776522186255
9128,0.4420809048028441
2241,0.5093236349036094
3292,0.5717112549381596
6728,0.15150878208985422
3905,0.1910450825853452
169,0.4411997955159449
6909,0.5818677606426735
5779,0.564480518867828
3187,0.4974365900443337
2231,0.33212001417942244
9421,0.21689996653366075
9172,0.29618214830125356
5215,0.942061853833094
8973,0.46274819895498287
4599,0.40896177032858105
1424,0.3100602962117178
6740,0.31613350848846333
894,0.20303088336775757
3207,0.21801587328122124
4096,0.7029401272088751
9459,0.501370882428599
1956,0.12700793728925114
8305,0.9035614350507384
1687,0.7727299920087659
5449,0.5285181473301077
4547,0.19649080116271217
3871,0.3094154144102192
9650,0.1632662367455767
8714,0.30181196528366405
2231,0.5058057769933895
7327,0.23798145766057424
6027,0.29380598543746084
3095,0.6436847343763983
7597,0.325256699124844
6461,0.5249040496037308
7194,0.7926623078425928
3243,0.1562786269085298
6540,0.5610449508049197
8820,0.1820542999291335
447,0.6577862493349342
1852,0.34629219218140067
3290,0.20384025678713202
3071,0.058092480483722696
9034,0.13643073352985113
3257,0.2865630481786523
9595,0.17291525719617595
4226,0.7652903374496304
6077,0.5422732142193788
3146,0.1032459140758736
4985,0.31330846913580535
6799,0.4111759942924504
2074,0.4307359107839147
5034,0.5040920342950646
6225,0.46614885119684474
3445,0.1464260752453251
1341,0.13761015911682706
854,0.4156135600308544
9671,0.5364951682433864
8339,0.3784719105235005
5235,0.4318116051459543
2195,0.3337295191745692
9758,0.12214542995794399
9618,0.37137827542049834
7013,0.8453639484638816
169,0.33817926281852273
8419,0.49151706839680886
7326,0.5471191697258303
1545,0.33055808081683735
4865,0.4715537729548898
7021,0.3526431445012768
9834,0.4650840636646016
2931,0.14208280937907564
5397,0.24930578100893136
7324,0.14059645526222855
7551,0.2539316393150595
3745,0.5072760329258449
2069,0.27688275928212575
7252,0.20013599139798838
4209,0.18791552403602088
7761,0.30287741197240137
6351,0.3290146485056816
9600,0.4381450926729988
1353,0.6512696075783111
2487,0.5967552628904916
9512,0.5235011426248206
193,0.2672848118277235
3807,0.2936543649151948
5194,0.6659540298975128
906,0.371087038211277
80,0.6957078341424642
5034,0.17978185279806594
1589,0.3346501969752214
3431,0.7096118919632236
4084,0.19808838706713272
9098,0.34634165859139426
4889,0.39606130848637405
5937,0.3747948713909478
732,0.31023747823946213
4648,0.45196560693723514
7449,0.39932903043205326
7171,0.23183614801894462
6070,0.14848014911381946
8030,0.25535165510958424
5679,0.5359142709916889
7770,0.24624127319755018
1973,0.6575581527061258
2943,0.1698632456428552
2446,0.1682366626201857
7087,0.6629937110477707
1886,0.8113518885665699
4643,0.31400220855393113
5852,0.12978501103563514
4773,0.8163261681281337
2760,0.3643989668814293
6105,0.14799811866658005
2775,0.22286788509041186
8409,0.3731160785256574
2954,0.6480031566479231
9630,0.7440766311300057
9173,0.9574174772136462
4554,0.2402849423262833
4106,0.1528803593883896
379,0.4153847820528425
4708,0.12530995678402906
1112,0.4781036865179375
9139,0.14723735718238964
9829,0.4504084289822342
9054,0.4541264326510523
1797,0.1846362799170048
7433,0.15110332493462042
6194,0.4435144249361613
2133,0.32308064135035575
2742,0.7721647653064907
3669,0.5692833834304293
145,0.3299765999665935
9949,0.5816143213581126
5679,0.5190768884111095
9047,0.5077643689009665
6272,0.13733715027815369
9600,0.25656679225145873
548,0.1385575062364465
2477,0.1608901644270302
1093,0.7338654098524332
9385,0.3938264827020182
5423,0.18189333697696386
7035,0.914738687295112
9431,0.10415649856962736
3980,0.9201212326411939
6032,0.22812812636601215
4888,0.11064230585236758
6194,0.21418615973414362
4123,0.15287759152850752
7191,0.3716194679786625
7900,0.30838523940413193
9546,0.32524540734191343
3700,0.3250509528909413
6830,0.3329780957940071
7170,0.32797327900781165
4663,0.30236239662674
5752,0.34171294997165075
5730,0.3577927528362801
4823,0.370093505977176
1973,0.14376460535862545
5241,0.28378170443377676
9469,0.24028155036833587
9171,0.09398178720688728
8941,0.1074619933552505
8578,0.3088189737126162
2816,0.17090177164222137
8717,0.30794744699174187
9488,0.5251055517743716
2811,0.6182728794773675
8697,0.9033665686572475
1248,0.582029327043588
6340,0.23826008572333013
5890,0.15309755183159873
4180,0.8481338802513327
2223,0.2963542650620305
5754,0.4114333054605145
4133,0.18233143567773064
2687,0.22329003588312016
3543,0.8318283520412365
584,0.413678482782921
9749,0.46298090854578955
8216,0.2705011365710862
4320,0.6108303954873356
3110,0.16675284321319614
8301,0.8635457392062761
7843,0.11799199183701367
4680,0.1042617190097805
6153,0.245255780694089
5241,0.2340961141363517
7397,0.4038769471535458
7770,0.13950126858489595
8526,0.4367324412335857
1454,0.626745660768667
2500,0.748418910544342
1359,0.5951913148951979
8705,0.35263694262296735
2357,0.14179481940615607
1634,0.8401304933419962
3204,0.8884567740659607
6973,0.5418419898229144
367,0.7941092592081446
5170,0.14022469647835786
3449,0.6362908453774032
6117,0.14911945052334682
3634,0.5435886643336246
6550,0.21021008940882474
5044,0.2769683871347227
4639,0.4670384536794123
4917,0.4449260080747764
8102,0.5321050459577783
7354,0.5928164977260474
2019,0.655607473531865
5715,0.2401546726149954
4054,0.14904051773618335
5326,0.6123285051602615
9086,0.09205352521525
9452,0.6445095643830487
2986,0.3174672652835328
9997,0.2558626583680435
2615,0.31068124556006815
1364,0.2930432054073989
8782,0.2789487175704618
9893,0.15653992142490503
907,0.1316229486492403
6093,0.27591829805013224
6710,0.68350669349193
1651,0.46719264247156433
8373,0.3161988001252975
7013,0.5656432573943921
3344,0.32950128951878793
210,0.14800078514286485
2397,0.854597066501535
6684,0.14981938093251895
5301,0.6527758340149603
2226,0.279765454353381
2957,0.4308592240701804
7770,0.547640965136358
2621,0.23530871257331815
2609,0.3907072021036057
9217,0.13806587349001395
2496,0.11119133837444499
8603,0.17553672276444818
3852,0.40155850040822605
9808,0.19809281301332285
8098,0.3008966373455145
1440,0.4589229839385481
7001,0.18242840961138745
7168,0.3083422030347857
8485,0.3721458726510545
2016,0.49760100237749283
1489,0.6037511980553939
2401,0.47876419922214436
2819,0.1630752344659708
4831,0.33223700128588995
6550,0.1509858973958875
5303,0.9765746641740984
7685,0.9942190563529669
2220,0.5572155050941008
8424,0.5944494761184653
5412,0.2640560406870821
3925,0.15494094148873558
1371,0.3110888221137324
7320,0.18554135571050684
10,0.1330363085518605
6419,0.14167863934067254
3344,0.829693201603795
4935,0.3777013729151899
9515,0.2834777768960513
6495,0.6806348805872824
7597,0.3789973629796101
6448,0.1714935365796134
3838,0.83000320741375
7921,0.07709915624699118
4706,0.8725532889879943
8515,0.23371669574615384
4086,0.8450264668072726
4817,0.29367994621065646
4226,0.3630252044996439
8877,0.7435711098702393
6584,0.7615474098987771
1131,0.16655758134062593
6027,0.138622127010344
2500,0.20713706730470832
9834,0.12539211376781426
4023,0.32634143076310235
7219,0.39965997541561993
5762,0.1778531876130208
8373,0.3102889188831932
2566,0.42629968291464065
6682,0.2907484627429248
6456,0.3776421124516165
5095,0.32670272525959926
1480,0.28173558039445984
4605,0.5929054608857743
7300,0.17332552376169777
1480,0.36420200185649465
7926,0.33823858025151793
3284,0.5385148802369648
2124,0.6709907967471785
1816,0.6652308254005963
1284,0.6897343761838979
7144,0.2945342450934822
9024,0.48917549914475017
6238,0.13632256988134858
945,0.22584986326355103
7926,0.777396164886304
4375,0.5844121988921283
6082,0.2536827877038484
422,0.1829036353061003
4713,0.28259818847822477
1651,0.35615703411586647
101,0.6157822979768073
7461,0.21997373594394565
3404,0.3909988709697861
1213,0.16269705852556102
8575,0.23776065297026527
4733,0.7247204119379905
6754,0.7579089386811498
3965,0.48911491641871446
5532,0.07901394574406412
6464,0.3087810054729874
907,0.4591685821743006
6304,0.6818961573690538
9855,0.6558712220104258
710,0.7975059928754014
2117,0.4729723195714386
1603,0.16277939451794726
6504,0.7749771536671015
5629,0.13397305552396685
7574,0.9690262449388346
3745,0.2746365969889918
6082,0.7133010282634765
7042,0.9469200902401119
9293,0.08425344939756443
5048,0.5740962721670895
6550,0.4740773346217483
5740,0.7684295889010058
646,0.3153423265785022
1886,0.5657890551418641
6995,0.34368540110369883
1033,0.5620192323094204
7921,0.4774059769626471
6690,0.6272823315584816
3403,0.6344064147635585
2716,0.4363722302166067
1327,0.7564754009811832
4581,0.37037912407267903
1687,0.38662179271191993
3377,0.3719999888298553
3560,0.6413308897416006
966,0.8604387752007957
3339,0.28236997222591176
6483,0.705758123105163
4955,0.4737531908433835
6290,0.2409866787204538
2759,0.540736522067018
3489,0.5032565376618099
3684,0.5895369906231669
3998,0.5561267817296128
4639,0.3534267006960874
7745,0.5013120352069097
603,0.33300321633846214
5979,0.4090918931972597
2899,0.6742135980654985
453,0.1655336775508579
4902,0.5611153793602666
8714,0.34124175266077766
4249,0.30424475910871557
8274,0.4468185554222052
4448,0.07741273679419149
24,0.13128735516663903
80,0.31480188736476594
6425,0.2340735702111522
2775,0.10463866485330546
4463,0.39154387506335114
222,0.44926231838046515
74,0.6588530408936428
9670,0.16018568272329653
3204,0.07408492284972407
3243,0.7324261939507929
9331,0.5512293912062864
647,0.2193416533920069
3845,0.31259726268069604
5671,0.14334471351790623
2724,0.3057651749332439
2300,0.6717551539266059
6272,0.24501223865871788
3995,0.5833027890755347
2512,0.25869856720436774
2112,0.4562730768182752
5114,0.9293686453535033
7396,0.22920728566385712
7377,0.20462119216913646
685,0.5606560414063837
2742,0.2158106393503123
5043,0.13985594482050231
6003,0.3404163963480114
1278,0.2977219426437499
7167,0.263621102139621
2394,0.1659799083741069
2060,0.22697546744240274
8905,0.6994904976425066
8390,0.17453190393097773
1807,0.6953855877514541
3303,0.2054507103922207
826,0.8092134016771496
1014,0.34637857501042835
3479,0.7576054089859793
8018,0.32401530152489055
8926,0.6288498275393547
2760,0.36324262285799264
5075,0.03865573779029244
1004,0.3678552260355564
8915,0.9173831646292037
4767,0.2683797880909284
4967,0.2594527688834401
7354,0.6147700014670806
3893,0.2661942859499554
230,0.4947413357108592
4817,0.08443436292582003
8444,0.3776110660222174
8875,0.4211466552751344
2163,0.5768816478182033
2291,0.6050161182585289
2108,0.1514158493465198
3360,0.3173809667335605
42,0.7530781109843321
2325,0.7410646241117327
2398,0.25170837098576615
2120,0.09497158743366166
6912,0.25607783868719597
811,0.22291919234113908
8009,0.3156148833188901
5291,0.16607553463739338
1212,0.25100230006069585
1975,0.24043961214588172
1533,0.470286092740956
8256,0.2539629126805536
7645,0.6821784856395807
1566,0.0906555078316009
2131,0.3580443319922484
5033,0.6849003341462354
8618,0.47024598721602406
5762,0.3471484143528358
6188,0.3033479281249781
222,0.1817512274888927
5379,0.60373956719305
4378,0.3812406640668683
9421,0.2750645858274136
2594,0.869131144692851
680,0.3310288672978448
9401,0.1395585178884996
5849,0.6332761930058745
6882,0.3578014319987429
9694,0.9032985607023688
1119,0.21389809090181944
6989,0.7376453551228683
4465,0.7696424933440348
6909,0.0943999316223937
1027,0.36190613791981147
9914,0.5972904782833796
3315,0.14003905326532134
2452,0.4135532899617956
7377,0.0786833032158773
1907,0.09620095456655062
9838,0.5380512815515236
8958,0.876775112935973
9488,0.2862488858862935
8344,0.43342558562103306
7788,0.6192349670822763
9217,0.4102931108103524
1023,0.2692595212674049
9104,0.18376801014328067
8780,0.3972945355598185
4851,0.5186405760439368
7719,0.43688449610090324
9965,0.17972124987610305
9775,0.22252944798823315
1955,0.6887854652864613
6755,0.3660266001874602
3549,0.17599510996140885
8624,0.8398877117697638
4919,0.21380725251302232
9088,0.5719168166304863
7194,0.46193424414018597
1173,0.29804404402713836
1322,0.8862255815824223
7797,0.2763505396032096
9712,0.8910944370411717
4084,0.1301703694606792
4833,0.6971347340005812
4950,0.5406515803253175
8360,0.24537862882129277
5559,0.33346300375495175
1726,0.8779228851054616
8742,0.1537336460600409
6077,0.24536058089106752
31,0.7077142125830501
5643,0.24811222087308515
2819,0.4455156092215227
6139,0.27373604425597475
244,0.35453414142373735
4572,0.2821227892137366
8450,0.15549934206120494
275,0.8374897535500598
6107,0.5547605375791779
614,0.7645366831202499
7113,0.08368432578463487
3534,0.7268397101396689
7677,0.3210702385755282
1566,0.1156181018327813
3772,0.4385668751264065
6390,0.49142278636851
2839,0.49030544129060394
6260,0.6570119886879608
4096,0.7167720972340516
5116,0.7979149052170721
7780,0.6020541858507713
9512,0.2272527218069059
869,0.4432399815997927
4112,0.5200118436183128
4981,0.13299496229299534
9320,0.5828806711532847
8274,0.2531373310615242
5064,0.2970165416755381
1124,0.15615701944446161
9068,0.9556231734809165
6950,0.357227680454004
5095,0.07573881370227557
5893,0.5686646503018424
7803,0.3176106873161638
4734,0.5307389802676852
4643,0.6760957208413187
2263,0.2903298455979699
6000,0.2099583224097414
4826,0.1510115652734652
578,0.28669194184949465
6690,0.3650370083129541
2957,0.6006228587102054
511,0.33031430816875373
8835,0.20547029140059597
2094,0.1920804891612394
3721,0.45360314949143443
1231,0.2987875575315745
973,0.1900588989515484
305,0.3238695373310913
4804,0.26988135232218846
2417,0.7294468113180772
6698,0.30451288595236486
2721,0.5321280456890893
5434,0.20013847970209728
4269,0.5168162785619964
3016,0.2744849322901946
8139,0.8015721183745073
5979,0.24443827990906616
8582,0.30870906618782945
529,0.5042051715547775
5635,0.1696928480108178
400,0.6313768051707838
5255,0.2624091983921794
1264,0.8433087068279574
182,0.5939572166711242
6615,0.17958097802025558
6820,0.28783930249793355
6431,0.214942937345252
4882,0.21457029243811881
8256,0.1555891380640691
9710,0.5419970880859495
8159,0.3261776765684505
9669,0.2309190103215433
6260,0.3258180837074398
2970,0.17831290915338963
4089,0.1855180980935839
9650,0.6687999161777168
440,0.2666281964812918
5570,0.040472918074974884
3250,0.6733379221053801
3707,0.2463723056941628
3254,0.23487367426431124
6797,0.720273672750189
7886,0.6001837317794989
9057,0.13280483125035106
5581,0.27996817701510635
270,0.5361446750259476
4963,0.16777606523356509
4198,0.11325565337132537
7168,0.4017997686478533
1829,0.8508182270828134
535,0.13574100666700242
3588,0.9615801554547009
4589,0.3140648746622405
5455,0.1948311131721017
6551,0.2062993422866463
1974,0.928125341396745
5028,0.243373828299823
8886,0.3047881400801259
2536,0.9818960802543535
8621,0.22438891780402448
9045,0.3356632254744226
1131,0.23418119900807383
7944,0.4092372191032715
761,0.4740956176369995
8497,0.32146873527812847
4577,0.28746098869938896
5460,0.21823355209673445
1359,0.25975813100306744
5956,0.1091877882210695
2495,0.1581210715176668
389,0.2916360475489094
9505,0.33229746955878814
2482,0.3431620834367413
4231,0.2977934556654399
4589,0.7384323288971625
6724,0.4191227852428296
932,0.27686414186854863
8101,0.2821533284738234
1440,0.2257349476405247
7254,0.3459226533730192
8621,0.38518028516994673
1898,0.10978723996367892
5193,0.19812960996298956
9732,0.7197575893374902
5762,0.30498982294637694
8782,0.2398295624547654
6679,0.18993158963127618
3903,0.27852810441926434
7817,0.21673146846459065
8025,0.29831066457193345
8789,0.19971826780980736
7841,0.19667423888793403
5632,0.5151345331466076
8795,0.26826931383083413
4147,0.19135593195146625
6209,0.37275471045121167
2621,0.29836205010736855
9381,0.631353331358878
4713,0.7697931250212955
4244,0.3079597237240823
5490,0.8351259765787262
5071,0.4316358049359505
548,0.3560348229712553
7448,0.8444874691044186
2972,0.647786572759872
2742,0.1413142054744038
361,0.06342658419547126
4589,0.3254666720748226
5777,0.44857370389967305
5466,0.5308720086522674
7993,0.3662312409686716
129,0.679037697910758
2770,0.6247607453193471
6158,0.6867313353135166
8224,0.43922292649313693
503,0.13590532592233723
8173,0.41572855902522593
357,0.6328714755529113
2994,0.30462103135532503
5799,0.6665363851728948
8449,0.18030026040979777
535,0.18124117747144303
799,0.15033380551079037
3292,0.28291876283273387
469,0.27980389580759457
8275,0.10669378614042214
7390,0.19336645082790457
6001,0.20488167068560947
754,0.9243049658174849
2525,0.23676835912056826
255,0.31524310338933464
8189,0.9050144896129879
4816,0.11945425881034764
5570,0.8727263540458882
9668,0.08559923001139226
8423,0.22532276182983402
5649,0.5223777936711335
9858,0.5039526637217029
4709,0.5059269768233509
5543,0.3987098952058213
4056,0.384297424736195
2456,0.3139638051798883
7495,0.2895350773394537
7685,0.28568862260396616
4490,0.44177936282059305
5502,0.5629132188362433
4751,0.2684483346800693
5444,0.8611771829717179
5800,0.519450793136373
2411,0.9627844984771127
4118,0.4533994797955847
2619,0.9063124253187639
8843,0.8960277392556918
1712,0.07452460950477423
8255,0.23566594651028383
2433,0.33760403459539046
4194,0.1425038798427134
1937,0.5963458591659584
9741,0.28037062413484354
8233,0.10931148170256236
5777,0.26283228445320633
1359,0.8636219391611785
2669,0.12707180212641925
4406,0.17423518957310183
406,0.3266561872594572
1115,0.7944900998830102
5291,0.6332324928492922
9758,0.533656004521838
6310,0.5604543916307925
3333,0.45775712557672377
6628,0.504417109066494
9040,0.21995120490286002
3796,0.1379343712667923
7342,0.44701071088584227
1105,0.21304177732249646
4772,0.2401960136475415
1127,0.43615550503094014
6615,0.13001846220157368
4532,0.6494365356067041
7254,0.6541384486418376
6870,0.30915783200150027
4136,0.9996360622522936
8183,0.9800766663961408
2811,0.6883434412456869
7734,0.25356299059622417
3450,0.783827660850758
1602,0.5001078184152862
3432,0.3820374201749583
5853,0.34215350320829574
7165,0.37931750597837605
3284,0.4335632021719026
1264,0.3205317370013971
2200,0.36829990222633413
1602,0.1860461330587752
4249,0.18652674721818183
1675,0.079325330522465
6091,0.17215754802072586
3587,0.7317502862578399
7097,0.24794353742062478
2154,0.5034827781097093
6193,0.36122875833915463
3844,0.7964624938032772
132,0.24131373521086494
1829,0.6481365704669999
6002,0.2817614870242185
8510,0.14035897650043017
6844,0.10748085452976372
1757,0.8161301716242808
34,0.45609475290710144
2433,0.6183484067880601
6615,0.3594989076544487
7856,0.37341239123937736
5325,0.15406489531356182
1849,0.5653696126900642
1501,0.2944938010081142
6005,0.259160687077051
2213,0.20572294657582232
7025,0.34800242642073326
2931,0.6959573782694924
1871,0.13499471987071623
2858,0.5581904007313653
1326,0.24451651745418684
3784,0.8421934590358297
2025,0.5848189100982603
8274,0.14315562295366577
9470,0.15986470224655616
8680,0.6239094569710193
4209,0.8471851259063168
4505,0.47918397086322506
3576,0.5265500099661189
1032,0.7352814239362836
7989,0.7023275024396678
8276,0.6231480171576501
1999,0.2680571918048785
4768,0.47899633071899095
6467,0.3180754975600696
4767,0.09543408190949915
2647,0.36857797222843963
3823,0.4779409561037996
742,0.2882159302091281
7565,0.21186983805644427
2263,0.5946051483103652
6584,0.6369746373752548
3253,0.2748748320410534
8488,0.49103625448626986
4735,0.8578166261312233
2759,0.2885860418036101
875,0.2846050562797342
148,0.22578671257797953
9006,0.21567056120168873
7790,0.41539222668901027
9550,0.15035938847372757
3919,0.4531370438919465
6615,0.08725926058138328
6978,0.5002648200401125
7568,0.3295760668982724
7457,0.9094797482640232
5721,0.23411957804127898
3824,0.1129887600678542
9002,0.2956395746816215
5042,0.33117282566776485
7824,0.3024986687705855
9208,0.8881985330772328
2888,0.7115538984227884
3212,0.12718471857508795
1916,0.18230897749418393
2124,0.6306550626349213
8444,0.3414994078677535
7630,0.5622899385816196
2878,0.12552942781964713
6084,0.12438713925680459
8488,0.6705334391846195
6740,0.239913026240697
8879,0.49374454664793704
1053,0.15526316421925707
1878,0.3389233990523591
3296,0.47703169188261085
9730,0.317411993969638
3934,0.20272905658515208
8715,0.7368845436787934
7001,0.7346555132671309
4496,0.2318786909094516
2002,0.11210845424436355
5221,0.47686142527862
9199,0.36500727067533345
9688,0.23070356539216674
7546,0.34139323819793305
8321,0.25108748797473723
9077,0.23187191157295448
406,0.4991521237077523
6073,0.21431283949988975
1353,0.29212058371085514
1380,0.43583212637874125
2391,0.09465635092553458
9939,0.3507271901855546
9512,0.4320393224794468
3603,0.5369856888053156
2213,0.25212975098092727
2835,0.2874436204896818
4635,0.3490166214486036
7965,0.7638399821441971
7474,0.3460830120292636
3030,0.0938102833957018
9499,0.28345903988835724
390,0.5398812177533856
4985,0.4635276295888528
7575,0.6876983172614506
9753,0.18125629412497246
9546,0.10466136703714146
2811,0.696704917416684
4017,0.7340839052663891
2209,0.8399551606707193
131,0.4447454413323114
2619,0.06732093188678402
8544,0.558731271677887
26,0.12106456211458738
1935,0.7492236530486011
2850,0.13934630955074234
2582,0.9416442604169989
7097,0.3138775241522902
4086,0.28094679530459066
4373,0.1676143125593018
211,0.24421711585528208
8041,0.3942857402926723
3362,0.42111189901287605
9323,0.1924380789430751
5914,0.27785829155402
3865,0.3885256233066687
7191,0.2186290028401156
1311,0.46924551416051413
595,0.6007469800365839
8715,0.4876157877916952
3772,0.3921924700555445
589,0.5777271531951019
7609,0.3783452336079018
9252,0.6984141496890335
8767,0.1769393255210641
1147,0.39921890922451675
1793,0.18712668324132398
5164,0.5765380147668315
5715,0.1601589483304412
5760,0.17160685922605695
5627,0.4418926306212616
5979,0.1927857980821657
6384,0.2540879349991217
7745,0.13777579107136537
8450,0.3771751579194637
1127,0.22023732667164087
1497,0.9912860064725002
8241,0.6486303039293031
5893,0.23395964563936467
9303,0.5064866561941191
3820,0.17315431740284348
8744,0.2301825742721448
7660,0.2131181181105075
6896,0.6744378410564704
176,0.8370878807240842
6909,0.36540646089263473
4287,0.317633550686958
9799,0.2517973538798278
7717,0.5729569209121723
4851,0.5355896044937684
1863,0.23788254271290984
5997,0.2418826888975638
7959,0.5404726412060716
6095,0.4374450985300632
6693,0.1342765358221911
7886,0.5514742496495354
4902,0.1751449736350513
9893,0.5216081481636287
7824,0.6469167453413865
3603,0.661435419397078
589,0.39934881410720036
3253,0.7162473833943144
7270,0.9845326408407858
4513,0.22618699769135509
1579,0.4378533893838381
2722,0.6948242795114473
4168,0.8825687249839568
3740,0.8646689968121412
7300,0.36951373592670184
6100,0.5089862624155935
4581,0.43017758851592997
8799,0.26979605712306814
9734,0.10304898477384232
3959,0.4817760775493405
6082,0.40933558051285307
1317,0.3441948613231211
9309,0.9377846248653097
9665,0.1547564199549743
9012,0.11576187579633605
5779,0.21481107674013797
4096,0.34594552970007836
5754,0.06814350780117412
2592,0.37537216591082917
3563,0.7879922533483017
2553,0.136005330153272
3826,0.24923573954332295
3868,0.2786192263026079
6411,0.33723721419492725
1881,0.2829903450505855
222,0.32166894739331353
3089,0.4929601691216371
5281,0.4074553763612338
4330,0.1730367690719371
1059,0.4468962130217767
1098,0.26355016965724576
3017,0.09066706030338365
4523,0.41662333721476097
3479,0.3465363070364709
2949,0.3439508730945138
6529,0.37826380576998986
4772,0.6361821099462412
9650,0.9448095656564907
4826,0.13169198585588432
6431,0.2906649540232671
6592,0.2802050039377275
9827,0.1802727970611577
616,0.3980717562065568
2566,0.17928872233901164
3151,0.09436255642956559
7979,0.3002746698429767
4927,0.3360358513025265
3593,0.13607729790891673
4751,0.6989938650907525
4489,0.3916719281433586
4870,0.45188386993865853
5891,0.17122026408249208
766,0.1030347265905067
1214,0.8569877277699032
5256,0.28406794742771646
4356,0.2976288733868903
3738,0.7302085665507836
4915,0.3537020602832219
6789,0.1608876946849231
2759,0.5400620371692644
6755,0.40278697890585186
5553,0.27369379131772725
3903,0.2640291180569182
6973,0.7760077397251923
6458,0.44290910797626853
4089,0.5628746857959426
1056,0.35799440358757423
3752,0.15194728469032923
1140,0.12404370512591956
5104,0.5751686951569648
5143,0.7937479120751953
1817,0.3289750821240336
31,0.24959481740213246
4782,0.10779766972686164
5022,0.30574030022350335
7100,0.21859475516965202
2110,0.12683159089707927
1244,0.6950467546025052
5914,0.28935561801923104
991,0.417511474316921
4515,0.504131634276661
6927,0.14116694036756366
7289,0.304405677231764
6462,0.12136313591106322
5006,0.3086876280542417
4928,0.6121595990754684
6868,0.8400659090760868
578,0.8207737296856731
470,0.4588892642274641
2173,0.16443543891558696
870,0.576426719940792
5006,0.26502225127993145
5416,0.10283338418183649
7168,0.5131402523133154
6861,0.4062293195372243
934,0.911262086106661
7538,0.3267572783927547
6896,0.5117421967877408
4471,0.6539677121799137
7855,0.2929754530485787
6390,0.9485850676245448
2610,0.30276508277701764
2200,0.6645131850552416
1003,0.42150418707364873
1025,0.600200309914916
9657,0.19472626741487514
5449,0.3452437730612372
1307,0.3791961504485192
490,0.5975690395826507
3824,0.606900504635495
9459,0.3649669230859191
423,0.22729465924735268
8270,0.535111103071335
8564,0.23970836850804528
2110,0.13506717943210061
8906,0.360312022359863
5958,0.3693335810273277
7294,0.6930537707678462
8084,0.5788138639133584
3920,0.3606134296645545
6403,0.445313684644247
4012,0.6605123428328251
789,0.8540536505787428
5205,0.37109223037148037
26,0.2730200915276425
4240,0.7637134172657346
1064,0.41356026917854666
1322,0.1735826663007804
7364,0.9723520556018015
1096,0.8956818078641813
4270,0.5338774699846164
7320,0.4023799599996913
127,0.3259096049203075
347,0.18873676161860387
3603,0.30871933050586314
3949,0.7398544818239977
4938,0.21757774124298704
7584,0.3254285625653524
1530,0.3300948695988326
3326,0.18261023437619864
2026,0.13350688999916163
8083,0.42552557050534473
7497,0.9923948704791882
2072,0.41274001268808436
1110,0.22219020608211107
8550,0.7402743503258772
7986,0.46567571262347973
7479,0.4253185955830671
1650,0.11038789294327084
1881,0.16915781751834047
4772,0.7382915333513487
3426,0.7033902203334179
2859,0.22585785374160902
3686,0.41608800768976023
3714,0.588588293438643
4006,0.20626105550675813
7711,0.44958416962695485
5511,0.9489457412559693
2632,0.6533913183717728
9626,0.5351032003667677
9914,0.41381947781734096
4259,0.4081691963082975
2879,0.9771902767243792
1917,0.3229955791192099
1025,0.6701300231362132
3685,0.4685906030556939
9208,0.6095239034609408
3142,0.35154524057162223
8510,0.4478502377916108
8605,0.36305165926836913
1371,0.272124873672081
2734,0.8044542014747917
8480,0.45449877925332527
9086,0.13659031919890333
9756,0.262332429429221
7130,0.2490979264437612
3973,0.13874448110026952
3588,0.28293402356509095
9684,0.603550892917703
9165,0.25521037540045477
5994,0.39775389960856433
7059,0.4237322291978428
6539,0.16392071457983323
7125,0.31898365272853074
7205,0.27049361163556973
5538,0.7767721968273303
559,0.7862714322541673
5891,0.16651171619699517
3002,0.24724365137519752
6483,0.6857236913178999
3844,0.22170417158401914
7025,0.8188091572855554
6272,0.9041517070082108
3286,0.6136309106959628
809,0.4345116765998238
8734,0.793943050189832
4054,0.5223109264560171
6608,0.25549105710573294
753,0.9204297845413464
4195,0.39110056885964156
4375,0.2237553407214428
6257,0.1290982669986251
7557,0.35609736392076724
2733,0.3541499882474133
6964,0.5396827352376482
4915,0.5460976449192438
7215,0.4418889864912476
4928,0.9753941477106594
133,0.23839455324479825
9006,0.4884494187192792
2437,0.37212985035368645
7053,0.5894082897913144
2094,0.2653742131222351
8254,0.3727979541641772
8725,0.9189931149041034
875,0.11735648458220597
7289,0.30540168753288877
7882,0.3249774320061801
7344,0.1954694838924304
8794,0.6590186283411607
3916,0.40847121399368036
9881,0.13459429628077993
2200,0.28796212881797095
9561,0.11522937452385928
9457,0.4251083672680493
2127,0.2480704536576482
315,0.5999273164645098
7570,0.5749896422981946
2080,0.4090888763580654
6365,0.5616112141492224
80,0.40871334420398614
2298,0.43352915229505096
6260,0.8414440746347105
7813,0.43430810108101325
1104,0.4535438840506883
5445,0.608361272480904
3680,0.3082349043770963
8807,0.44143252241602
9912,0.25845599892756
7634,0.3400375747965778
3992,0.6020246687825312
5309,0.36711418736711526
3820,0.2733490443113409
8288,0.42978890247074397
463,0.8775512188656494
342,0.6637595136067871
1285,0.17873488350799302
4951,0.31992358620462097
6916,0.1212256161389091
4012,0.38627253415424473
3659,0.3694356225515015
1501,0.6525612251068786
3781,0.6944901930225861
8304,0.3768500883860596
9254,0.2415789404292643
4715,0.8862869617675064
7149,0.29008073043265986
7570,0.6605820425241157
2339,0.48142263137565566
4430,0.1962438963981901
9204,0.30087527220510263
2495,0.16202083314459545
5538,0.3787707938698386
241,0.18013484392585
6978,0.288291502817959
6945,0.22480675660825594
396,0.29658769588400585
5615,0.19494721051670838
8919,0.958335543904828
7993,0.2991732931249231
3949,0.3623176360271949
7684,0.2028761061784518
4782,0.7330161300913168
1092,0.8841715368433176
6184,0.9277498431074055
1115,0.4428083707394226
2218,0.19587333697015416
6098,0.23132269014486717
8262,0.4619483000686927
8013,0.24601081639703584
3452,0.3304103466849948
1164,0.22959981432014298
248,0.4153046704996579
5308,0.06598832718379306
8605,0.8740112646930464
4326,0.2530569594443316
8216,0.31396780596740265
1955,0.5909128526720556
2525,0.19355831484206637
1387,0.5764692983976913
3424,0.1468761120174433
7523,0.20493262483078437
8178,0.2936404486930151
6992,0.23796052787059838
5753,0.37642562054725126
4679,0.16603895908993083
7366,0.3108169785099516
5517,0.1692546602485446
8803,0.2736120389725155
1149,0.9689020823840805
162,0.1788365626075335
6621,0.4544417485090349
315,0.13375754722368172
560,0.13342043068322937
5283,0.11825754568943028
4472,0.39039250709071904
2051,0.5047313634429914
4217,0.5388537147160495
6369,0.428441507710938
6081,0.2985682190630738
9723,0.44921438546538267
4417,0.15004826503910776
7543,0.19252072891915917
9270,0.14629394906305968
5766,0.5127826414903137
1778,0.33705058074684185
9974,0.950441207192378
3941,0.17858205327310145
8463,0.3627812148127103
3232,0.5346828377732683
209,0.24033092179517956
7325,0.9748196334105231
665,0.3354234222214382
2446,0.09036957437431349
6001,0.6062349714240453
7597,0.4328325075916454
7733,0.12797106651130735
4183,0.4778164437319877
9756,0.11272151146121642
2080,0.231944553468328
9117,0.24364970450075052
7095,0.1583463319232457
8349,0.667004569914669
1378,0.45317250101564116
1884,0.4047548637894414
9511,0.589004938242352
3276,0.8611382550908534
8814,0.1943243435666615
5073,0.3685414288311675
4842,0.11767902013565971
8975,0.25362227926753406
3973,0.9438000562061472
9956,0.31563240327817343
7918,0.4329924162395228
747,0.28486695207441065
4687,0.999213961697638
8757,0.28794569593106073
3691,0.2916987765773794
9832,0.45122393355373186
304,0.31708724030945645
1000,0.04556552649655828
3079,0.21724216127265436
463,0.26888195931457226
686,0.223050684069731
1657,0.2709990954080893
334,0.25429631807778186
1140,0.09269797183782512
9238,0.1643016738835537
1108,0.2986739637150947
964,0.9130889986579106
4889,0.680953042842827
1364,0.3303962086299834
1266,0.08989014754581227
6973,0.9845428155574462
8782,0.22711905793353343
1678,0.5148825159415721
9166,0.6339687548827175
3687,0.248541255612463
6257,0.23073876004398944
619,0.6057710887629396
5443,0.3770013317493276
7108,0.976130696716153
9957,0.7320951685403777
7940,0.31478828790230584
5532,0.12868288654991683
5530,0.20407617139863826
3513,0.257240338225393
8656,0.6194430676792103
7053,0.42604663816894467
4643,0.4031193739051452
1627,0.13677034950411626
3687,0.19922232193688458
6597,0.46925036160873884
7691,0.9609403477752956
279,0.5800784832303629
9290,0.19112542355962242
5901,0.8967549701209463
8490,0.19197068152592353
7306,0.3203272126383073
6608,0.8092320148772996
1285,0.2152410590402804
3126,0.3142785597685983
2990,0.2634850836911919
7478,0.7639045625035357
1096,0.29960659873039475
5958,0.22914272053795903
2394,0.2613785833464168
7025,0.5136701405921166
6419,0.5375473902257227
5809,0.3533381416546163
7149,0.6284795636073615
2560,0.637402367330336
7918,0.6352891580944919
8013,0.7777804295570396
2722,0.8181773719699929
2970,0.13953657093101476
4243,0.5854198469105292
4431,0.10966717658256674
7214,0.8663188059677365
3228,0.19255390961571955
681,0.1722089651279278
1790,0.3157990987649399
6492,0.37219430981550844
2727,0.7473031712905606
3131,0.34620597722422913
455,0.13838048275329817
6426,0.4312914082132241
2283,0.10896886060016281
131,0.22978005704761853
6398,0.24844536336353387
5139,0.8459717428488621
9006,0.21694668158066677
7657,0.7867297527274009
3496,0.2522376189497805
2843,0.3153683934599175
9875,0.2999656804476663
4971,0.8479524181718877
3826,0.19545628695421782
4934,0.334162012026277
4886,0.327663961408927
2966,0.08397010123874073
920,0.3359355418155338
2978,0.15200865794768084
11,0.5279518124155796
7931,0.6303952343684804
6398,0.9655949998344405
2056,0.22064083054533712
6635,0.29604408046751285
3227,0.6741387631364035
398,0.4043866281105502
1719,0.3848853006873436
5346,0.689755207466243
7854,0.1294976787132651
3222,0.12357482276462663
2041,0.6293511204891178
3781,0.4183291375093039
5376,0.18036632300886155
5116,0.9957600629148977
3473,0.5753424838228429
132,0.2948890766047222
2094,0.4061496483511889
5585,0.15951851932110936
6232,0.2599209293568624
1268,0.24100722576817435
7993,0.5362041602823813
227,0.5191600177669903
5455,0.21747368145252993
5326,0.4977331374593705
4668,0.28016004259447613
3045,0.3237380894953866
5462,0.422735730953496
8380,0.8666863996447846
5109,0.2555716581420369
6005,0.7113175327713281
2037,0.9917945062199474
3635,0.7008534643916715
4161,0.6278721329085647
7910,0.545296895892404
3091,0.1522019754938364
2865,0.2647262039210364
556,0.18373078924341024
4227,0.40281511285523364
9333,0.2686596704122171
1672,0.3779990658415352
6384,0.274542912088748
7323,0.6945101400614152
8568,0.35400364038184534
6013,0.4220607668916036
1723,0.564320473938347
9308,0.38448180929783293
9630,0.4810597609822521
8212,0.46429651079849493
9832,0.07682649528640834
3171,0.9011045028058571
4046,0.2206424330152747
2473,0.9202357090660164
3248,0.42094022349867044
9952,0.2354068589678003
2525,0.6706986820898626
2949,0.9030265093754892
342,0.10989850825980195
5538,0.20184171889498248
7467,0.9938528196603286
1525,0.20077021530655828
4195,0.7064213888380935
5747,0.09430391279423819
170,0.5080751610077775
5500,0.13275115798022524
747,0.23517600162257202
1281,0.3171572203237289
1026,0.2028918638665791
1281,0.5917681361312803
5173,0.3683195423327009
9663,0.21780684086752392
1264,0.43166987028573345
8352,0.1425259477790394
7887,0.4218552722452509
3171,0.19932765703047192
1705,0.5637474638776535
7724,0.34179817821504827
1904,0.28280175517847034
6431,0.6928994293757732
2768,0.22968654385187323
5088,0.1928100212986353
4173,0.24168135437760066
4007,0.24781411882182097
3016,0.1106495100801004
3811,0.1859851426007013
9085,0.2982955668630831
2604,0.31163686861689666
4445,0.4033051159658144
8804,0.24104561077204092
9966,0.2809153458092244
2230,0.359330370505323
6929,0.257553247837124
5708,0.36136659245073016
5637,0.25545333288549393
1215,0.34619118192934545
7918,0.5200098903412805
3788,0.19537622522421855
8176,0.19589293615458547
1060,0.17802343565760928
5063,0.9863518417170221
4745,0.2758084823248301
4582,0.11065934746498991
5396,0.2997292034751409
991,0.3156645041828336
6261,0.2813290190427494
5630,0.38384756555586447
7138,0.26072943432056184
6705,0.06211535404435529
5853,0.23033045002179897
1960,0.20043446553946412
5299,0.2725008793425585
541,0.17202196204404405
9366,0.2880381769988751
4206,0.2597995020334244
5913,0.845843626250521
3755,0.4821704743222252
7059,0.14796116633187512
1285,0.27088843706349724
5326,0.13182239178922445
8035,0.4037385527823877
2066,0.7762467428643065
5568,0.3002540880561432
9077,0.710292190548656
242,0.26739775737843513
9107,0.33395350723084843
7396,0.8318559755698913
3307,0.37556954849087654
3385,0.09167173920144278
7782,0.2636919464265442
3301,0.27040250463523874
9388,0.369276901497218
7506,0.5014369328879108
2345,0.3861329066273875
3720,0.16233678144049643
8837,0.38795101627325196
5116,0.13880792725917504
4615,0.746351802425033
6568,0.25467824209023787
4742,0.23386035118978152
854,0.3292267184013265
9204,0.4932995027547582
9984,0.39450558682546055
4259,0.4210752700224687
400,0.08188220321770137
1919,0.1711091909079492
6630,0.20371111923942792
2618,0.1644843323101124
1814,0.5287748556230866
8778,0.5013574041415453
6467,0.2577597082089835
2194,0.18407815307909473
1477,0.3229596732488484
865,0.5283822709308947
9166,0.2681343082512882
2906,0.6713071279883851
5177,0.6521726973016323
2146,0.10631093260715696
7928,0.9947347898409682
62,0.1586186129935736
9511,0.3322371342574007
8029,0.36876756143870937
710,0.23911567099097766
357,0.38347776349794593
7724,0.3234371511414792
6721,0.26627878459223286
5637,0.1432977682377368
5835,0.27228743907796454
5114,0.5073961663245391
3659,0.26763433718155
2806,0.1298673153166737
2220,0.5803489774737857
1790,0.1489410050423476
6310,0.7905545253010253
1416,0.2764359276173858
9594,0.44163216577997044
3476,0.18412386980739992
5352,0.5250491665690297
8893,0.4655640335797415
1721,0.37229200857075
7846,0.2995943469992216
2238,0.14847439638158993
3362,0.3419085914692306
8990,0.2773907829961561
4134,0.4063575241600489
9317,0.29447134898281807
6982,0.7012361935805129
2961,0.692685664144963
9318,0.2396663341640823
7543,0.2488269700360912
770,0.7539172507097405
6886,0.9208330938364251
5842,0.8650814587053901
1311,0.692045411194289
6680,0.947388040551398
5522,0.43403862941911375
151,0.17012533332600563
9099,0.2716052715835109
569,0.2920863918949386
9829,0.5985478464031582
6964,0.22517216385458064
3769,0.16656446164967298
5034,0.19732286902719523
4357,0.5077394057269347
5564,0.6841902917683115
6067,0.07840682730237498
9753,0.12829462005260778
9351,0.14097814518210489
9189,0.4921622632943888
5994,0.8798900722072436
6753,0.9943604235139082
1980,0.23800292380741175
7342,0.5207717558697434
3014,0.1539394994036117
7019,0.4245953796616263
270,0.26903844914731334
6657,0.16631043131857035
3222,0.4756133759392911
4460,0.08123778226667233
9061,0.08830215720580999
62,0.6200095941189997
9914,0.4747647007952767
8605,0.6368316426320556
9075,0.3732336952651881
9570,0.22715953362787142
6081,0.2753216971164484
7659,0.16391937741243995
6664,0.8616492225724571
211,0.2338001350172712
3941,0.21161801331351598
5515,0.46505499110564186
5789,0.4257307315540896
1207,0.640294922090472
5412,0.10375723861971765
747,0.5423304779379374
2743,0.29425588211581877
3919,0.26598915379387766
4005,0.4894953353790247
3641,0.546160754557662
1920,0.2744070965011021
2618,0.3870704204569963
9935,0.2198967538443611
6832,0.3688315446320193
8775,0.35548492835663953
9260,0.2889561273493192
9667,0.2619731222417818
9323,0.20255616641259577
6826,0.07458801428500629
3530,0.28574053259845833
4627,0.10197103079065978
3231,0.25742793682830695
8900,0.5824994786434352
3850,0.2289025798242653
9205,0.11536517176866448
8622,0.29611375485077035
7495,0.1710559899165886
6048,0.16714196780566834
4015,0.2101796249528287
466,0.9035669457536036
7775,0.2856351416371027
6652,0.4454330529948076
7524,0.28573109372476374
3090,0.20529242644908505
5376,0.5431628766814104
602,0.19605936413516586
1281,0.4520807027840678
4560,0.4670564676067071
3532,0.09342982891925498
731,0.4216319858860247
2059,0.11842468497270976
6647,0.7622642856026457
7259,0.3831953501786295
1682,0.22177616511496345
6394,0.12709333493716185
1322,0.7089650945220931
2705,0.18298298881394934
3210,0.7222809415961048
1010,0.7209766984536089
242,0.217412837681327
7052,0.4421128239475184
182,0.31878922227076656
856,0.6793946231936553
6246,0.09753843492361
7958,0.5987193020723602
2733,0.21951789518835438
991,0.9039282863328731
9712,0.411656791285834
747,0.12409844163215179
3512,0.4388074568915133
8444,0.07054583735072775
1136,0.2629133666907029
5741,0.2433808473237758
7868,0.21279195318695915
227,0.7542249163022356
1234,0.3832172984126113
1009,0.9264115508115931
8208,0.2569140938724271
6448,0.7103966063304524
2892,0.20906728048941778
6941,0.22908816303890614
5462,0.5942326561777288
3907,0.92301303912155
8543,0.4906079631209242
7496,0.796013889609953
4412,0.19686743645335394
6094,0.35224985342819903
5604,0.48750935621981517
3420,0.8577675493262515
662,0.21515829541677486
6840,0.16580545311680775
3934,0.9673194326520316
559,0.18737520297812624
8648,0.7130542827321528
651,0.4699905597349518
9546,0.20962243727395263
6120,0.5386184233548892
2202,0.5035184905374704
8876,0.6383099589066542
5845,0.2858775538768565
1909,0.2925265916398684
5048,0.43471142777144417
506,0.2712773229233445
8369,0.2764187148338863
9724,0.8155279937208871
4195,0.48948768655338587
4240,0.2551569932719738
3576,0.3736675274198755
4574,0.2279986041426991
1338,0.29547990536764684
616,0.05130019723844566
3769,0.08581865890418339
1244,0.15636011172279282
2522,0.5244244861819585
5311,0.22816134517247222
1081,0.4999624761968563
3171,0.17546706708785398
5338,0.47612677128272685
1065,0.5776686140480259
2548,0.29284668762598165
4048,0.61413595610374
6681,0.07527215341626908
6047,0.4793876615321677
8276,0.6912908330891065
6050,0.5649229105118588
4110,0.34994690024985087
2453,0.41216716438332246
9107,0.6199942235465695
9234,0.17676675442642723
4709,0.9509051871798725
2228,0.1721578537451826
3593,0.35983634262658276
6929,0.431847323607058
5352,0.20956517568411112
6081,0.08854922915658413
3460,0.05932925847567105
2101,0.19875298165385058
4768,0.058813521090026515
31,0.3667443751136896
9893,0.8274201811376793
6882,0.18538187968087946
5715,0.33181222349507294
7607,0.6706407943867134
6144,0.39645418143759314
7806,0.30640971544278406
7055,0.8587138047068271
7893,0.5245144157998748
4976,0.5944094170638475
8241,0.28305577089808737
602,0.5518858959305062
1264,0.17035201960704408
8987,0.5680779827914714
2968,0.16280713216233358
886,0.3228003316241884
3131,0.18688928430170731
9214,0.6019100432269046
2978,0.16652222815379283
303,0.6381434552649191
2738,0.2814339240692944
4679,0.7723640183903719
6767,0.3044042673762241
9107,0.11357600844750083
3920,0.38613287054716067
4385,0.1937121893202979
4916,0.21593360352053315
2744,0.1464509790786895
8013,0.3158532065622356
3129,0.12793813813810492
4634,0.31396870934747184
548,0.5864513953544112
8189,0.45771928120452565
4259,0.5561360954451567
910,0.565917125477005
1650,0.4327706626050733
8230,0.4538632929316558
2368,0.2829954622242713
3550,0.27910313416093474
4919,0.7460498221538168
2171,0.19736475317581764
7115,0.4465803273341582
3424,0.12271799891457026
8899,0.3999094111767394
6767,0.8291930330828069
992,0.20371312028661312
206,0.12018100412068984
7127,0.7601902313010217
9936,0.28976194014379375
4670,0.14118912537909203
1707,0.805344055246763
3997,0.1372591240127385
7507,0.27656791001461367
7510,0.1523782749007758
6757,0.2250899155260125
9744,0.3859308557121036
9338,0.40765736360275884
9909,0.46762580825367617
5534,0.07859619085584724
4582,0.559146044877655
2966,0.40650174509602843
9545,0.15094322438836077
8241,0.3036603868957116
2041,0.10362587792046787
7479,0.6089865046410364
8186,0.142699016379674
6529,0.8732058492109286
4061,0.4701209032288751
5958,0.4594392517066151
5401,0.3240000461490891
2345,0.5773332044537957
4910,0.6271176616713469
4331,0.6635272860448868
3176,0.25125055386558187
1576,0.8837119419982199
1973,0.35433743056488354
5010,0.17345377926622513
5846,0.34801083241941644
2882,0.2973798787043723
4574,0.5528613853363771
4930,0.6974505220794858
1338,0.2364244565403082
929,0.28033794925719074
3129,0.24073397907543026
196,0.6317724511592934
8543,0.06563239814936411
4709,0.5929944425519575
316,0.7627107885172221
2246,0.30524288898731966
4623,0.4947926233301562
2020,0.6751426126024067
960,0.7706714906177707
2080,0.3242388901321826
2572,0.4616347730268913
4408,0.5994958875734246
1050,0.23285903649708362
1261,0.2760883458886422
5690,0.9882544474698057
1598,0.7333789455419165
5251,0.6275483743470145
1244,0.11264202235203953
240,0.1207916339005862
7383,0.33308993461408015
3388,0.47693469863359333
9189,0.15596144875768816
3222,0.5031086087692501
3702,0.8530096765373116
6181,0.3815733771749321
9184,0.5306810097273771
9827,0.4153917768701775
5936,0.5409746480786939
29,0.07946520180641982
4307,0.509462713343076
8249,0.2586272310258235
4523,0.13089897478958407
3642,0.05871292582348378
1128,0.31674471363825474
4618,0.9134442526810216
2202,0.35279536305785353
9049,0.4293020351164743
8013,0.2942331553973816
5451,0.5351959899551949
9221,0.1824548605852341
9799,0.944039273491111
9518,0.8972238651926938
961,0.6812675510393986
5400,0.251674911904319
8501,0.1866141479772248
8935,0.40886191713153996
5901,0.3073655391677609
6372,0.3099549950206666
4489,0.7907895733530201
4108,0.24858603187724343
5416,0.21438640522857555
3795,0.733302623141773
1170,0.4262457197308019
5740,0.39429712841198294
1300,0.386732714716132
2090,0.5263275578160427
6490,0.6173198571083361
9765,0.17895427712671064
4780,0.5009880357217872
3782,0.09746892638101971
9843,0.4128089247676634
2990,0.8027416895772653
8425,0.3824088609645801
781,0.09792390844293546
5116,0.35658533791237707
2037,0.2632606400368678
5345,0.5978565021646812
3521,0.363730483035476
2011,0.5935837726242861
9451,0.5371906120105
1456,0.12652849766871116
1242,0.24566273081189538
1711,0.08236221393480957
9753,0.38318285785233164
5257,0.24072044878642354
8178,0.18318241999294735
9416,0.1083078665427065
8513,0.19979059426236453
6592,0.11761360607624465
8709,0.2632479258681809
2048,0.35667014249398676
3844,0.2754491354972259
6826,0.512498758156399
209,0.4647925979606325
4584,0.059944685786032535
4538,0.4699095395494557
8879,0.29764284101717164
6462,0.5404514959248499
3076,0.08850177829835953
4326,0.23363247106271084
5785,0.39162521772390557
3095,0.10773222751013822
3412,0.24033969201534702
1682,0.33419472077812407
9765,0.08032067582684223
5768,0.2743865103898226
3373,0.18432626836660226
1428,0.4193346937664112
6531,0.9648776307173496
7866,0.3496201488390542
6931,0.3622496216337431
5518,0.5448458158160926
563,0.4533185970545784
8130,0.5940849022786422
7052,0.39116518948290946
397,0.3033857425990267
6001,0.3067642089121198
2345,0.38660022068102634
6506,0.23564198138612272
7717,0.5074122565126326
4134,0.4586156950363311
8690,0.2954247338386139
3279,0.5998930027023027
8101,0.24121804397999508
8899,0.5066115445390177
9594,0.49244949127338394
5661,0.4753744907502564
2353,0.1266089939948021
2015,0.4108357135357263
3176,0.6830941128156025
1918,0.8062757026465681
5552,0.151334469136425
9452,0.5223243703784568
553,0.4157726627747371
1773,0.43635558213451503
6136,0.9586444035659474
3285,0.6616892358068042
9889,0.622662288467588
8734,0.25796533206166544
5698,0.9312022803638961
6437,0.2548916522689299
5661,0.6953064293120129
1104,0.3732272049157518
7309,0.18625975333799308
6090,0.5151006879170239
2560,0.41648480157965306
3973,0.4224570340961902
3756,0.6169904990084872
3782,0.6156095574425821
5037,0.8460491087744102
3593,0.4437942548424356
6628,0.16022437698216946
3420,0.36148994281982355
4886,0.4805042351258979
7543,0.3485691069682524
4394,0.1380576769156435
7383,0.8836295962205212
7112,0.529438936817224
4138,0.19157731253800825
3937,0.2561067690537589
4618,0.14376339778113395
166,0.7199205380738574
1590,0.5853833711793986
7942,0.3202833967292241
2353,0.2056830605133799
77,0.3122433589478134
5874,0.8947370498226441
3702,0.7853306721823297
4886,0.583619833027019
5741,0.30049664674781745
4064,0.349848451199607
4981,0.315305426873738
2236,0.11309589359343128
4042,0.4491515565113236
7728,0.25408834874176106
3350,0.09950398071187033
660,0.6859194340621368
7352,0.5857738389871221
2104,0.48033282242494213
5299,0.8159639775820399
1322,0.7119402406315326
8443,0.48110533887245316
6709,0.2957629971256033
4704,0.630037879772663
1638,0.24891093573442424
9550,0.23535658953660668
6817,0.5092935908979552
3769,0.3245178019562035
3223,0.8728770310902073
5555,0.5018063064591205
8738,0.5741271487961184
2020,0.36580041961784604
1502,0.27274584004070157
8727,0.24964440227158177
6425,0.5095973463375602
1128,0.6217896179078009
2464,0.18953333259002905
2641,0.1467458786745939
3362,0.5549158673647666
6661,0.20272617280128502
3788,0.24040327772606845
961,0.4898090463524269
1699,0.2688523591971181
2230,0.7823010678595399
2101,0.8872334415415247
7296,0.9862541463067387
9490,0.3488353909635826
5042,0.4273830931998109
5088,0.5502217617991306
6676,0.17597792777737134
4981,0.17927892064137552
6058,0.3113048279042647
131,0.577077447161539
8303,0.15638362056799548
7178,0.2235982502124724
5299,0.13221367040785548
7017,0.793819862156707
2481,0.9907658548292653
9401,0.2718184515111142
4269,0.15972798111652942
1128,0.9215009584839691
4709,0.16869853126018025
5460,0.7648892474470371
5109,0.3002865290658763
8673,0.5040110183187894
1638,0.2773730143439512
8428,0.514294827645387
3691,0.5359594623351887
882,0.7421782413451684
7405,0.0668970536929742
6312,0.08469585798005941
2179,0.6995317117608073
4138,0.9006748335216384
9380,0.5648011687866556
7702,0.6624845331327281
8885,0.41147086289826396
9022,0.5589753219751047
4780,0.5220212309237712
8185,0.7898431018419445
3747,0.15162928590605776
9906,0.5187811010426253
9467,0.44385066790792216
5661,0.09067770515474018
4591,0.14819453241211122
1787,0.16415448844160369
8243,0.5992402572735763
2048,0.3098462011073045
5074,0.6463015436421071
4779,0.11907635234681484
1657,0.3662735466460075
7178,0.7587613044407827
5517,0.1861479312810123
9481,0.3517834114151491
1245,0.47120965793870623
3780,0.2581783172900625
1721,0.09023991135422722
2004,0.290017779896637
8543,0.13649212071248776
130,0.7405232002949822
1968,0.4787327895433548
1521,0.28572940626218407
6657,0.4855620924480201
8624,0.1732711856750237
3769,0.32539201493102743
6444,0.20459646035800585
3079,0.6563635134980292
6079,0.3371044164885326
8837,0.26656419972818246
4316,0.16236938271230877
7364,0.3105502021516676
7567,0.19726168588200516
9042,0.6079456060916236
5032,0.10791688252302695
3603,0.5502779386646145
7760,0.48525074765995757
7432,0.4813969437292274
9429,0.27411350749489743
2895,0.29494094550550953
2065,0.1204315115932721
7524,0.2984768833605768
8410,0.8615298169783431
7083,0.6286106722379614
4959,0.48326068222265567
2355,0.33279535287050654
9961,0.3503608932870082
8340,0.13846379396139388
8806,0.27258702754864517
9752,0.2037846074261254
1175,0.712477913527391
8777,0.8848572191641085
3457,0.3062506995341018
2084,0.34091178179563264
5001,0.5000293271106395
6632,0.1337465579213255
8975,0.15870924138373133
4378,0.3188032215978399
5909,0.780615479797235
8635,0.3188316152922501
5145,0.34188035492853797
4781,0.18848292235062272
1905,0.4318292040521301
854,0.9524717531455591
1930,0.7141749224654863
7848,0.5019225215957043
5956,0.23177669034670143
5564,0.9119586586669627
8584,0.3071743897780361
2144,0.3049880441127976
3027,0.1827960470221531
5063,0.8854167186572109
2109,0.4989470111309275
9537,0.9326462373332801
9470,0.5338562584805324
4816,0.37965182078195425
8197,0.1681963103192096
6497,0.6587927483013717
1756,0.34024527574237784
7019,0.32540395596796373
9612,0.29091464549149026
4912,0.7773481500361347
7912,0.3698891353872957
7846,0.9307432691243565
3905,0.7383628270054345
1499,0.6891292430003684
3493,0.9058255575639457
1244,0.796047078012129
5881,0.1565820123858352
5768,0.1410479184452499
9670,0.1941630121971198
7003,0.3272461379502766
3340,0.32900537701838106
28,0.29955511674484875
9001,0.22019941526757164
4046,0.23991355547398274
3680,0.19440096702849102
1326,0.28770874738040564
1597,0.07986007907683702
8428,0.1310656197645596
6822,0.8494415460591365
1705,0.2167946819437112
375,0.2023514448923774
9997,0.3096437426411028
363,0.34083660379482456
3899,0.6335725428167808
8750,0.19140354508706311
874,0.28828767392700666
8780,0.30117987009154623
5795,0.46838582407537127
70,0.1780944010658213
5534,0.39009760821581524
7698,0.2002926697390903
6692,0.2438190147142457
5883,0.4635118779784157
4934,0.37276361237939326
3066,0.3686334865625909
6369,0.1741402723360608
5564,0.3160169131890243
5316,0.454331360865842
7332,0.3703764204789852
2633,0.233003406364117
3286,0.35737906860356955
3760,0.33365577074521013
28,0.7636090199967679
2865,0.5077957285987968
4174,0.2755037549003605
7309,0.2932674711282491
5173,0.3027846052651611
2206,0.26997157212943834
8358,0.17762090257670435
4995,0.273716785167315
3022,0.6490537614114662
4067,0.41184898827941147
8361,0.3291555272112995
7406,0.36325151393556615
2404,0.6450546844642833
138,0.740525012046269
7274,0.12111636682500142
709,0.3705271616433278
5567,0.5287191576040734
602,0.19089770330181585
5788,0.4770284339889016
5567,0.6196544664778669
7259,0.2610398971895068
6325,0.2809164462477751
698,0.3127296488108736
6023,0.3492247096656407
7724,0.4118474356721644
362,0.873340831529446
6303,0.2873915736148236
4179,0.5305887549533828
9902,0.4531929107090589
6477,0.22864654312567925
8546,0.4299041503593789
631,0.8037477727446486
4694,0.28003370915062403
8918,0.8065309402619996
4823,0.3268029585350238
7219,0.7008757306019858
1300,0.4490415889384245
556,0.4579684510335613
2684,0.4334291899989258
5272,0.4390368192105281
8727,0.27466054668172885
908,0.15390764326369494
7100,0.40565268974262403
4175,0.28445329290453103
4330,0.2745792220576391
6592,0.2471549165571935
7620,0.0854323176724932
1656,0.14603444281513622
6633,0.24044647275987835
6928,0.2819896287483039
3096,0.65361792763467
1074,0.18245792396683935
9293,0.16463810883260363
9825,0.294413856035646
4857,0.9787782208856504
552,0.16990746575772347
7364,0.7890271288313118
9684,0.3896157251318153
1712,0.5167577225131681
1863,0.15538648163390775
6310,0.35943539697092447
3158,0.16190602199392326
8513,0.7674188740715329
5928,0.40836381780413494
5720,0.2529522133939767
1655,0.429482077630714
4628,0.250753224366476
371,0.22930104887125957
6557,0.6864259978811096
3624,0.15344944521635917
1615,0.24631060995888515
2523,0.32508080462424793
8059,0.7909825360402492
553,0.2638379362544305
7744,0.31443749599574267
2155,0.3440258121285721
5377,0.13707626266359385
8423,0.22854813614468678
9490,0.3881335701981688
6058,0.30079929243701936
909,0.3687070698235582
2605,0.20127973049478762
7575,0.9664679560354114
2405,0.2223751084930575
7259,0.7075942354740093
4745,0.9491990074464931
3594,0.12519243031079877
2048,0.960032971578998
2447,0.7336490275731936
4173,0.11656105509341722
6810,0.10472178686188789
9358,0.9916939121837824
4714,0.2909775802520157
4539,0.24345947728674602
1712,0.9721291670743178
9091,0.403217505405601
9758,0.36633067761881033
6817,0.18427175228108153
7846,0.5943404903102847
6003,0.16424092894208545
1674,0.20858350005109355
3550,0.19121225935961292
2405,0.13699792127055105
6027,0.3186871597334221
7910,0.47014106309835557
6083,0.4390796794843532
2733,0.9970077977930387
328,0.16317171285760176
5363,0.40421945715652535
8543,0.8805392324648099
8343,0.33212743155465047
8744,0.2141151869476229
4326,0.7242488159065772
5316,0.14106045829668135
4074,0.3099477482242912
9420,0.1458675692695005
4582,0.698297355027397
6517,0.29536012857567595
7434,0.2527953701354511
9538,0.2750008819723013
1597,0.27029937900063117
9333,0.20780380400383322
5909,0.2776547309608813
6840,0.21857883752135032
4904,0.1194918965701019
8254,0.4773861145571551
8935,0.5880556710627606
2895,0.5619456918293859
1717,0.15199290740415375
4893,0.6707245972281488
6709,0.5034892267298718
7987,0.7020980484799056
4710,0.3140677104905945
5400,0.07912984158692468
7410,0.24881882033239003
5102,0.6505134901543753
8439,0.26461293015030224
3857,0.6449857789742383
5135,0.7047243626271142
875,0.4549163214121252
69,0.9186442266703451
8702,0.9073737827798501
5487,0.5055210699778997
808,0.2647364036129441
3671,0.630883857414333
6840,0.11476228330111389
7108,0.6414379251608945
6731,0.5692452048326425
6844,0.28449445525952854
1424,0.27158436673679687
9026,0.16289460999730432
5398,0.8762381614959696
7055,0.21328308953269057
6607,0.20838783759317692
7169,0.639087600160623
7817,0.4756664002020432
1438,0.8061641022425565
4627,0.42411793032272643
7135,0.28277745423248135
2589,0.7654317621087952
9808,0.2629809570671396
6911,0.09562602772472176
7309,0.3434502133086047
7107,0.6056707865384905
213,0.4578799052783066
4593,0.648039292832583
5136,0.1947483962254913
4419,0.2912375819080859
7183,0.763934862487156
8453,0.5110385537153562
7287,0.1890008690306762
5582,0.12731771612313642
5564,0.6950126770757654
8622,0.6303826190536141
5214,0.3128704072795158
7142,0.21072122562525034
2973,0.17813108110464637
9462,0.15573578216807457
1424,0.3948728616688786
5960,0.29178084646055763
7817,0.16424601886563586
6769,0.6177275793197581
461,0.571099565349628
9710,0.09113760505878066
2039,0.3084843129382522
8482,0.6613186138922666
9490,0.4806834247857195
2695,0.22702569148314122
4023,0.5950601880084748
9324,0.35191941296047635
4002,0.1655950477045932
2206,0.053655177758502766
2300,0.3196232635432116
3952,0.37440423777859533
8680,0.7603130472025778
5713,0.3739962508191585
4022,0.6398151636217997
101,0.49581504286442196
1795,0.39891295213516803
9881,0.17258376600031372
1763,0.21450050677983956
397,0.3420320037389668
2618,0.4299526247953845
9885,0.16033395424358865
7318,0.1829781000453347
8899,0.41234450049342153
7416,0.1370869719862694
2586,0.37128841992588485
5754,0.07663106364091465
5074,0.7900488737068506
8779,0.4047340346264093
9961,0.7973229851761663
4437,0.3511548116737015
7280,0.6882438514511467
2242,0.07695243303041786
7342,0.315370205987026
4714,0.25901259352245265
3792,0.41980850629629135
9565,0.186394103101214
3705,0.2076212634616021
8379,0.9769173343297665
4585,0.7512733509052043
5567,0.3680981038833784
8758,0.25609626937298713
5288,0.5009016053885711
730,0.30423485943055645
433,0.49802768870919034
591,0.4140472839738472
5208,0.4221740415950183
3734,0.48268549966164614
8439,0.168333169119933
3702,0.18665048409918586
1655,0.5486244087231107
7854,0.12763779171721562
5097,0.1777536778878511
138,0.8660527135980339
2237,0.34735764438250344
8972,0.7008341725123975
7461,0.34880915003144125
9815,0.3747220573091883
2080,0.4312097324933968
863,0.25033800559759933
1790,0.8186928867723561
7881,0.22076486259980238
1164,0.457565870651774
2496,0.2993328219460631
4095,0.475038070399681
5377,0.5235752914235899
8902,0.8119647191398504
3734,0.14638591775564277
8779,0.40953217290618343
7998,0.2378492154160389
1391,0.5460950194120046
8390,0.3539428399027181
3411,0.7281832826389522
9162,0.4683423598403262
8750,0.24013554213651958
1979,0.5645444907848138
1123,0.11542420951465071
9967,0.3881912870915468
3756,0.6282661780976231
7628,0.2992533504361479
8680,0.24370311792872332
7912,0.7900914282944996
165,0.22643275944781885
8767,0.2267629008585865
5905,0.15750844362062733
3563,0.26940258319162597
9809,0.3806204929397587
6047,0.436211395296234
2038,0.043234308959617024
2563,0.455430810828783
4295,0.8361416225317353
4715,0.5286891798084769
8821,0.5124910810166664
5802,0.31390524738502124
6334,0.4469553232435553
8108,0.743384190644391
473,0.4351983525711843
7667,0.19444394153891886
5504,0.23498528698333815
9568,0.13171343977622124
1169,0.23954372481353675
4004,0.8583988115609794
1750,0.13379882786388897
8117,0.29652250549445414
4011,0.26210561519741266
2823,0.09247708427338165
6778,0.7024714181459799
7129,0.21276517165198924
4501,0.14553388272885978
45,0.40935242226903734
6089,0.7532494137502063
1330,0.17525395268400618
3335,0.5139020642073615
5788,0.21914799309107436
5037,0.24639304509756357
5564,0.0855680791250787
8596,0.2352783582686468
937,0.20754115031346915
5922,0.14090819688769082
7718,0.13804936970317402
9540,0.6283110214752522
2812,0.0830457916407177
9534,0.3182047243872342
8542,0.2501873240420944
9087,0.7175643783107506
9701,0.871825996340893
8358,0.5093408052896983
3517,0.26011556819104314
5472,0.16417048261704895
4581,0.2235484571159242
8614,0.39420545254283057
9485,0.10538994130610503
5251,0.5952311306849435
6246,0.9220742539599952
6620,0.29442513513975954
3037,0.39450029422145744
2633,0.22038204138556303
6246,0.39012653409121856
1786,0.3561203905214366
7416,0.37130662094459277
6781,0.20828771040139757
6079,0.8895768462588398
2301,0.9525754838146007
6718,0.1382033969633047
9753,0.7763758174042487
8477,0.11857622227591956
1118,0.19254020771590943
8757,0.1740903478257049
9091,0.6889171759396617
7387,0.7444977868084134
6261,0.2749687478849425
3096,0.5174648196247785
3339,0.8756209660861224
2473,0.1677860177385452
9961,0.2936032133040363
7183,0.10686335795344207
5074,0.35022067297132214
1598,0.5270473080474608
5040,0.8772268390520109
397,0.30007702431537997
6622,0.5067222807589342
8657,0.44706537369739513
3377,0.17629980538436485
2618,0.19248743824401432
2141,0.2133805369536954
4780,0.08056798462660458
4252,0.6334860132967407
3175,0.8810804602008571
4627,0.34667685728395947
1473,0.09910135458686674
6853,0.16489702549151392
9162,0.29730173156649004
6083,0.2778697568134788
9577,0.2106371572087545
5802,0.23907740267579466
6019,0.3021891160184612
7332,0.4995032943705273
9873,0.10081963325779685
253,0.5825063720166253
8246,0.29652332252756
304,0.16567111053845415
9809,0.3557694880624853
3373,0.28331844672455353
7930,0.5565854066955678
4412,0.5154546312882985
6551,0.1371278673477845
1247,0.10794630594167105
4316,0.30184425219662
2050,0.3261007506244675
6833,0.9526754461249962
213,0.3197657821597208
7643,0.26317666011739027
8221,0.2189142104647679
2736,0.44909659679726865
6047,0.42450292558542757
8552,0.41761672121578997
3680,0.39357137846548396
8635,0.3757729691292349
1438,0.3059787259688926
717,0.4971926431879685
2773,0.21971974561214078
8535,0.43288553964654336
8881,0.3108070410743772
4052,0.3737990039748301
9815,0.5748691063755142
6203,0.25314798181036896
7982,0.7932859922668081
81,0.8185056134606182
5768,0.24485173899019463
4899,0.5899103418503063
7730,0.45164093022146157
2762,0.46775110382834917
2084,0.43301423611264017
7451,0.652013693414483
3726,0.5134847857176553
4255,0.35831566739034515
3218,0.06825102792729262
563,0.40588011249140066
7825,0.9985483834519849
4883,0.9944617501414158
4634,0.4376038267678932
6065,0.12659713126400648
300,0.48476963413857144
1754,0.1673359841877892
9467,0.4786078882426062
8691,0.15243546213496453
8738,0.40428858124331346
8177,0.10454729158737482
9518,0.7896749891114621
5469,0.09236468686657376
7083,0.3425627627530685
9730,0.1957430574125374
7563,0.3035545726794375
8723,0.46303669293325556
2797,0.6047414397828481
9756,0.8572996157515639
8369,0.29715025136743256
1379,0.2694924146067213
6834,0.27683726069550874
4627,0.34387149831210384
3627,0.8305445910470259
838,0.27599719232003017
3951,0.23972830464615547
4454,0.3217978223162022
9870,0.22261057543333682
9665,0.3597408046885144
6675,0.16919673773291802
943,0.32329476878251817
5840,0.47341308383299163
6769,0.2522454020860489
9093,0.42306265210037663
8369,0.1388857806497966
3547,0.503403289326075
9631,0.15165847311184924
2695,0.3524403063554661
2855,0.28261486468355007
8815,0.7857249074523893
6452,0.3526300829758411
9481,0.22049344832327772
5049,0.4394300981980346
6805,0.13844402665068528
1041,0.6321452829584037
5719,0.22956280625518574
7679,0.5981365147182601
5363,0.10474860298538259
2425,0.8829852742231614
8060,0.5954666671115166
330,0.8126437561408911
3615,0.7508858098631176
4485,0.6094965721786566
7670,0.1979099717703012
1590,0.7979556248273082
4912,0.9216824214630582
8512,0.46578868862848233
5214,0.1379050949257385
6656,0.533866052546488
9752,0.7729662687021853
5450,0.7047176565339014
2667,0.44105611567094777
6679,0.15079938901294138
1267,0.19094526290440578
4140,0.9320804161616777
3462,0.8443814124610427
6228,0.3427624613325103
5600,0.5534415108515749
2237,0.36308743989958125
3921,0.3255757800115593
5293,0.45630119682865217
7758,0.6006035234685771
1861,0.6370811679066369
5425,0.12838677267107032
8938,0.6048496490819744
9946,0.454731345729632
29,0.2668902778049449
3888,0.38791481186457066
111,0.648329352629513
5858,0.17871614090563712
8935,0.49251348764929737
4269,0.15482527250837883
4394,0.30819479429639896
2522,0.09838724457934876
3548,0.4069539606724628
9907,0.5844921268143801
6568,0.22701693344150206
6788,0.2180614343854389
8099,0.9888739598851378
6203,0.7916972886987858
484,0.3127068030517814
960,0.11607904395020471
6622,0.406310215470652
6197,0.1077915148352039
5340,0.7150105884464522
1937,0.5948986599496122
9330,0.7111381932435217
4701,0.17746846408241046
2582,0.42089907520149367
7715,0.06837038598692403
9610,0.3690471281799006
4015,0.3068997153043923
9451,0.2839375215597631
3061,0.11284894324261112
9518,0.25005257884491894
5367,0.3517205179285806
2234,0.1385255010962648
2436,0.2589579547480887
707,0.07243128889624813
6032,0.3020681839793812
3407,0.5427160817829663
9407,0.44386190169122197
2236,0.5225490430655642
5462,0.4244624260137847
7429,0.23286256677511538
96,0.42557178232199916
7129,0.2637935090734795
9115,0.1875187439192356
1874,0.32536231226493867
7693,0.22890946466520787
4942,0.2407959803910989
8591,0.14480520677714415
5441,0.1456862168452346
8806,0.1291800971385758
3468,0.10567227797324102
9049,0.38389482035448
730,0.7597740797298185
132,0.3547713152064242
3827,0.4051374845812306
1913,0.1973133647915834
9301,0.18658425487829539
1408,0.6031028527399497
7513,0.5502332288741199
6023,0.5828360159530984
556,0.4213766844955684
1670,0.8548540289346086
2552,0.3690559071471178
3517,0.38569282165228574
8750,0.32871566982558975
6963,0.1506696636602423
5864,0.6728299136671915
5445,0.1116449717742821
6105,0.4399840190884943
9415,0.38281432852448777
232,0.4178840219545344
9855,0.9714483177593665
6756,0.5054214637908929
1462,0.8246934119001114
113,0.2241830206950024
9778,0.939558965446738
3594,0.34736000994614424
7258,0.33029127105316025
3986,0.42314055798230166
5190,0.12395221600625013
1363,0.629573084071176
7740,0.2973572418824537
1538,0.46888009280393356
5125,0.48351521318644947
6184,0.09815347875481199
4916,0.3444106416319286
4067,0.22392206997442626
6242,0.6433666304976831
9004,0.7736501555722771
7332,0.7294603962355166
3982,0.22540862764902156
2823,0.7644129277846605
3526,0.21464788986600722
2524,0.6133715727279344
1539,0.14159725625788971
8151,0.1522427360082511
8248,0.25628498158495655
5098,0.5158403682947682
6788,0.5613001658188057
34,0.4325777909305486
4714,0.05581346125335338
6833,0.46630631078425644
2405,0.23491749983532553
9752,0.4174640089922269
1868,0.1315234140219397
4336,0.2587278524980179
4156,0.3213691888365914
5729,0.39476295522206695
551,0.7617967796235876
4582,0.1094968048986646
5965,0.9200975650369894
1475,0.1616050437595422
5925,0.884423211487509
326,0.34296513386216204
2189,0.2248349412482931
8099,0.3400890537940971
2110,0.6644561733279135
7800,0.595625984577299
6692,0.32325309034340816
2180,0.2759855086468445
7286,0.4304799816335693
1081,0.6925854581255619
2142,0.46999773806441597
661,0.29416077707475513
2548,0.8947510249603949
5668,0.24329352804648235
6622,0.26360505948400786
4164,0.40921961605365526
7978,0.40423597290991065
7966,0.23394070254256197
8102,0.40761212822579135
773,0.44538365518514167
2473,0.35624768021749387
7887,0.2981612821305312
5297,0.12516487252930775
6189,0.3213590036527194
1747,0.32377811971958326
4849,0.46733650502216695
9234,0.36748831953807776
7731,0.23644612551256936
6350,0.16874717420550922
21,0.555552744574468
4183,0.6373750567291601
2605,0.5236220913726767
6676,0.1407487656807088
6647,0.41267398330924
6718,0.21839275626981575
507,0.13237088706642877
9022,0.7969391636940104
5961,0.994252527915177
4932,0.31080564049474485
2523,0.7353018751712673
1081,0.46430430023577085
4487,0.40289072131106546
9042,0.25220195912109655
481,0.7880214455511285
1171,0.8613840545147161
9103,0.327167352328369
6083,0.31876729771462825
9565,0.2343762867473555
1344,0.4915929143324969
556,0.32555526915847405
5411,0.2613054433835038
8287,0.08782119238660217
7255,0.4775876942791834
2599,0.2141501575889807
5840,0.1233181138057926
716,0.4355964596112638
600,0.34743945149961786
8455,0.8613866711656474
1736,0.32377241030767245
6622,0.24472584146882004
4419,0.577680227678893
4088,0.05606175630231999
1813,0.4355591745985389
4255,0.37654899509020157
2180,0.559310505473994
6104,0.32193525929729505
6329,0.9503928517706817
4232,0.5709651683154406
6176,0.5607830356688616
4981,0.18227494054807103
7643,0.24413165791305005
8728,0.1323858042104657
5253,0.7491471320109524
5135,0.33363412292808753
199,0.5483208946884602
5558,0.49807253868016316
1025,0.6723100575304474
3395,0.49114865170709965
7796,0.5940891491307869
2054,0.9504649451251767
3991,0.5991742894601702
2830,0.2965600204659224
8522,0.18509591444747134
304,0.5605509323560971
9156,0.436560740890478
3059,0.41160988775980756
3726,0.30817098172644236
8249,0.8343468781107297
2102,0.14547982462023534
1000,0.4715852319953903
854,0.5299803153258454
2631,0.22077970230443536
6791,0.3442751959810091
9351,0.7225232642445873
4501,0.7071931354691892
9466,0.7444739258127452
9889,0.6263769724887855
7073,0.22503268821215244
2436,0.5323598114090239
4412,0.6042302142987521
2443,0.25101838755989603
6998,0.6080823951660534
4748,0.6593321202516624
7603,0.34278533514519105
411,0.6561089448111523
6288,0.3318019482087754
1337,0.836852410053114
270,0.11618669878929093
6281,0.6388643753520998
1334,0.9171936269986203
8975,0.489206701869715
9522,0.403141524594786
1172,0.2378231374123335
1134,0.5613492428548966
5186,0.24045077529211598
4211,0.3962106512095602
1619,0.26299087399550564
1576,0.5402939628928402
4252,0.41450509117505174
5276,0.240107219423264
3375,0.3225639197462247
7758,0.17958472455261715
1586,0.76271473705562
1107,0.09786414436200208
6278,0.17355588518704218
7900,0.4194135675778345
4574,0.40008681989155537
6799,0.1805848935576745
7643,0.2109023429403435
6781,0.32612287902156395
6410,0.0806896329170964
8151,0.5012362796357296
2376,0.5986644238293763
6303,0.2535247296796249
507,0.3567253154567637
9835,0.47966044589014073
9475,0.16238969428943106
4544,0.29512385348453124
3193,0.18251024809134084
8815,0.3001515425488182
2236,0.5486088342314769
3838,0.5744020554137899
4203,0.3415469237971221
5760,0.5653045543247103
6358,0.507306485786016
2958,0.6145930127484335
6642,0.2964451630487028
4004,0.29685051522843275
3,0.40736299008214116
3309,0.2504029959542129
1169,0.47962227080619496
7962,0.6980399096492447
8192,0.5136337844391228
6563,0.4742092233479793
9761,0.38257256379451166
620,0.27170000772130526
2002,0.689213661098345
2206,0.69808046840243
2146,0.1331561597299291
8587,0.325501851433476
9713,0.6188410233372065
3397,0.3293976753210909
7688,0.21889898408992856
4528,0.6544611526861723
1436,0.5610140027585889
7213,0.5945155438206264
1307,0.9826423964332143
5276,0.22632837937371408
2897,0.42628269577999184
6074,0.14832693201795885
3832,0.4662614439331294
649,0.26947576227029946
5279,0.06606416848327652
4770,0.5439379370995322
9440,0.1001779192729265
9181,0.7390742026482355
1306,0.5539455676555342
7165,0.18446766230906433
9202,0.20029144572831264
8130,0.2586414583857685
4765,0.35958629908531764
5102,0.20705798300133565
9713,0.25330909488905373
2830,0.2710333291563592
3415,0.4948645771512221
3218,0.3213902584002536
7079,0.3550241938189682
3548,0.3174268246366779
2489,0.815376531158652
4777,0.6916802629663907
9940,0.8621570277044416
5235,0.06856451735843926
8437,0.2870232656276667
7702,0.29700040868940913
4266,0.5211994816180353
3756,0.9331475231265326
2237,0.4580975842582806
1123,0.5445397777271652
1175,0.8030231797076961
8482,0.18407142086226547
6771,0.08446374722928883
3154,0.1598737908994255
3038,0.18487517562079536
9028,0.22249904862661182
8798,0.7318711242016891
4085,0.903503277043993
6835,0.4685858320186451
9568,0.2829777617829829
3841,0.4274214290499783
2176,0.31383668971961287
8723,0.227961198851558
9862,0.9605200741200255
708,0.5976786035609393
6748,0.1461286141543128
4886,0.8098758652441619
1655,0.4904599345747469
804,0.24383534360641773
6958,0.23973917680198498
2707,0.15273080694568653
5557,0.39884100128047617
7958,0.2635244307815667
4948,0.7428389311240515
4334,0.6196823680206262
8978,0.9482201070985451
3792,0.7685666146551327
7603,0.3020646241828838
7815,0.28746804831376205
3407,0.8185530222313945
8689,0.5618451787883415
7500,0.4220208346841112
8713,0.38345540977393805
5896,0.501692039573699
4064,0.9450116330899497
2633,0.14156061013695703
4814,0.6409816456186384
1337,0.15560202318964442
9441,0.2826709523792412
6691,0.44180126060517916
3090,0.19776459736069732
8063,0.09042847744064168
5609,0.3483919104788739
7529,0.06003801562445515
3923,0.18965189642611638
3847,0.38547129623214293
5363,0.3669824913188958
4085,0.5511851427914726
6911,0.39652048476081825
4523,0.25009671178036263
1911,0.4988659979185674
3412,0.4060891813067062
2744,0.17384916605405798
6620,0.7502736565754142
256,0.2913833052883475
7623,0.9461659326536468
2595,0.3310255659066312
6536,0.7855111185681718
1680,0.2795862153085026
5445,0.1430944078654056
371,0.31776877837359474
9179,0.3690549250401691
5623,0.23995331123944652
2038,0.328828052670825
9242,0.06541603454344039
1543,0.30890716663274714
8853,0.5941174462649113
9636,0.15717760270493947
3251,0.49928599268969476
8016,0.1082633814471207
7667,0.21237203342315053
9698,0.6379636461501916
1308,0.7760789562117589
4394,0.4518021624377148
9406,0.20328285651362624
3,0.36039390658384973
6074,0.12417255349256985
7349,0.5325911659033663
2645,0.20846631455659748
2102,0.46756140421146286
2187,0.11108095307915315
5654,0.2768206917793989
4690,0.16783736910712008
2292,0.06997369456466135
1683,0.29015524749255023
3827,0.5244811770135851
2750,0.28893023068406465
3163,0.17075253115975894
133,0.3999730004473212
5942,0.6918401127992018
4537,0.898863759778328
1436,0.23231642629566715
910,0.38510194342222454
9752,0.21479192890230905
3389,0.2263558915073109
4593,0.09989141606626221
5415,0.4634499115476329
6933,0.5854750385836649
1256,0.19099749996467139
4835,0.1618477490085038
4475,0.4201994214869942
1521,0.6971387706546797
9881,0.5427081462299056
487,0.4111247344921188
8923,0.20644777876628104
620,0.7055665942855415
6213,0.19671582546325733
3417,0.1603752515554822
123,0.16283072518135036
2958,0.5559444983245245
5200,0.31938458363661665
1396,0.7390030299511151
3226,0.8453122725530802
228,0.0590194522916942
5518,0.546143146273157
3847,0.2719175443248067
8793,0.6979263074669306
8242,0.2613446554097953
7779,0.1872034649921587
4695,0.50222587246308
5013,0.21111311126000787
6756,0.7862266349309914
8546,0.4808659001600905
829,0.43164347405799
8427,0.6822785738532147
4537,0.6578974793512531
2996,0.7705858090687703
3410,0.3664177157699509
9003,0.0739826096952503
4303,0.7349885872404793
9429,0.4150740181015207
4472,0.12156491747826907
9889,0.09501963562806107
8429,0.7224760171005155
1438,0.2909126770509717
4428,0.189936545488109
1449,0.35452722594386665
4630,0.5705650131737477
6136,0.17680841199588349
2734,0.5759962084735406
9996,0.8865413752668236
804,0.15278621527263272
5032,0.2512164200023695
1892,0.7066304538980245
6840,0.8758506087079317
8502,0.8132786488254863
4359,0.3605773195575296
9282,0.10050779445026214
6963,0.5390580483995466
213,0.3659374503169789
7334,0.31933405939872045
2292,0.0974319199466528
3470,0.176400290313633
3747,0.5876986363669746
1915,0.17489575678836575
4820,0.16917139945266846
5771,0.5749124179106126
5005,0.7693760037858322
1763,0.12631455463151148
1936,0.2406043405967364
1265,0.2037842904924385
3407,0.4898632733100367
1751,0.2537025906051435
323,0.5739252659416452
3550,0.6729247090330353
6533,0.40143327823087754
8752,0.35866690447916355
2225,0.1431914766348846
7844,0.09804149163659578
887,0.30973094448864125
5713,0.4215219066145362
948,0.4023986933950846
3844,0.2659681726090897
77,0.40416120525213717
373,0.2428831013288941
5116,0.8677462291342878
3957,0.10151895612859099
9061,0.3006138457235481
8070,0.1685101401254636
270,0.15315986642025578
3027,0.9733508054323868
5134,0.5069588463172899
1951,0.27407828883274576
1738,0.21768029915416115
3990,0.638091243248994
3925,0.18305634244783733
4747,0.33648191152822016
8790,0.19305680393584226
6620,0.10762041190906997
3933,0.18561966121550408
8346,0.4420257831689759
6502,0.42828352360571087
1751,0.6001893923692675
5661,0.28102056087537153
9566,0.41897716087566356
6791,0.3584319178924995
1834,0.4558276191124317
5411,0.493000657409451
3699,0.236275568183073
3410,0.39532697329784283
1325,0.9291628913451744
5737,0.6487919384751907
232,0.16654609506892004
4932,0.5164417832884268
3692,0.5268765655295827
9497,0.4849388834612363
4085,0.22642193787677628
5210,0.494723872599688
9481,0.9645468391187734
1100,0.2926525631630548
8456,0.3537787515522006
8404,0.9701426706087551
441,0.2476729113151432
6828,0.37619278178326
9952,0.5844286185551166
321,0.2951016204018867
1614,0.5254141083984268
4891,0.21829679029402466
5292,0.2719122563559559
3932,0.6629239874736783
3563,0.10608634836000089
3226,0.4671908487644105
3600,0.2869983179259308
8200,0.25874786083639983
7603,0.38712788083070837
7311,0.18807680046147085
9983,0.294929370299424
1094,0.43145084703137004
8903,0.19686519319727516
5429,0.19368403724827715
4020,0.31284331953771344
7908,0.26459034602824694
1438,0.4277727089541579
1754,0.18710085260509463
6657,0.264558616975927
9707,0.6070447406355504
3475,0.5393580542404189
9481,0.38957761954244974
4305,0.410965222901791
9905,0.8428418584097817
9282,0.7540306829771347
414,0.13063866376568062
6647,0.36426898563445903
9983,0.3230478415690641
8072,0.1982588856828609
2722,0.14360240448161157
7183,0.4153266400971474
2292,0.3092555656625141
3503,0.3363190956708508
6250,0.08586353612288164
4232,0.29066991913200224
6789,0.1530802333339958
4085,0.48211219061034666
9652,0.5827329268113803
2827,0.1984521621834595
8377,0.16589797609025364
4799,0.9914133600288125
2599,0.6462066049265353
2693,0.43793447295364196
9295,0.3640198711472489
8599,0.7417811542703565
2087,0.442632175664357
7073,0.3027832107448043
2450,0.4336615159504822
8728,0.645627710470113
2193,0.4457823064077418
4556,0.3628210482307485
9091,0.2952596317598607
4772,0.23557140907058502
2557,0.34459570312657517
8923,0.4219046539962151
6726,0.7429257649111238
5295,0.1496626467174105
5485,0.4067285930205155
6969,0.2637288170646143
1728,0.7797650705088178
6828,0.6079159926641289
4357,0.1770117691840881
6594,0.561182645498663
2762,0.5276073554254944
2827,0.43616161106574813
3300,0.44036243259697605
3077,0.374357557774554
3873,0.18513905398105485
8069,0.4693257100193585
1986,0.8497226262090829
6281,0.14576240412313562
829,0.20086468358334478
466,0.15175862809677168
7799,0.6802299167032184
3689,0.2948099247017896
2236,0.3088854950965599
8494,0.44782209657693484
4969,0.22558951513725836
5188,0.5420615452767275
5429,0.8381721591553217
5195,0.3039081138093388
1274,0.5539844339948805
2377,0.34591212342391237
1245,0.482444101195508
8482,0.27588929933235035
2142,0.909712473734371
6500,0.1523580472446657
5441,0.17221306711410875
6854,0.23505990084672232
4747,0.15289653549513577
909,0.2896094930269583
2142,0.1671089146560757
73,0.26714927308867775
6545,0.22681723521815098
7975,0.17490284655685812
2225,0.18113760007657373
9059,0.4009598847495807
5366,0.4843716146232907
8034,0.09153409301930782
9828,0.49657346353330134
2466,0.5106008652888776
583,0.6384618835839809
2002,0.23968351719437545
5067,0.25801016556796463
9518,0.47591586398256364
3134,0.5727670185295893
1396,0.5737131482269852
8960,0.7778691126504036
4110,0.15284922860429748
6883,0.19211814688256937
2707,0.6250947458153241
3551,0.4892636085264984
5036,0.25394166873676816
5587,0.19348931154234209
5336,0.19435614318503053
2694,0.25996541471143897
5475,0.13979126561340255
2199,0.48233246116717643
1345,0.09780855669428423
1920,0.4427130353065488
4745,0.45191099740730406
5523,0.09416905142404407
2466,0.28232953750515155
5476,0.13477291905234562
1307,0.3419619983490993
3944,0.19372834764262478
6819,0.2571390174697387
7017,0.692354576147779
845,0.3568992776216982
1000,0.34368610884640605
2867,0.25429044525533123
4792,0.40723109667153395
7172,0.40065973188761506
4630,0.2213880579273705
8934,0.9117764739316998
7866,0.5839111376453862
2087,0.1615536863292808
6849,0.1557822900809868
3137,0.21719552486624355
8773,0.5032494199354205
8576,0.19447731076537206
1398,0.17664657462601102
2030,0.940964506875238
2422,0.26997593262303987
4252,0.4629937876600382
1171,0.817085346316859
6667,0.5647114795625382
8962,0.5305034855238405
1028,0.04911644192693049
9142,0.22420358043434246
7603,0.2203144708659424
5067,0.44749680145321824
5598,0.2788638044247283
4154,0.34363716069108075
1679,0.4030068225211693
9862,0.44500292564741223
8129,0.16021984358087327
5661,0.44900415769911356
2808,0.9374690855809561
7148,0.5599224929917073
6772,0.646536400908214
3791,0.4669597143913386
1156,0.9858184070719049
7690,0.40958988420693343
5516,0.6232536494568643
4456,0.23767528159953283
9805,0.20732450149573897
8557,0.25345387382212925
124,0.33457312934922057
692,0.27328135586003627
863,0.21436834060914634
5253,0.2899941666743162
2363,0.18495131048274055
2306,0.6253996498485721
6090,0.7887310990410448
1750,0.28615650516770574
3548,0.2639585561715597
7844,0.27035394599388574
545,0.8862627985549915
350,0.4305643632028806
4116,0.7800693559172691
1680,0.418051597687235
5253,0.24341594485007037
7160,0.46197289106181755
2351,0.28843189339669656
1857,0.3947071864317499
4864,0.7331419112778181
7975,0.1888678315947192
3808,0.4394074359638737
7062,0.10300274877562868
6490,0.8431561103436473
4042,0.2621850587533221
5609,0.21540959854478742
2900,0.22942640220453786
5134,0.18058956961199799
902,0.7389343678442738
9183,0.24548727114345342
350,0.3160485781974606
3918,0.34990112960449676
6594,0.19930292147925127
3168,0.13593110749199025
346,0.23452199705583227
1614,0.47475693982946804
8114,0.2920117752693756
8985,0.7368869169550378
321,0.28912555674003987
9450,0.3345494134550477
3891,0.2101154563107646
6640,0.53967586480112
5804,0.17862972265454719
3890,0.5704026889348299
4583,0.45270054427416795
661,0.6908492970712368
5598,0.33246225980718436
6211,0.48998915684866784
4327,0.2983278439921823
8196,0.0608604017650532
73,0.7397884348988445
5343,0.19498994099748537
7349,0.40227299128730587
5810,0.07088248406494388
7782,0.19413254755265616
5983,0.6202740614554341
9407,0.19018837691809176
5900,0.4257765124967976
2799,0.4991131044481483
9171,0.39169944451684174
8928,0.7454875137516395
2038,0.5552914416282643
3459,0.4285816179853133
1986,0.1769736208463779
5296,0.29619429417643856
2925,0.3132995886255511
2585,0.19040145737161854
8416,0.1356270530074835
3506,0.4700739753486269
8923,0.2585214597043642
3300,0.29374662167932314
4852,0.6680565645588268
5575,0.10743261413709473
7160,0.11905258370490535
2225,0.15172975151046994
5980,0.2356107034053417
3423,0.21519867338551868
1398,0.2465119451475585
3134,0.2720334484657534
7728,0.6055202414222463
1949,0.8779405868859641
2599,0.12270623967542407
2193,0.33548214306351337
2700,0.8118727027671958
6460,0.13743905298238548
2552,0.19627897551155568
4386,0.06484691604970072
5608,0.23205916439468152
5344,0.1624607595058711
8567,0.25112765262961473
414,0.12123978203660171
3472,0.20327354097157874
5005,0.2497598161583337
545,0.4350780787263357
5135,0.27917851007641814
996,0.3937296894045272
73,0.29490248672732755
9521,0.2517674854233101
6911,0.08418138208955554
1901,0.7209130749478032
5087,0.4453073173880049
2832,0.35059062145870995
2673,0.8610862669661834
4677,0.20476590967569278
8960,0.3955522858836818
6692,0.6311729380551
6074,0.26730202302388184
4164,0.07755112552072406
3483,0.8658784037211223
4116,0.4168275948966465
9059,0.23870010007253906
5190,0.20146375373826952
7628,0.5063355249298243
5011,0.26416073422902936
5618,0.6710302275663965
5703,0.30870495693715433
7957,0.11863721455904708
3881,0.5767322778167513
1884,0.38643364576429573
8217,0.4206774396564074
9800,0.604200641209163
1337,0.27200248358700374
5776,0.8834201777989663
539,0.6268861291703886
8853,0.23150640616747986
3324,0.4958410317657859
7341,0.41498569632168975
8682,0.2872382213991079
7434,0.3680057463413316
2941,0.42328129911286255
1857,0.09771672702638419
2336,0.2507987435445064
3291,0.08774217961138364
6883,0.7565426376447015
5428,0.8544512286776952
221,0.9596467676805516
635,0.1533651926653275
5751,0.8318800159128248
4203,0.31654618657894323
7888,0.2762447072704074
8951,0.21525958224070899
2799,0.3248234362878954
2317,0.7856380339702415
1428,0.5500391934505235
5011,0.23295601754756584
2297,0.306113157724316
9794,0.2788423610484082
5425,0.1992634340744479
1638,0.2690425522010591
8951,0.5068460884227525
7274,0.75255771567803
5011,0.39985524831995445
2941,0.27427586768189854
1863,0.48471209368928264
3188,0.43061098633092026
6772,0.46203924367494437
5005,0.15872670696978214
7376,0.1692926029966576
3145,0.17655200246784045
6331,0.3109321458864376
4608,0.18369061801011818
8798,0.2986385256088481
4336,0.41083991968486167
4150,0.9550226319317641
1668,0.34857776255074613
708,0.2182580158685749
1347,0.4123562646525514
1834,0.13366897678482756
2750,0.566129890645424
661,0.174984697869486
3808,0.3204336351441946
1198,0.29908453962145165
4871,0.4744645585222787
5659,0.06824770203124207
7307,0.16943353546482512
6203,0.12356231515462843
7404,0.16762084143962255
6675,0.40106517333116065
933,0.10490310463613593
4181,0.41084708121676744
1744,0.1606369834787353
8985,0.3605876455138899
187,0.350678060358001
9496,0.12748706778516508
2718,0.1771699689050035
3185,0.42850702543784386
9664,0.1065967267854964
8255,0.32711895375915406
4521,0.5381190418255166
8964,0.26375258063151474
8270,0.31882380148006795
2991,0.3362041738346488
8341,0.15866418121434808
7565,0.6572404094303731
3014,0.24913131552069961
8258,0.21474139710694073
5646,0.1871596724881426
4849,0.40445149000575886
5989,0.6660548136404155
9917,0.9901662673534336
8063,0.1724155986001064
9349,0.232929740670488
6500,0.6203051515951553
3835,0.1989767619225617
1665,0.5413218890470732
411,0.4564532091260762
4299,0.3538598498644798
9522,0.32537366879820384
3703,0.16943301827469975
4471,0.14161234755124374
8429,0.8203904017902841
1854,0.29333028267129
7414,0.07940995985437453
7945,0.8990972498047705
6879,0.3619293832281285
6791,0.8344808400292579
4387,0.07063641116644384
5087,0.28484012225976113
6835,0.3673878669255997
7705,0.21190286885225249
7900,0.10202418844008113
996,0.3458559821954821
4773,0.19571151246547988
2756,0.49694133534704193
9412,0.27742203923999625
5869,0.09069686931143932
9534,0.26100238305040696
3389,0.2236047263880912
6933,0.2860372047300432
4092,0.5463394553451244
4283,0.23421615799361406
4110,0.4797403965199485
5668,0.42334097099338686
923,0.26623551255601424
1901,0.9633191991320369
9302,0.17798198665209053
4871,0.45577413562469615
3804,0.15732954813811617
5695,0.11257411979216882
4048,0.09279936053967865
2489,0.16529240952674878
8255,0.2935960908391061
1884,0.2285693579773762
7390,0.4192351659832392
2006,0.25343585364273463
7361,0.29192610746205444
539,0.39065323355862297
9451,0.3612376022294746
5626,0.18262623490271174
8630,0.834565423255252
4156,0.8064722221384861
6245,0.6990378423846468
2881,0.7720937770938481
4063,0.10230499214399001
411,0.48412106573667557
1987,0.3807291505715666
5309,0.4477227219132408
2643,0.5617481839163869
5178,0.9970676092822244
6427,0.534549491948778
8522,0.32264523283699176
384,0.12946176160999262
3221,0.4914107525628802
5563,0.2566962437818864
7347,0.2382679371823354
9794,0.4195139364666786
7387,0.26521030457348765
637,0.31194075879300287
7206,0.536934321183722
4872,0.19708235617529807
5995,0.34978953081264896
1483,0.9277607301761721
8792,0.35984165228245524
4862,0.24834682972180938
1305,0.7951317112244544
9170,0.3226966875629706
8102,0.39052688582733663
860,0.09951148725913173
1859,0.5847353410148348
4362,0.30462022518497717
9450,0.3921382792749562
9498,0.26651811150594
102,0.37782931337413217
9622,0.3630209047249781
8798,0.22012019481032596
9347,0.12323755984403922
6359,0.6011948469746669
8603,0.8081934734374974
1763,0.958356198600615
1530,0.49680211103553595
1463,0.4480513850906185
2157,0.2926218392215035
3223,0.1789878979267287
856,0.09688462173412246
6847,0.17744983790457736
3627,0.26553712770402305
5290,0.19143052676635106
8762,0.6671346904607185
5508,0.28364326248574123
904,0.47435493714068633
1168,0.9154036092803338
9037,0.8592973437584678
2333,0.610279647992439
2684,0.3182800982364135
6856,0.5512280025777414
8718,0.3192808670304492
3540,0.1257972696521504
3360,0.8312166441901372
6826,0.5672321783279513
7688,0.34466733529412263
7956,0.24026224800787196
8142,0.762060018807942
6363,0.1866431500450198
5503,0.9012502847930952
3040,0.11812871461656282
1455,0.16676646086458033
4607,0.9024300005194599
4697,0.27641969107870873
4362,0.1409348389116959
9498,0.280253358877372
3398,0.6191509632386477
180,0.5809099921983938
8935,0.25459310818154546
8290,0.8300502687925533
5050,0.3625265009271293
8798,0.5331409533033784
2723,0.42131734223752554
9061,0.41050235302548477
6156,0.20378651037023704
6074,0.23136343579229895
6602,0.27818806126358214
6484,0.8061735588515513
8044,0.870594368170626
1107,0.10005225196537201
4565,0.20499455696854815
2176,0.2952099876523096
7120,0.300131727712119
321,0.3550224344479442
3898,0.36153268177739806
1949,0.33860121827097167
2197,0.44059947929647353
7954,0.6840504842059539
3715,0.19550873762009804
5417,0.23687940539323135
8303,0.6154578257012316
833,0.10983906596095663
645,0.2596823947733941
2856,0.35309398782641543
5758,0.07426184110327307
4852,0.4652740078098459
5639,0.45568128504791683
2284,0.3118759517504565
8815,0.49836959450059476
7956,0.6128401213433531
8629,0.12625771552691611
7159,0.30606407206099917
5485,0.2143824602447549
809,0.4145534512444444
2393,0.9971057822411098
1280,0.1991979248517739
2856,0.31519822498528177
4695,0.40938124339384263
3483,0.22079103328941782
6739,0.7848127658384525
7335,0.473725193331508
9652,0.26269126983846014
4032,0.1836693201859635
6982,0.5768878406123084
3375,0.47612896112637276
785,0.27767122537964634
221,0.2074115912477844
1675,0.3688213732534245
1668,0.2163630071951755
1557,0.3165922885545996
9705,0.34615324404756037
7767,0.27966305603363784
7554,0.7173980418275137
8494,0.45474023481431974
8438,0.25742816115687295
6908,0.8164789762218091
3468,0.7099493312114081
5488,0.40467502538920125
9983,0.16671985616035767
1335,0.2735967806299023
568,0.43555915878208284
785,0.7222730568597966
4920,0.7949667003028494
7334,0.5316699288831359
9159,0.19675967485951562
2199,0.5845946683742913
9471,0.36227027421655844
5592,0.2874070336010493
3723,0.39052224893271203
5202,0.2451373358226109
1787,0.5191641613736864
4765,0.3901516202113494
1896,0.1184730763996774
403,0.2985892648016232
8554,0.6510896631988008
7328,0.2987518901367594
5178,0.6708468533527283
481,0.38180339282305703
7328,0.12128213905079856
653,0.704677546981281
5786,0.4148179674378921
8978,0.7952794350292197
7642,0.16325472794618076
1915,0.2968498206989869
5300,0.24753525015368028
2137,0.4853576752410822
822,0.9888125259558462
6034,0.12342008300103936
5267,0.4463489260702665
4628,0.7403947052688538
9954,0.1228872786495772
6517,0.5549682019368438
4636,0.3853508940582358
5662,0.1991132482469859
1747,0.1846464955257528
8529,0.3157252750662183
1263,0.24599106601091147
892,0.4416709906069017
3990,0.40623886759039646
3872,0.5982601112519542
4814,0.6666077113827926
5592,0.9398610531605728
2808,0.41719860860999414
3313,0.336998850461309
1903,0.8963890482041622
1621,0.280547202986929
1150,0.2063119479110131
3221,0.72114656421163
3500,0.13840982221813955
8200,0.10979841709931398
16,0.5567256827613035
9040,0.3230408801250137
6078,0.1676274455436286
2042,0.605888874348708
2516,0.8780623318013373
9313,0.49684859234288037
1901,0.552525335656507
6590,0.7840569557072381
996,0.411042939591754
719,0.6450978220716512
8822,0.35731273407806013
1335,0.43827005303160477
9159,0.5699909991296483
8612,0.24951775189431533
6034,0.13667295082925424
8695,0.47464332874043785
9528,0.6335351157830473
2631,0.5066025856014473
3509,0.6409192044511645
226,0.16182104150177865
8529,0.500218102176775
5310,0.5913633275049841
3420,0.2821749089301327
2039,0.43963498274288193
2410,0.2805060735921546
9003,0.10854053062210463
9760,0.21522613315658565
6347,0.4367729332397713
635,0.18109370292477275
9269,0.41493618495516343
3101,0.07775232005236765
1491,0.1277468921621518
2995,0.3732758119067113
4032,0.17690576290673068
8342,0.9999121066610372
1306,0.20369505986450362
8603,0.08108004084662351
262,0.5631175458557197
5804,0.5848745796541149
1263,0.17538794874549013
4431,0.4904412787373514
871,0.14310136304256907
2225,0.2867265956435773
9871,0.35230866396987537
3101,0.5405555654262535
7335,0.1450530265346705
293,0.5009421412941368
5787,0.32717535199618586
4028,0.9542061274008891
8793,0.1922295973189889
8127,0.15756839273987638
3992,0.1665636507164986
7415,0.1925067374671507
2438,0.8718480388566358
6933,0.13312017609639068
701,0.3413202542255216
7971,0.40842351525602727
8542,0.389265388120485
7408,0.36963451964996424
2792,0.15614189264436557
4402,0.3095783525004673
5787,0.4224644417862237
6824,0.35267970304140883
8249,0.4128721699355628
6674,0.5310577658611483
7148,0.3664070436808209
154,0.6095040060326503
7373,0.3600758478662105
1957,0.42567184731667423
1660,0.9562721394679292
1738,0.35290304933437544
6314,0.21048617386945542
908,0.18294660332172522
2420,0.2597978322933691
1937,0.29935102416899756
3604,0.46988122186663966
8089,0.40990415797883756
5508,0.5281576723605356
45,0.25610322630431387
3462,0.30852305535189806
7844,0.5400387299642316
2935,0.1209291947311536
5901,0.21053487205342988
5860,0.4782622242599649
933,0.41528399893008705
6772,0.4422033176820168
8570,0.37781567252035386
2377,0.09303387737781164
3040,0.37492376079728806
8200,0.15089118198224166
1412,0.1807809859979157
2336,0.09797348625731499
1344,0.24284240242418723
4657,0.11402837456027472
8793,0.43465303553526374
2935,0.14071360492341267
6625,0.2312441631086005
4260,0.27758271110309146
1056,0.23708509589684038
619,0.4548482379857702
8326,0.4627751658466281
7578,0.1048915238429648
5668,0.5256657938219554
6353,0.16776375785271105
862,0.5332528833212362
8833,0.1782522496981967
5142,0.39464700970495437
7260,0.32946835153661286
3185,0.5412333808168995
6252,0.7054465854920672
6250,0.9576959454589042
490,0.20901045897462867
8554,0.6763766902673173
1390,0.3839309074034113
3835,0.43485480976616714
923,0.9984942739456961
4032,0.23512736049054042
6106,0.5400653532909014
9509,0.7170490544632737
6347,0.4151166163620631
6474,0.5600003070338536
7753,0.3030616091728733
9636,0.1257104675001292
6908,0.05419046524868251
4841,0.509876977183185
9745,0.5497130775415547
6827,0.5686964950811035
6359,0.4675232269475614
6365,0.15925454697094457
7301,0.20025363613266123
837,0.21926282326734975
7736,0.6674102546475379
4095,0.6431152175999207
7412,0.5082875974311967
6602,0.5177846614338852
7876,0.39100864470632474
6297,0.7021741090639226
8770,0.1613195888444855
613,0.4306454861295915
7906,0.22767317733949183
3853,0.5300392082381042
653,0.29741362538223876
5127,0.25647282304656016
122,0.8467761012310218
7282,0.3370516470503829
5184,0.6694565692975472
7007,0.851101468058571
8928,0.43060903551367924
8910,0.7150016594979786
7674,0.7005388530899725
5402,0.9584622496900584
7401,0.22680802850735393
4778,0.16831333946044813
2480,0.09880382174376487
5738,0.3556367345041142
3835,0.21537074766254824
1834,0.07154485126953242
5220,0.7649532825642771
913,0.5836494393779547
8962,0.4104276754541384
6474,0.13371721063977196
4362,0.22045561292906343
913,0.251758989774009
8570,0.2356432686172601
9794,0.41800631778659664
1283,0.23710697736950842
3391,0.2278527882929738
6020,0.5686435063798659
288,0.38066862308288557
2102,0.5823889202454676
3739,0.17653231772711603
8535,0.5555274653033402
2693,0.2418734155240727
817,0.27995744918350435
7074,0.46950532116812965
254,0.35946986026003047
6858,0.37279249337590054
954,0.4975185498259879
6827,0.25688346439282767
3332,0.2651783241363813
8764,0.34791744323910095
6329,0.18978494024750275
9547,0.863821610347131
2378,0.23054475514142822
2406,0.6974480896927979
9394,0.6700640522615717
7361,0.26434491679356054
6165,0.3147438613598856
7843,0.7007640607993115
9825,0.44020008015587314
4402,0.9803083256207734
4950,0.8522841961696658
9302,0.7043578162101091
303,0.09965861197416769
4961,0.2982710410396001
3784,0.8862018104925622
1150,0.3530832589340666
6363,0.2649062652368543
6991,0.34153594794194847
395,0.2757058905329349
7322,0.15119962539522622
8833,0.5121592599090757
980,0.35832748442524665
9742,0.5812500432176894
4588,0.5186476616328328
98,0.7016469239660162
904,0.3656101026679362
6049,0.08044719719139397
9291,0.42484406061872637
6472,0.3599131043166844
8200,0.19449574937675485
6353,0.47824471561714516
5985,0.2003805351962978
7380,0.09368743652072928
2792,0.39456068387580884
6314,0.6632940758402994
3761,0.0680362406506604
8523,0.5653947241896514
8105,0.4377473733430145
2826,0.5784118389635579
7943,0.6317946555245907
1786,0.812179307463244
9080,0.24739654457863822
3957,0.2720863164957376
3311,0.4459358877663278
4986,0.12406807484428276
3418,0.1603198631494606
5598,0.35391966413678716
7227,0.21518645996749425
7307,0.22470916513059078
154,0.8472767239313261
8912,0.5433474636098226
8099,0.6528840217885562
4327,0.07065952683019602
6839,0.27539119247937727
9291,0.6002940736874918
143,0.8557255852164012
3918,0.2602443976259551
9714,0.47492531272346195
2438,0.5530920213078235
5849,0.4450347962080283
3332,0.3233869270584719
8691,0.2844052990579428
4032,0.35046812264555965
2726,0.3796856808644503
7971,0.4238468255392408
2762,0.7383680959869309
9636,0.1196400752446897
490,0.43262590992534944
2045,0.25640785654796333
1621,0.5685306635125154
1859,0.1077098334208503
9538,0.18204895795978696
6288,0.1833209405012584
3315,0.09096612068123033
3470,0.2137090590398373
9291,0.17665481894591456
9747,0.23117839160939535
1588,0.08925237814776632
8321,0.6368209943933608
9437,0.5636921708881238
172,0.1376533007586366
2352,0.6286034272380641
1542,0.3393570457881849
4146,0.361255573758611
2443,0.2958926186608803
2376,0.10920383198935912
149,0.1541259705176658
8385,0.10246528132031694
3991,0.4228960694562696
1344,0.33456592379660904
585,0.5045308351930506
8151,0.4107958115710735
6794,0.18459451272726649
5659,0.17715690091875347
9745,0.38379734738605564
5682,0.4111454101019777
4529,0.3773836528594011
577,0.18829423064247153
9710,0.1687258082133886
1298,0.8711574083359032
4588,0.47505391501658667
3497,0.9236033187292687
1859,0.42591739064385653
7628,0.5899623470079339
6856,0.1540298974180284
3974,0.2860779180188821
8910,0.2890213368617955
2219,0.24606309279018382
4402,0.7214211153872596
5417,0.6990153601988204
276,0.9327109169391415
383,0.6296923492943256
22,0.9415854231315668
9916,0.2363778509840146
630,0.342621258430152
3228,0.44416033700203594
3600,0.22450552085045192
5430,0.5210732869045236
9228,0.2118571823267155
2923,0.15261197521437297
9800,0.13784649736350965
8221,0.492909070693036
948,0.1824225354504785
7674,0.1518124667682034
4476,0.23524604676319993
9554,0.4097515076424014
6254,0.7041636562920957
2420,0.2898494044673654
8210,0.31398589454512404
4778,0.15071244597283218
2832,0.24217048852616627
6948,0.3251151280059193
4439,0.7742849317312579
256,0.2601850487240317
6776,0.6517189836842785
7693,0.8430252630721328
7496,0.7473250532878538
7943,0.42256772185790925
730,0.45522624041684767
1209,0.26865742507430773
4636,0.39065147636192915
8129,0.306897583419215
8255,0.32231035397711466
5616,0.38779892450240677
4642,0.5924513662497227
1714,0.5576152225143987
6078,0.20434732091551333
4985,0.2958497386671531
3947,0.23941905446927847
1542,0.14442974428057098
4293,0.3562749843982397
3526,0.44300366510388356
904,0.4487314660751146
9585,0.12676093496564464
143,0.2766476978977588
3952,0.25936685331466885
908,0.7537693219796455
9418,0.20984208455232417
2006,0.8023693696035372
1334,0.45153247945540786
970,0.2663153973208826
256,0.7685675988429796
4964,0.4185951225372655
8258,0.2047390387413096
3910,0.32910433271161493
8691,0.6529596841751866
7196,0.20083300136947232
9959,0.14596875147243776
2609,0.172654484526525
2685,0.2274460035824093
8290,0.9121267271549682
6371,0.4546632905537763
3381,0.17384265648011404
9761,0.19906834314928598
9365,0.12533938054227592
1859,0.1291750661351024
5529,0.3959521429830245
9439,0.13683173255002345
2116,0.5898466893347188
2284,0.23667276011330743
4155,0.6534062976157112
8281,0.43683897182585313
6049,0.2558919167811409
8829,0.7007232311196281
1263,0.3658952839159122
8056,0.8651109767574641
6706,0.12938365256569975
9183,0.43868064591775713
5992,0.4807901712685846
5371,0.273759796918948
741,0.9518597431245621
4735,0.7518014948793
7213,0.28265892559806205
4952,0.35761984617648446
7132,0.5033007469040217
3413,0.3350877509553702
1993,0.749642494670383
2367,0.694609582051767
3429,0.7307716064648737
139,0.22517527344157393
143,0.4330827857767469
504,0.5074179309833556
675,0.3085352977407146
5332,0.1010290171282405
3174,0.17552270221868352
7511,0.13574863830644415
6374,0.5859727958384972
1062,0.8200986406796672
9468,0.2304334590170717
7511,0.4447106045617622
908,0.638472337326409
7767,0.5304537159477348
3122,0.6321862075040393
8703,0.3048948378830177
3697,0.4693674968579012
1580,0.48028456758025495
5786,0.3236127193748217
38,0.840522704594148
6463,0.4576064659435948
9971,0.5001890612929384
5508,0.4406302051878105
7398,0.054431667278025515
2900,0.5208905263029535
8703,0.5597582136189131
3583,0.6918676335733079
5982,0.7576710708387515
5368,0.4293432894517101
7781,0.44343281951077335
7789,0.18487819066381758
6941,0.1253292124337375
4017,0.12211043613656754
8016,0.23795568546416668
980,0.5070263285673564
9742,0.36260583028252885
9841,0.2722816107161303
3352,0.27685675103927543
9073,0.20258105595792358
3497,0.23871014368397314
4840,0.3773491188169623
3910,0.12797985706327397
4588,0.25180193155433234
4048,0.13349932296818529
8689,0.24562412727564267
9458,0.28428202878184616
2215,0.3958409618908367
1834,0.17390197436360677
5633,0.16584845281675065
3255,0.8357848099332992
3374,0.4110830005494257
648,0.36359164025942414
8132,0.11988571667313172
1062,0.19054702939911095
4273,0.40690495980246155
1402,0.8369686001244301
6804,0.6674930031962341
7208,0.17063919175751324
7279,0.12526593663267402
3454,0.4331967524428919
8112,0.3672938034887619
1166,0.5567174605564574
1270,0.28882987238683216
8112,0.16739964802815258
3155,0.21117106373896385
8469,0.6159953771250197
7864,0.2329858707573753
5306,0.47194015082600044
2215,0.2014222573854536
7376,0.17879177339441002
5892,0.25845026428827095
7208,0.3939248427315198
9009,0.9094602868542577
954,0.3699260076074201
9589,0.15706236459477113
8321,0.9984091094180637
2340,0.4983279093502464
6432,0.7016521381926393
675,0.6391892954280866
6545,0.12043993318431968
6436,0.2753140136275916
8221,0.3467343081093704
1491,0.0780782112159889
9613,0.12667403253030116
288,0.48202810488662323
9157,0.7038875165304337
4342,0.18813421402147582
155,0.31969780938871134
1209,0.24271089731343332
3226,0.13006818736211823
155,0.6300813070317545
617,0.21089246011960705
5638,0.20451450804413315
1942,0.13728040439806774
3567,0.2777097764957241
7135,0.5289481668619131
8954,0.383182247510379
6008,0.28747174980273527
9119,0.20387633452217294
9725,0.43443002835848
7625,0.793208535620657
9917,0.4655334888787027
2006,0.20762508306146593
8056,0.2509230184329374
4292,0.3551478146369799
9185,0.2340163914358085
8878,0.7767844946008778
7251,0.703895643651265
7260,0.6547648682516801
224,0.5137804095154509
5109,0.17653711578479822
1565,0.09846217709604271
4690,0.7262624766317273
7544,0.06276946109271359
5771,0.2543019217442317
9606,0.5747789759337779
7376,0.14403560736751322
3875,0.7265236017661997
5589,0.25561727889159647
3632,0.8594711966541537
9954,0.256060953396634
5871,0.3278093939724665
4187,0.8011067940881516
9841,0.43550725544256175
8928,0.5988002985405966
155,0.5368584123975484
8695,0.3168913447160855
3798,0.6556603980076146
9479,0.3102256382896304
4518,0.7658683998516845
562,0.8623230441457728
7387,0.7644590973440236
4171,0.19196793953581429
1648,0.12406799849811898
4894,0.603372464217791
7322,0.3610908082568905
9871,0.28506229854735876
900,0.1988215987249173
4805,0.2486372535677316
9920,0.21873182732108157
2115,0.30110553105196536
9582,0.11277679198555267
9274,0.22631515681985315
4552,0.2502618895532637
5271,0.601977967534329
7692,0.557485033646665
3456,0.3282302874170705
3972,0.1189727485839606
8608,0.2109664166416075
5751,0.5283604978109546
840,0.403043628704639
2982,0.4920665111215756
6410,0.3218753325265492
4840,0.3261683332003248
1082,0.8834043359276211
6760,0.20455407545737875
4903,0.353735404890032
2166,0.4155480869791674
8910,0.06464670240144199
9845,0.32699474850061205
2137,0.5429691648851
4010,0.9508373875265331
8667,0.7478566248404684
6455,0.37982236230807404
3014,0.3062089250082805
3427,0.24713431534601119
649,0.14354814181740821
8066,0.3332616178511562
7936,0.32076508098210665
7351,0.15247294279721363
6215,0.33269946038409093
6472,0.2713257538518716
187,0.32349711504987166
9636,0.20886231666221394
4222,0.5330949228869304
9142,0.28941525270708385
8321,0.15347644004120187
3607,0.35640335477518853
741,0.7306345537008146
3697,0.2753850494051268
5681,0.09751522778689951
2219,0.288112650045704
9432,0.5235141804523847
3228,0.39907237238219645
5982,0.2662691115154413
6512,0.46558074253641113
8105,0.36557836614749983
4476,0.2623154902869409
6316,0.43520405765721903
4583,0.11061858804779473
7659,0.12022431326833184
7350,0.6993788639536468
7402,0.8800024329669006
3497,0.4572511179125677
1980,0.2626097379381519
1270,0.33655833381699696
630,0.5740196489918126
262,0.6912862826280038
6851,0.3413055655557733
6743,0.2206690588661955
4950,0.41163287797618253
8833,0.6249387113755392
8904,0.25416854349094364
3185,0.4472052582724295
2058,0.3874850154945702
1280,0.1556099395210635
9237,0.15324357070642816
3064,0.33472667430247316
2215,0.3049661790924371
2068,0.3431600062124971
3304,0.5821116361608913
9064,0.3586542746716333
6924,0.3995288870459886
1755,0.7930237381874097
6824,0.5217465089377213
8825,0.8777525488907721
8758,0.9701356211127815
9228,0.8083246887540106
9841,0.5662269185149152
3462,0.3167586802125841
9803,0.29189927131205856
8703,0.8580500180347258
970,0.10091589809142382
9458,0.17643783285949735
3122,0.5413529985754139
4456,0.3041977014397859
9315,0.11502004659135674
432,0.22917297101018966
5128,0.17789578098299108
1621,0.7255379114446202
8768,0.33455738362087956
1085,0.32963660414905016
9612,0.2683739316796667
1402,0.7666952118948616
6011,0.24220172451255534
5417,0.32836772699167
791,0.35465847175999654
899,0.712592616745669
9277,0.42473188471815393
1402,0.26734869618400425
4429,0.3148296352641806
6944,0.5647017934475936
7514,0.9032603077609351
1673,0.40805465117150186
2921,0.4800650678759527
5145,0.2145405918973371
4958,0.7623869529926236
4890,0.761551740321907
695,0.29366074237448025
648,0.6938995334667442
384,0.24619025645577253
5912,0.5033663818376839
8414,0.3932206006550723
9432,0.19959032534919802
6749,0.15388390859227657
1623,0.06821705800751146
7011,0.19680805474434576
4754,0.5397223638170797
3786,0.2653663265722857
7512,0.6003343468359182
2486,0.1113853616016143
873,0.7735133222091852
9418,0.4739906259280546
5678,0.5252477992821304
7688,0.19986797597489747
3118,0.18921208407472875
9776,0.4399677508163741
6213,0.5695116389507927
1673,0.89859875194836
1463,0.17634005592444904
4442,0.08802492298414397
4740,0.27527121996033593
9714,0.18332321981224928
3350,0.2746929111211539
617,0.6239253360888642
8758,0.14650484065029076
1580,0.42100066827691823
7692,0.7378136748330528
1708,0.1748525990685474
4436,0.2507249723595294
5556,0.07004173311543435
2032,0.6611181026187486
7478,0.724909892675862
6972,0.18009394115994487
7608,0.12138571073888996
19,0.27424414403908676
6547,0.4920664217728829
3111,0.8580560474097669
2955,0.3689125080340312
9229,0.42900192968892015
8112,0.8789463359506021
6943,0.23105631176605548
8830,0.4213864641330612
741,0.4403435342001951
4119,0.6804706841185062
1423,0.2991731335819553
2443,0.25630686429829164
8367,0.14673791160821603
802,0.09636721173724977
1458,0.30408759831329873
2607,0.15873449595725592
3341,0.40322478546337026
6215,0.2984144757719847
1729,0.1520748918095059
7553,0.1175814594861156
3529,0.17304944968176353
5271,0.696540211120724
4381,0.20334277975233658
3355,0.6612135948219608
9392,0.10497000337300548
3381,0.22764627588437458
424,0.5330674017675413
4456,0.6407434486348799
5437,0.36807987007282444
8695,0.6475746199566728
4950,0.9053761375959122
830,0.8239926862734152
4210,0.9526006383881498
5603,0.15359501107151396
3813,0.3175366952987141
695,0.3553859887491506
5234,0.5177105648623176
810,0.2422160423062865
5612,0.34783157956975125
4793,0.6830396171108739
3523,0.9614555482794557
3957,0.16427144878181477
1931,0.3757144652183936
3665,0.5222978169052501
2221,0.2848784377132652
1725,0.19395327424147873
3911,0.14652663787177278
2516,0.1604480758869052
9981,0.4110144923762181
6298,0.42867500556162136
368,0.4210974060103713
457,0.08843551301366075
9699,0.27493169541660173
3491,0.640098437064776
1660,0.17672150665893985
9361,0.28145534069333855
1356,0.9706787613897456
1257,0.7783572333976885
3557,0.2759779064294277
3127,0.1524640285030782
3127,0.26303921467606084
9463,0.46881546468598495
1472,0.37398209111544534
2350,0.2881911488215544
6878,0.4781330363974953
2658,0.4114390408365822
7228,0.26780027208198537
8534,0.5091784054579037
7347,0.2785175768772665
9479,0.23453854940283622
5678,0.28796843526586696
4234,0.13462245387695365
4805,0.20745727292001329
2516,0.27717713102847874
8355,0.6237635511058364
2295,0.133453031996
8469,0.29667261054309535
9608,0.46397954493566557
2726,0.23216631968633408
1725,0.31874419264723197
2867,0.4822116932071224
5319,0.18199991131129875
2851,0.14938916259324025
786,0.8257127122722372
3503,0.08964371035236883
3508,0.6199877918689355
3940,0.2101862974959346
5187,0.11753155067198731
4736,0.09150259613916169
9718,0.3381935683308979
8438,0.3709163913300016
5216,0.15067267200681958
4805,0.3519717321123709
5980,0.2692890855644835
6862,0.3006176215467442
303,0.39876561831018137
2111,0.5480076528347191
2639,0.7724745593841643
6024,0.2855586719129696
7668,0.18749799072081075
6871,0.8757762149163503
295,0.5097272543866587
3447,0.6868468111160787
7541,0.09891353054750632
5621,0.5065484791097713
3557,0.4147845618557596
4283,0.22236653432783343
4920,0.25229192018254815
2792,0.26829284920517993
2921,0.10575953512772872
8229,0.22383082885719127
9384,0.3357682432671859
5507,0.4142357066869096
6834,0.3989087852770708
1377,0.23997159365998066
2864,0.8896783344885226
6424,0.43009587275101424
2664,0.6636918812871481
8469,0.19926979346498308
3735,0.3395281688483942
5496,0.6103133465051731
5285,0.6927578758059982
3878,0.9232666610872621
6922,0.10274294946553733
613,0.39771591184259153
9392,0.26179658957082763
3971,0.660800974638744
3182,0.307332135259216
5612,0.13822321615720254
6729,0.36765551369325933
9697,0.40189111521584214
4455,0.19415862272003073
3831,0.2763744306971807
7368,0.486370606452983
5225,0.10262323253265898
6760,0.7591108082561414
5474,0.33558101958821573
8433,0.26029389043486223
6028,0.48253757284166016
1200,0.6206718426285451
504,0.16307193569027226
7279,0.37778709738715216
4264,0.3966120312079593
8242,0.20609075893130882
7941,0.2317191437997445
3940,0.2424343584775006
4658,0.7942768461690118
3398,0.5723275851110743
7605,0.2393276585659695
3417,0.27012739187902396
2329,0.7216181396177647
6851,0.2630132012104867
9547,0.4081434642183359
9229,0.6551583652993965
1234,0.30766003195286595
9776,0.22186602817368262
5179,0.16142504627660145
7941,0.9889446555889876
6472,0.18596969278607675
4264,0.5441245292817197
4642,0.6960990771937952
4742,0.4081857602855507
4788,0.4780959767342027
5432,0.17939384014502438
9232,0.9978333393575528
6106,0.1582273675766868
4962,0.6446734591497464
3101,0.23203198704447023
8056,0.2962108296881459
6848,0.3127689549898353
5216,0.07992873989742391
3342,0.1739452978508518
6110,0.5370878054436625
7718,0.35757309301184853
5807,0.22450196459528712
673,0.7009784905104016
6110,0.8502282004737367
7401,0.3152187256110319
5873,0.3728716657060077
2987,0.32249503809717134
5039,0.5014904223063923
432,0.37997459468559186
5645,0.6585557099564804
768,0.6940279520702616
524,0.770813606718815
8516,0.5253816486507854
4662,0.6939665870216217
4962,0.7236271984519983
6588,0.3029986422723594
5237,0.22262425629007063
8512,0.3863387755162385
9763,0.6296391909011612
5978,0.13328502325546188
5054,0.3905622789438527
7045,0.49347801667297164
4754,0.2493531117991535
5953,0.19416877520810447
1806,0.3414342506195596
6799,0.7039140676079223
5144,0.3202155261731313
2840,0.0902087595492177
3689,0.3515628947704535
1383,0.976645293042716
1241,0.8749214723738425
8149,0.35250737333964566
3957,0.6232467149692024
5142,0.5661476119061822
4292,0.4288678710260439
1676,0.12787039976337433
1200,0.48651534959280957
3398,0.9709608911934211
2444,0.4087094815239096
786,0.5511586198925433
276,0.5178082230240267
6664,0.2891470508543845
1689,0.3437429717313614
3124,0.4195221407873368
1987,0.19949678682663252
5333,0.23215892364870305
2305,0.6562390980450874
2115,0.1842860001709076
9848,0.8892801413500426
13,0.532346523968965
9295,0.17870024310286683
368,0.287894407934093
2406,0.5072089316581548
1,0.11106030082632917
6379,0.25943012452802156
667,0.2332801294151175
8177,0.4165967967187473
4816,0.9544362938889304
2635,0.3837158743431973
8592,0.5311397864250255
7159,0.6349701852943579
1560,0.5610293097855208
8229,0.6222633122292038
1336,0.15137127090419625
8646,0.6789724926505943
7004,0.3138090042976271
7703,0.47324034386613917
327,0.2552392287654377
5187,0.2171345931708462
6944,0.47021464053711065
512,0.2751778943202858
1325,0.09637773398499823
534,0.1410137966386072
6943,0.8818042644612327
2822,0.5887790024087436
3883,0.3293916576219967
414,0.7744306878183123
6033,0.27176019564627285
6171,0.19441317662047122
9789,0.6098579975750154
2129,0.17068502729506455
1407,0.21971037491687406
2905,0.7688388277102916
2547,0.29798238065788624
9944,0.523234918783956
4117,0.26421614984467845
2585,0.1873837051744033
2809,0.9407720899321877
4455,0.7151054826506995
9347,0.08289589907502021
9163,0.6530793736380761
4586,0.5528070681059276
1463,0.647735751542555
6835,0.25919604980031613
775,0.6567314947169265
562,0.9344417851122279
2162,0.6434774733324032
3557,0.7690790736622679
5991,0.26118565464745463
5084,0.3845422123893896
3440,0.4228034596017111
968,0.2132544697947016
6106,0.6353245411425466
5681,0.23632772000382662
1036,0.3654586144387531
4264,0.43259797994395716
2611,0.8669053913874709
5053,0.6159715998658228
947,0.2661036276278915
7914,0.24725330057663925
1623,0.24946973705661202
5022,0.18572172495330125
3139,0.19708757336939706
2523,0.3041815358134607
3911,0.7299118488369244
5953,0.2973221824702809
7261,0.11600916837603298
1274,0.500930707378565
781,0.13350800712718186
2294,0.1758631541675127
6796,0.20261235399697503
6922,0.7972127215084803
5216,0.392766213931885
798,0.3197284794294598
9705,0.9314801309119638
3898,0.44108734459826743
4065,0.7429187666756274
2100,0.3905451349662374
7623,0.4621484165572821
8242,0.1778947213935314
4053,0.07982013060618671
5786,0.4232940612854053
1939,0.10621998098472962
6190,0.6244707188880732
4187,0.2467360158450362
4016,0.2906414219432353
8474,0.8003109584199647
8540,0.09224366953806121
6674,0.32440601071908975
3964,0.47125208885603465
4754,0.10994430707858209
4537,0.8274371726547216
7541,0.6791498561340374
5237,0.6942069605125069
6389,0.5179681514437771
5638,0.2931958879920551
6856,0.2136203932719824
5843,0.31193839788400385
2162,0.26990329893113746
9035,0.22805918917550672
691,0.6428510906097256
7269,0.9855898449247459
9941,0.5109983978709502
5402,0.41876481692729234
3034,0.8578235499563757
9885,0.41008594849045726
8572,0.3055699630850051
3099,0.3166349376416135
4264,0.6648449258017252
5843,0.31863190788526224
9894,0.2518720758910849
1377,0.2324571931691758
5370,0.618864317471001
3529,0.46008854593004717
8020,0.12654609589041285
7262,0.3914590203676243
5004,0.5575161089551732
1121,0.6821046275112941
6533,0.25144300415995113
3127,0.33344221525379125
8368,0.35410391078158354
98,0.5780152389214469
3878,0.3283394560271293
7080,0.21882877045235796
89,0.38761402729137473
4741,0.3637745905940934
6729,0.06325718387378348
5737,0.2342772537754146
7440,0.5327288970174956
2655,0.5687636395287494
1763,0.35982265502488225
7674,0.24605413219415548
172,0.28556814317778373
1200,0.32325324997638594
3108,0.31584117201773043
9906,0.2191999782214702
6326,0.9372690818390549
1676,0.17247493314469378
6700,0.15482419060409852
5197,0.33479470287828816
9325,0.9358088675215677
5387,0.7929317201512451
8132,0.31160657817939336
5496,0.5250393374909149
2480,0.5489211164419071
2288,0.287337152036189
6927,0.9140949333725729
5665,0.9195382162815217
9881,0.37142475961520177
3139,0.3052324815901865
2064,0.19246297109515065
7445,0.3625719736038639
5285,0.5056064777891258
318,0.7219140511204208
8801,0.8605701083293754
2294,0.3923771112680728
4788,0.5548752371387677
5393,0.28944480675828044
5866,0.407626643630156
1654,0.4342210986616774
9848,0.5739056657464845
1463,0.13413596807973416
5225,0.4650884762302957
7419,0.18435549298381276
3656,0.5249115405016798
8585,0.18707676852729235
1560,0.8636561119396258
1676,0.3764722127636168
2100,0.5127459483561819
3393,0.7183108491744493
5507,0.23603362130996786
3944,0.6085884310738959
8108,0.3391096299997179
4477,0.5757482388020374
7075,0.47511244626979643
9261,0.20131732541464795
1315,0.41315323684304467
7472,0.2580437810853679
6012,0.30999094580678355
6829,0.16710798324099274
1083,0.12626654159230108
299,0.3194193821852396
254,0.24666362733928643
8351,0.16026656802483044
134,0.6678541899778669
3459,0.2679667727107634
3962,0.4871608514921373
5924,0.3801326119786408
3582,0.3050822210369561
5866,0.2495835184861471
2178,0.4974074135918338
9790,0.3268669424079204
9860,0.8646447596079005
1449,0.0976512026244919
1509,0.7137294425777948
5249,0.09408441324866276
8368,0.3011070414247644
5349,0.7638866975428851
6161,0.4058306808562704
2469,0.5116917979584519
3536,0.236908925740307
6796,0.18080148495020795
9506,0.38816140746886474
8005,0.3361419361347804
6349,0.1310799365504609
5526,0.2026360269399217
5273,0.48647081307344675
9384,0.3335591286756403
7605,0.1807460672489083
5794,0.6359750359880438
8007,0.8899383398400899
5924,0.23085685569573217
7220,0.28069955585539486
7599,0.11724151751277433
3996,0.3065167413976054
9845,0.556939714075606
299,0.7243536202274368
707,0.8656159419181899
4284,0.35541734717402496
5169,0.27559683764808046
1925,0.14726358270256848
1230,0.405937670422452
3503,0.5815194551606303
3605,0.41755354634275144
1715,0.08033269126957532
6955,0.3726304569428426
7673,0.2522430421938076
841,0.18432338514804275
6008,0.2491863505778183
5236,0.6262839989924572
3963,0.4029744016395294
5464,0.5722375559019588
5387,0.07655592440436264
83,0.15717770866470765
4010,0.18744806015043916
957,0.6289057001938007
1894,0.2576207415537884
8257,0.42542973962224184
2013,0.9107359992768634
1508,0.19751570096279683
7401,0.25366765236026373
2068,0.5728582293618407
3921,0.3769222977379145
7412,0.36631652784837815
7402,0.2121107039451174
8634,0.42719684273848885
541,0.5798719496255343
2606,0.4094101776769633
5703,0.5159925421267804
9555,0.35128235776819916
1100,0.18502378221680585
318,0.5100323397048075
9894,0.43339976408267844
8407,0.4656800306636371
3298,0.1373447186298634
8407,0.5890192915412659
3118,0.5222103825688786
4016,0.22771373046147325
9776,0.6234454934648788
7394,0.9751106016439316
8227,0.2583804429378749
6580,0.4476325621049562
5350,0.8948522105026877
2287,0.9148285873374308
6317,0.31887975404896507
4,0.07409569554829458
1352,0.1591058003216808
2129,0.741913692012428
4795,0.6520585870650404
8483,0.8412385147643119
6460,0.4914775383505023
8558,0.19124202343426314
1964,0.1787684327458049
1276,0.2876554267965997
6041,0.8238037687921915
7819,0.3967828227844467
7240,0.4948494070821358
8257,0.673580063452045
1176,0.30809751230330396
2140,0.8788840080980747
233,0.7000679714004923
3604,0.8001734885708893
4187,0.6862374040759908
4748,0.2242621358223951
8591,0.2660549962101639
7311,0.36919529498302733
8127,0.18093473495558887
6547,0.2878980819594304
8005,0.5334392506391131
5725,0.3062511200138312
5866,0.44939476619227225
9942,0.1514075011964147
4117,0.3751330856461533
5496,0.7729270652342994
9747,0.44247994876335195
1708,0.2741462800139214
6790,0.09069132401221466
5801,0.5403545137286149
7819,0.3038294387940241
1095,0.5061143036258334
3255,0.891984566363414
8760,0.5835837284089146
2685,0.5944289718176716
3789,0.19998410743931536
7220,0.6851686688020556
3195,0.19697289992179895
3108,0.3958198567809433
9612,0.2799406233363811
5801,0.26862316831460015
6,0.05283623184690855
883,0.5833181086668919
3928,0.18365174587218341
5307,0.5908315030605181
8634,0.1556552436829371
3363,0.5154285141464734
9697,0.21743097783170243
5916,0.7164282781235166
1710,0.1351194745533557
887,0.3522855518010524
1731,0.539621070940042
9816,0.41613890998681924
3621,0.17933841221495705
7004,0.2829471046429319
8523,0.4693666549857185
412,0.4760675641478389
8108,0.23075262316548764
2398,0.4911017878995692
3557,0.6182280622827436
3459,0.32618141019804525
778,0.3237794628137285
9099,0.07692032299994297
988,0.2724460198912299
9609,0.6475930350559481
9083,0.4479710703043576
5054,0.7865799227355764
7311,0.5246998751151231
3928,0.09984984324778592
2221,0.39209859919970463
3170,0.31686476939230884
2475,0.3892478003303461
6298,0.4254507517926172
1095,0.37420687191128477
5098,0.7453289394337499
8227,0.2568237129082266
2930,0.31409291282315643
9484,0.8347310569224239
2410,0.3434092871223462
3050,0.5441168735380748
5452,0.19394802757947294
7050,0.311837817293832
203,0.37981116016305816
8801,0.8581046449200261
2149,0.33308950732231163
6873,0.26800097979720366
841,0.47369872123780277
2664,0.38030596270587813
155,0.22485205703140027
1908,0.44311845952638
1889,0.5081673817488324
4593,0.25595987122853703
2305,0.5470899729720669
6624,0.8235198556583223
5808,0.4528305398508702
7536,0.6750841020082637
5731,0.5648979461422413
3347,0.6843450308524334
1588,0.3451763898806989
5780,0.7881432378505699
5681,0.9419128426704004
1889,0.4506192490356411
7500,0.9322482891824817
8672,0.5592140892227563
3033,0.7947615314583991
7447,0.667212706202624
9938,0.13473796168884725
5053,0.48053915052621726
3554,0.6422283325858155
1754,0.21725182950480268
8005,0.1403549170977876
9761,0.5668920903670942
5144,0.34692798683442466
7447,0.4193706764394347
5801,0.11422062507291424
2295,0.2834263524751121
3114,0.472676383962152
5187,0.5429929135010775
4181,0.2787959547567558
3723,0.20692548078864467
5638,0.11528278158287288
9722,0.43308974607302575
3411,0.553495775562814
7137,0.2791510616720302
4493,0.1305012980029091
4228,0.10732896781180154
8108,0.2612295466678486
6033,0.5628476887458745
5053,0.4146388124163489
2545,0.3551496142801651
7756,0.581747032088341
3555,0.4677532231339515
6443,0.12247693844978598
8215,0.7251461951424686
3715,0.2300874269959189
743,0.5361916838821565
2918,0.15047353149806017
2190,0.5171653700359331
1608,0.19586078501894774
8952,0.3109169043471948
7263,0.18669126094660002
9955,0.32052697274760233
7316,0.3228311346488253
3963,0.3407272484574289
7189,0.3881267613866958
4151,0.3063895408816231
9922,0.7831152212287503
2781,0.30724062360086646
1954,0.3815226289728134
925,0.20440813415551629
8474,0.09977223496211075
8801,0.30210785886244496
349,0.3094807817418677
5387,0.9665619431944759
737,0.2849921356801921
8243,0.3279395441888983
6707,0.254699092730367
2998,0.46383222802920343
2776,0.056561599154604326
3789,0.8054358221394039
1761,0.2623688189111417
8073,0.31253601472973164
3398,0.6634902725372436
5169,0.17088259268939648
4166,0.8730341227468646
7440,0.7860330235574823
388,0.618730591797754
9313,0.27648233054102894
598,0.6158224014802176
4250,0.31416201946216044
5595,0.17911299472054484
5452,0.39362187649418895
7801,0.5074932662985568
6780,0.5290429132637456
1512,0.8689001535387383
4598,0.45129594687481217
2998,0.353954478986999
1355,0.3754510316421468
3108,0.49103202148870034
7756,0.3696040525725
2891,0.29403166217918414
7692,0.3009823123113703
3341,0.19528403926447768
1332,0.3989788528739019
9918,0.35281554964150663
638,0.7082241073564254
8445,0.5611555048349717
883,0.4478636843256311
3944,0.19309449887906216
2714,0.2629225447966737
9992,0.8537858538295683
1366,0.09286136655611554
7402,0.16867095149962327
8816,0.3458440790860691
2281,0.2171128882298217
9523,0.07127186973019974
735,0.2110238328270257
2891,0.6620413385940598
3195,0.48479871737764785
5899,0.4482531774551479
3261,0.6618346815681051
1229,0.25789591742972817
3862,0.38529932456623145
7438,0.7720650667115683
4178,0.48108235071475247
5062,0.6082697741610185
4509,0.24431346131464723
3605,0.1151637799513378
9471,0.21027523097965622
594,0.5551702257032862
5286,0.46010074005624335
8671,0.35124920341434646
9237,0.41122189707685275
6436,0.1760313922986753
4477,0.5859653861235001
668,0.30365346366399976
7350,0.2752561661249051
9860,0.13993702180972134
5496,0.381606520969428
8050,0.8525679168921
8006,0.9052196398939283
533,0.31091232721467316
8896,0.12064647895222978
3939,0.23667645973538887
8297,0.9401966461706548
7938,0.10124061920691489
3118,0.2058370987377402
7316,0.7067997777303817
1608,0.38886345771060216
8801,0.2080857212766107
3555,0.518649238640415
7263,0.3081529266132982
2791,0.29464230785088275
5808,0.30727532620586684
5062,0.49133919622592437
6475,0.40842789945957225
1066,0.3164490211733155
7863,0.20844510919912848
7885,0.49507595614616623
3261,0.43752670669285487
7284,0.5805997464922662
173,0.1952413223769019
2412,0.09646255800077275
9136,0.5400508751822493
3733,0.11872180376005696
737,0.7610134900563978
1588,0.8914410575767223
2995,0.1868903271425279
9955,0.18575893605491914
2930,0.22577893840613486
9656,0.26204852483822466
8257,0.2075093468784234
2068,0.1307478638976697
7428,0.2611769210284323
8077,0.808162621023528
8927,0.4854628002607637
4127,0.25277640685805275
3899,0.16701994953162744
6829,0.3950061249588783
4982,0.19900575830907702
8402,0.36050515908560776
3402,0.9272573177842811
7161,0.30358882143763266
1493,0.15552000456720455
6534,0.2355686101597367
9769,0.2493710013319448
6907,0.31632509524438857
2781,0.28805147623490157
3555,0.5075695143298931
5720,0.24550859070403133
1313,0.5424311480398797
3081,0.8851997526946849
9992,0.611366223907227
6659,0.4451352366121298
2551,0.6681108366111264
4653,0.2700379984220592
1393,0.22881196079951974
5899,0.21639364620356571
800,0.24334185457324534
4557,0.44994037423185335
7428,0.2764088459441837
4010,0.4774849994007576
2182,0.21582235950753673
5873,0.1645257063478942
9236,0.07533000515207346
9313,0.3663050092211959
2516,0.20604906024768108
1835,0.30861821547805207
2032,0.1292960287188673
6897,0.3250401737746655
7554,0.2354934981527175
6836,0.07975852309856557
8132,0.24712982684997625
5313,0.6829185408119675
9944,0.3646235998221865
3870,0.128813908223061
338,0.20870057346507045
8050,0.9345478766978474
3698,0.8996527373559355
8924,0.22925588077947107
6066,0.16262214335206626
6071,0.17156855567763415
7445,0.279395612672419
4000,0.22761488279814446
8592,0.9542651852206775
6510,0.8214643635040878
612,0.12684506428709122
6786,0.5884576580174937
876,0.16394499721475916
4632,0.20162153018188253
4016,0.535708797136404
1654,0.06460643853144922
3155,0.3079681772115638
7554,0.37381068839075554
6152,0.3033662830813334
8748,0.7317381551559974
2288,0.4855200718630886
3963,0.17426283815308835
7098,0.1557524030174121
4741,0.4859780093461486
4053,0.8306460844684601
5437,0.1761473482416745
1715,0.5467089041683241
8826,0.5116666786633707
533,0.5806886797326962
1730,0.25657063151348236
1047,0.5239674683874209
8584,0.4888592532545038
7438,0.41177968405928483
4070,0.3904822167716823
2416,0.22881041848316025
5117,0.2810679261119758
9955,0.6222961219492605
1337,0.224805659592827
9236,0.2525535583263964
2294,0.20715711198985554
1595,0.23518317368569877
2516,0.3144022748501775
2971,0.804172730084119
755,0.3567096957917495
6818,0.16875996131538684
9474,0.6337765975928396
3555,0.5848048168356763
8760,0.4959256673879155
2514,0.3071873571669627
6195,0.8492057350571232
6476,0.4491344022853707
9083,0.5046119624173881
4695,0.1788339291491877
2393,0.08158278034021807
3785,0.6089652552425431
7672,0.06874656931350327
2818,0.4084792416278859
8370,0.7902550085868808
4557,0.15927738011026282
5801,0.534225561501471
4640,0.4157975023368556
7232,0.29993649125745514
3568,0.18604722823032935
5185,0.4114695676228713
6320,0.45569550587263435
5590,0.2302217355921632
1595,0.5228806170142775
2281,0.22934021030361554
5375,0.21903305420004732
9925,0.29574248331443975
7075,0.31644588421387376
9523,0.3408738517905846
3481,0.25812921846782566
1156,0.7846148669878753
9951,0.41620775325889997
5595,0.45736118892936095
5731,0.8230581031201494
7414,0.0993582289555257
6779,0.6711373608266878
8756,0.4394985767081963
8079,0.5895392448769592
8234,0.9767521925965194
1334,0.5719715235002474
4827,0.37207445415096574
5680,0.18159394534986725
6786,0.9438668459599394
2640,0.25767307850777094
1366,0.1988382063442939
5526,0.09854673536905453
3963,0.33723364062518624
6961,0.5222687772382099
1731,0.4616900085120436
9945,0.12918029783644489
1445,0.6881927710807262
9472,0.16736353112595245
6420,0.2983468602319492
9816,0.8390600221525922
8391,0.23997010323622336
6841,0.29860129170258676
5876,0.3803288999761825
4653,0.5269374594737659
1934,0.3604524545397015
3891,0.76404054847119
6210,0.5330425649706217
3848,0.17004361972266424
492,0.08680892183144608
5573,0.2799601179086978
9136,0.6584033831130542
3411,0.8671896306497169
1588,0.35882643336785697
3673,0.2305613950216701
1532,0.43742832655090186
1633,0.35375127657294475
6848,0.29975760957864
338,0.5354599905670404
9816,0.20807568323773576
7284,0.41112962272132114
6965,0.11701552749842649
2995,0.3955500580496757
4301,0.3345532855780747
1229,0.25555251638112403
3371,0.3999539225179924
1241,0.8186495749335769
3785,0.355806630609995
5917,0.227485128045371
6764,0.6206235321456969
492,0.5403886650268177
4883,0.921669596064251
9436,0.22172174734749306
5749,0.3124362872582485
2776,0.4386061314591072
2341,0.2835833329581348
988,0.5784388379324665
6127,0.5555143070666769
4739,0.5943963337039085
6459,0.5533151105394215
8433,0.4837431699211825
2551,0.22003957341636263
3789,0.4837549570043365
8520,0.534990750502018
3789,0.2086605418623107
821,0.21806234609887432
9436,0.19134334563688585
5664,0.8719591692562256
9856,0.4149823458441734
9235,0.27146874491036804
3444,0.5395425824722488
9071,0.27208204858642715
2010,0.19602089595982575
737,0.8494957810414125
356,0.5077888582364726
1710,0.3583149867576531
4284,0.2182093115569034
1767,0.2175178522726851
2577,0.3576946900834586
6476,0.5414902457662084
6862,0.2655353108829909
6959,0.49105627973989274
5970,0.8384253697564363
7189,0.17433923979125354
9856,0.49941180368176724
4070,0.7833192369022306
8038,0.26630262567201834
3150,0.5459720071652003
3031,0.20861392306342275
7131,0.16299863494549055
8278,0.47847636098356006
9942,0.23867180181970513
2818,0.508243635779308
6750,0.2591052955635219
3673,0.5670826673716761
1332,0.21636030563399342
7075,0.23075931450675075
6146,0.14470624648423872
9313,0.6015450826198936
1767,0.9162820495732439
6443,0.2903187485445864
4945,0.4994874353777011
9142,0.5351532847703471
9942,0.4078576010226269
4358,0.13551439827915787
1633,0.14768471728958601
4945,0.6880025836512009
6862,0.12459062930958223
4557,0.6824987692278583
5540,0.38164863863409365
3490,0.09004186544831484
4739,0.6894992144696133
319,0.982633918856767
7450,0.3894983214365793
8193,0.4047528063871371
2150,0.2712008593886357
2533,0.21698656187162613
3932,0.4757949836292756
3963,0.26066898407779404
8193,0.9967906334175582
9235,0.24370073102864812
6897,0.34280172011300336
2358,0.1654599155357494
988,0.30699817129435814
9361,0.23338140087348758
5293,0.6013110719316315
2592,0.3296969686406233
1689,0.4857715218886824
8678,0.41842192327425093
7672,0.24338178689123974
1067,0.5564896564740651
37,0.28525186452041495
2838,0.21226331599352447
7963,0.13446396455587098
9442,0.32393674319543464
110,0.4638665541369502
5238,0.09116982750370274
1649,0.42880112096786704
8957,0.3454071267772282
37,0.2581570902490903
2976,0.8937037644635129
7514,0.18831129539847866
5828,0.23544625648004902
9319,0.5568258774341158
5676,0.10114509822389552
3631,0.27891285192358833
5998,0.12583442089954433
4081,0.4159148792464525
7783,0.14910301439410054
5749,0.5459044747897208
2710,0.32976186138185914
2779,0.20547517091157688
6145,0.3548381945619208
4775,0.3633870548334484
2480,0.39864731872819315
6959,0.30944168639251834
9472,0.26224212393374846
6503,0.6220691129997339
873,0.5721476063964743
2781,0.6680648016975749
6459,0.30175100633981466
6959,0.17924605637723443
6096,0.7459525934474758
778,0.6949888916248989
1095,0.6645523278607328
6208,0.2767154750224877
2551,0.4507437098839939
4974,0.1768695748160142
1151,0.2876337883498698
6214,0.14797501146767184
2890,0.3491262355992175
7308,0.4694032914002051
1532,0.3993034652779223
8020,0.7598242751439062
8365,0.28303207828913807
5915,0.34446009456815674
5138,0.6113094704506742
7360,0.7050462508233558
3665,0.45568210899512984
4065,0.6269796923902025
5915,0.17866018064125666
8387,0.46772162188993277
2027,0.18033863102373907
8756,0.32096785517189663
9000,0.26050691167143647
873,0.9735964840232124
285,0.34434848577598015
5491,0.3953426372972196
9325,0.4775623690364232
1251,0.5190227044012308
8322,0.10239280831056115
9443,0.4048317100275397
9945,0.2750905618149592
2312,0.445380339321283
3789,0.460200516285763
9190,0.8979261565498978
1808,0.9519214003980638
110,0.377522463551444
9071,0.2725733254376699
9616,0.3818420329746713
6510,0.7168690623862164
4945,0.7793927828440508
1822,0.6312073770952253
9856,0.21506472242946875
8324,0.5098215372263426
50,0.25796680654859483
3298,0.2655000288005324
8357,0.2083275048466191
5491,0.7514293843330342
2833,0.723337352019411
4367,0.680991768321563
3438,0.3864842627752923
8351,0.7468650740055652
3733,0.40613365697638487
7675,0.1385036195406641
5171,0.1646142863340244
7471,0.03967819439074632
4711,0.3270566331277819
5068,0.2210045508247186
2901,0.10867488050081289
6857,0.12496053731535675
7960,0.23825550759364506
6367,0.5750079006927161
5900,0.45820030570236914
386,0.07350124391664434
7384,0.9961614632099439
7050,0.10104059066512505
1932,0.270859844839043
2341,0.2429594721350088
583,0.13624636755597272
2499,0.39355717171331994
4528,0.2665706682805076
5594,0.1675437673101187
5540,0.38726935139044855
7131,0.5617379052937642
7960,0.4567657755246107
3150,0.7118365412730369
798,0.49402185137079613
8746,0.16309689060531407
9586,0.610932949538419
902,0.17741240500972325
9680,0.5192709305779691
793,0.6289374134383935
7290,0.1503646370311283
5029,0.35614820045112006
9156,0.2577364866557839
1374,0.1080380706757277
7450,0.26791454651115054
9389,0.37624474855984913
3490,0.9746310760670681
6541,0.6799810160533625
9472,0.24145288855581434
6510,0.6207763373748324
4859,0.9508370815769284
1365,0.4445361479095209
3438,0.08822315748799703
630,0.1269545827545232
2182,0.23609336985057708
6208,0.4050099925997933
5876,0.8358509001215422
2378,0.14046185284744608
2294,0.3687400804487255
8947,0.4116062797612454
7051,0.29007717581685966
5916,0.6147155419259485
8693,0.6282863000924876
1365,0.07523784903481705
8020,0.4361073920696882
4880,0.3533790796093606
4880,0.5190617220101292
3597,0.1750129046731136
7863,0.1955367506071957
1709,0.15168402671377157
568,0.2859195469657759
7963,0.15130884614541382
7319,0.33341294013820105
9261,0.4783199832645479
9743,0.09066584577074796
6299,0.20394770800294582
7319,0.2767005868936326
2514,0.08509206852222106
8947,0.35891417144967386
2999,0.5057622165968059
219,0.09317774265707082
1709,0.19904773407916002
9549,0.062186048498009676
1374,0.7519310898965338
5141,0.505485202642454
3347,0.7457197722308355
6367,0.35931657929936284
6907,0.20048392778391372
5813,0.4800817098275731
3368,0.5112809641345897
480,0.15868387559220182
373,0.18934786678807827
6503,0.166445943109405
6127,0.6623767111519501
8075,0.1845306866852025
1037,0.9900889956451565
8273,0.2825812987147319
5238,0.19926433040995067
8553,0.36503753573384373
807,0.42695231601012873
4695,0.17332772504916677
8553,0.1068974243710096
6475,0.302736729926514
7263,0.6684499698554651
7704,0.5276543459378819
7829,0.18901410880615688
2781,0.5993359627269619
6395,0.5794142239370119
7647,0.2209686339206937
9623,0.8289976834420585
7131,0.8169941619570746
4738,0.7164412396502066
7514,0.11725543007767118
1932,0.12738776584834877
3846,0.39988245226414415
1037,0.35382862617087363
8652,0.5269682937739599
6299,0.10245061537275552
3164,0.31991235686236313
1374,0.19993502600524532
3891,0.5336834888239437
4081,0.1636726975488456
7005,0.47823455121652714
237,0.41937103878176957
3438,0.29245031056361953
1117,0.20080377455627582
763,0.16063267639712575
5091,0.3517267906360268
508,0.4257672664915203
3270,0.30714333618934564
9492,0.1846958121236019
1932,0.47744071490800016
4986,0.10592687620428239
8652,0.2533334011049073
3914,0.24503891902139274
8699,0.1979140107411919
851,0.4933976695838644
678,0.25239828366087613
793,0.9121590998764839
3846,0.5389059209583155
2007,0.1880832175630817
4446,0.3297601476386046
763,0.839692728742424
2603,0.09397749130048492
5148,0.19834238999853682
5869,0.5225474389628502
3694,0.4518359157510715
3605,0.5230594493214121
4738,0.43904298291345256
4306,0.1692910605277746
3191,0.14117569637358654
7682,0.09596025667899571
7308,0.18079274830703618
1011,0.2090973192240953
9137,0.25877989541818897
4904,0.9944033121685939
5474,0.8919457879098117
6267,0.5869929031946584
3851,0.2329453939885165
6148,0.769766721121647
9616,0.36028117227592665
3971,0.4223823334397334
6395,0.36459684537218556
3368,0.8876298636362897
3135,0.5553084030191586
967,0.8397080667166004
7094,0.33770000653084603
5406,0.22958252550272462
6323,0.2975309338917514
6332,0.7573999319404017
9616,0.6088765823943697
1954,0.13878661434794912
3436,0.4152591902908539
4776,0.40705070635461194
2974,0.06060560627295131
7056,0.19990335107699736
784,0.23572560686192737
9336,0.4217806025387627
1011,0.6041618496151983
1662,0.07383735543893025
793,0.28573878071220427
3220,0.5465691952310704
7732,0.6720126504861674
4859,0.6411406679881392
5373,0.10038201314834766
3733,0.5797269850831399
5264,0.23070304951885495
7319,0.16433577618924647
1117,0.3705739280491254
9155,0.18265245007332376
4446,0.3515796205494158
9641,0.4537219577637235
4200,0.3341103129561938
1993,0.496054317936361
4776,0.7426903042659905
6223,0.4177199452987048
9474,0.3674131292125404
6280,0.154862978841544
4389,0.4093116518878215
5491,0.22692016748438842
7471,0.9763419701377988
634,0.41257721438329703
5268,0.22419937324504446
6395,0.6980538309180061
7682,0.5869592284209633
9232,0.8069339481452042
2383,0.6301762239579083
6395,0.7747754975765601
5264,0.2759860925340262
5474,0.33343477213544487
9147,0.16744304867380197
3597,0.36865652812739264
1739,0.3151607847664979
3761,0.6232959399885151
9118,0.9902833399111921
2049,0.6587481239768478
1766,0.32534660705397117
4079,0.2452863048411782
9508,0.2998857239691613
5373,0.26801845928152707
9152,0.46198558693722597
7350,0.5528959008623143
1838,0.4346027607515167
9826,0.6898391292359503
5286,0.6105466997698994
292,0.3932326469709829
9826,0.6459953771224762
4793,0.5765533842257763
4986,0.9651480148814922
2738,0.34388082448545376
1354,0.1746216513980124
6541,0.5582612827947087
6148,0.3952064392385459
6214,0.33820902586230395
103,0.1994749925676703
6323,0.5191947280183538
6707,0.16268829446299998
3712,0.2655681857471457
8329,0.9894480536412431
807,0.21972858738362314
1077,0.3293054989467675
6442,0.8612371450227593
373,0.47852829054734397
9474,0.21567347870653203
6280,0.3044658700261831
9641,0.260267749790087
4711,0.3644649995123623
1092,0.31067459255636837
9389,0.3943706235995714
329,0.7408638261844538
4057,0.689146828183653
9410,0.6446353081873679
373,0.5976538876819293
9225,0.17472345071907383
2503,0.7177736591042913
5986,0.3770291541410856
3197,0.17180514900635152
2383,0.36386635583943044
3197,0.2475557958748014
9132,0.21105765168127255
6898,0.1375876870041193
329,0.6016621784082151
2001,0.727372728640337
8329,0.5697443007283594
2541,0.41518129100844464
1083,0.4032546575133039
6145,0.5018400011063855
2341,0.0770379525946162
4057,0.3953394326922921
8818,0.36801527205427503
9818,0.33230205035797733
8209,0.13067400568508517
9464,0.2904066225760274
1605,0.803932605112654
4389,0.3487608648893198
6567,0.294357766917481
2738,0.8579095516953873
758,0.17553960767473084
1945,0.1188505061533027
7358,0.507740727169612
6707,0.8714307934129587
6694,0.12240601387941931
9132,0.5270904265355123
941,0.3227087253387141
4859,0.2495156680888861
3930,0.2450879708219741
787,0.5780254735263507
8329,0.15032271554756924
6567,0.6227933197427059
7618,0.26618086455183654
7358,0.1353333723064067
9641,0.4546525842516606
8654,0.38119857080549846
9261,0.13149958077142523
9336,0.340368430580688
5238,0.13071563559421576
5986,0.9219011376804155
2027,0.1402930972038394
4057,0.25969736765762935
8365,0.629226236842437
2769,0.3246501696934979
851,0.34485643664504195
1086,0.4886196562807692
8722,0.344909505403111
7678,0.27936770227664787
3000,0.7986954786825006
876,0.37179303259586444
7358,0.25331549275167087
6707,0.28108874979250437
2288,0.5158784818719611
9225,0.28141926780466353
282,0.4533596542852535
8091,0.20797225579068915
9389,0.39488187002425207
9232,0.1462637384121958
9774,0.12926041312533953
2826,0.37021056811910075
612,0.6680919149640331
8004,0.17852331047330258
282,0.15530620302982673
6737,0.5299949256499212
4325,0.14706621634679665
1083,0.19154409551244259
6233,0.6230379730882358
5090,0.5894620863065023
5275,0.2101348565612675
6560,0.7770611044856016
3062,0.2563052315094695
3851,0.9113465464777797
2526,0.3034615715788264
2680,0.45449330004634036
2526,0.355230050434256
6737,0.837122074547211
3553,0.3973675596609346
6285,0.3432875714495199
6355,0.1773240713117358
983,0.5806710254303136
3894,0.17730432320635858
7137,0.1984186457665846
7086,0.6286756342939692
983,0.2082583886595428
4558,0.181440933286959
1122,0.3951838067916599
9774,0.3643044259014221
1122,0.4045141958185168
3654,0.6561734659232045
1605,0.13124634524903034
5700,0.17800058817641612
3666,0.8517137805479159
3541,0.9740077301599037
2329,0.1362254589944785
7094,0.8572116977724737
3135,0.18538452069273964
7337,0.6687419194003814
7051,0.3126795544144775
3553,0.6296324643929471
9081,0.9259478235958931
4151,0.7596022958764003
3666,0.23326860599894814
807,0.3827337006102925
4720,0.9771155526451067
8436,0.5853036147272963
1086,0.10399222798471322
7086,0.1324432642004737
8676,0.4296938007154077
3842,0.200352422407248
5243,0.7095728381203984
5243,0.287398774966025
3666,0.10501893000012504
1575,0.15376247398201587
6123,0.24772373765095618
1961,0.11141709112664494
3220,0.31324887629356124
7618,0.5098520056699744
7618,0.8376858970366902
9817,0.8863900447099375
4558,0.16864369722506092
4167,0.5019972562898405
7678,0.48840028181912365
7678,0.3083059731692223
3989,0.334943468460726
9708,0.870643103340444
3989,0.19878092924312216
3842,0.21512449559916544
3989,0.4101485429609983
3842,0.43563833070362923
9261,0.8119847342494142
9774,0.4533729064346802
8118,0.5249205165163334
5613,0.7771528061875972
8214,0.3231060860678212
5709,0.1616215727203536
5310,0.5616196355904327
4325,0.29578616376341516
8436,0.5453815428124916
594,0.5693940065858294
5692,0.0760024393936258
1086,0.3543537046876666
4720,0.17388191813514636
6673,0.636739020479644
5692,0.1425585736512953
807,0.2990543176911024
7389,0.13684758261485155
2826,0.7444322077862854
4221,0.5495951861351757
6673,0.7945829180981622
5310,0.30514357198055714
5613,0.4894567021419711
9990,0.47409588672448055
652,0.09528532953158922
8693,0.2720729575632462
8039,0.38068976809181365
8038,0.24910217262572362
652,0.3470077916566261
8038,0.9556425137268545
1153,0.2880210267455504
1659,0.2544865088010959
