customer_id,prob_adquirir_producto,prediccion
3490,0.9999999999994689,1
168,0.9999993151474208,1
6598,0.9999644156963825,1
8637,0.9999368090883403,1
3972,0.9999172781233995,1
381,0.9998688777409009,1
2392,0.9998115393619094,1
7532,0.9997035284787751,1
3395,0.9996295502869001,1
5048,0.9995345690761175,1
8839,0.9994183864755076,1
7532,0.9993776054621414,1
2347,0.9993438784026698,1
4438,0.9989916506365641,1
6562,0.998629551573525,1
5647,0.9985748428692435,1
1641,0.9984386862130175,1
7687,0.9984116484779659,1
7687,0.9982587015242148,1
5124,0.9981222862015491,1
5647,0.9979287893695065,1
4438,0.997888145785599,1
5519,0.9977212655245776,1
3201,0.9975043734812891,1
7532,0.9974718976165939,1
6562,0.9968989897634903,1
6562,0.9968298345795135,1
7188,0.9968071191824003,1
6172,0.9967696612772411,1
1641,0.9966840734921146,1
721,0.996423759490929,1
7477,0.9960749414044647,1
9397,0.9959968792730702,1
5029,0.9952757530919925,1
4438,0.9950476540246639,1
1572,0.9947739587086261,1
4101,0.9947426514862033,1
6587,0.9946509950078585,1
5577,0.9944891929371574,1
3498,0.9936757087688142,1
1413,0.9932980942446732,1
3498,0.9932824163176148,1
1413,0.9932303714832758,1
885,0.9931889628133244,1
2866,0.9930394981408185,1
853,0.9929964194158304,1
1476,0.9927414430723619,1
2866,0.9925918231462874,1
3515,0.992470959945727,1
3104,0.9922886364025814,1
5577,0.9920740392610407,1
1192,0.991698597606377,1
3515,0.991425546177068,1
9369,0.9912965994189387,1
3783,0.9912604855307252,1
7135,0.9909607314323531,1
3437,0.9904844582425841,1
3425,0.9901608814303102,1
1476,0.9898341792668366,1
8519,0.9896780804721252,1
1195,0.9894378823657368,1
3104,0.9893049122540324,1
3215,0.9892726416858588,1
1196,0.988438505068937,1
1587,0.988223461781399,1
8094,0.9881292360249191,1
1587,0.9880390156451099,1
9153,0.9875635319369208,1
2321,0.9874382370151144,1
3260,0.9873152435861982,1
8094,0.9869166177369881,1
853,0.9868703241333284,1
7777,0.9868323342675206,1
6652,0.9868248544784383,1
3437,0.9864017022894462,1
7735,0.9862773045881422,1
7777,0.9860492338472013,1
4909,0.9859247442051011,1
853,0.9859177588514672,1
3437,0.9858458535825183,1
2447,0.985822473757698,1
2866,0.985745096050738,1
6292,0.9854262215003985,1
6393,0.9853631813353411,1
9169,0.9852196936181707,1
718,0.985065354282197,1
6393,0.9849630627087184,1
718,0.9849240693322937,1
4257,0.9848599157994152,1
718,0.9848061317950333,1
4856,0.9842709312649436,1
1358,0.9838394809193804,1
4730,0.9835428252152444,1
1485,0.9834691077856113,1
3969,0.9829715381278523,1
9180,0.9824541113676466,1
5642,0.9823354003505691,1
9399,0.9821702754471308,1
581,0.9814967015140388,1
7777,0.9813898748518618,1
3121,0.9811334561135941,1
2321,0.9810568702449483,1
4279,0.9807139452587149,1
8519,0.9804619631321082,1
8690,0.9801895903303001,1
9399,0.9797827847767455,1
9180,0.9797801319631613,1
1569,0.9797489350407252,1
1779,0.9797208466212675,1
7735,0.9794864043389488,1
8199,0.979371384459172,1
921,0.9790372887173416,1
7873,0.9784277836870221,1
903,0.9781547844856804,1
9731,0.9779761704721859,1
7925,0.977507147858445,1
1035,0.9774898580211855,1
2575,0.9772308626597285,1
1215,0.9772092879193393,1
4432,0.9772011957359816,1
2243,0.9771441561201847,1
4821,0.9769336564633369,1
7853,0.9768123778165574,1
2243,0.9764873009716631,1
6558,0.9760928215562595,1
268,0.9758014585023458,1
6772,0.9754322594756324,1
1035,0.9753576383561916,1
5748,0.9750747638689918,1
8690,0.974959232188086,1
6590,0.9747734213043479,1
9567,0.9747203640803245,1
5021,0.9745032943206329,1
2321,0.9743434501591197,1
5162,0.9742967447125839,1
1376,0.9741671646590201,1
903,0.9739226644382092,1
903,0.9738159205882753,1
3425,0.9734648608084348,1
581,0.9732744418658565,1
581,0.972510173396248,1
9865,0.9723696199711153,1
9399,0.9718238696431812,1
8719,0.9712894900266333,1
39,0.9712813727820849,1
5209,0.9710808600016005,1
7879,0.9707810581689226,1
4822,0.970628310582441,1
377,0.9703036044748125,1
8521,0.9702379851166044,1
1068,0.9702269656771867,1
1569,0.9700265756571469,1
1350,0.9700233903224651,1
538,0.9699193608461517,1
9247,0.9693960134172448,1
4347,0.9691750550650994,1
4347,0.969169013035119,1
8707,0.9689655772244389,1
7534,0.9688266473528965,1
495,0.9678443269225723,1
7742,0.9676806969788385,1
4724,0.9672828462975328,1
4302,0.9670593612126003,1
377,0.9668374630474976,1
8714,0.966237885669638,1
9866,0.9660782839831777,1
2715,0.9660149402551009,1
4946,0.9654507961551096,1
8719,0.9654032075238393,1
377,0.9652234962759103,1
7589,0.9648156855645056,1
6774,0.9643664260122351,1
7482,0.9643418915220516,1
2467,0.9643324677917012,1
2373,0.9643106066549451,1
5081,0.9640423174221856,1
7681,0.9639183028557154,1
9065,0.9638208730217792,1
8252,0.9638116677029803,1
2373,0.9635098994816351,1
1474,0.9633135731237521,1
8441,0.9631979303573789,1
5763,0.9628932974428576,1
9126,0.9625143954673161,1
4432,0.9623273078251054,1
5748,0.9623142351689501,1
3370,0.9620542678673707,1
9558,0.9618665216904967,1
9126,0.9615543842598253,1
2426,0.9610825605402239,1
2715,0.9608596366277639,1
2121,0.960705046660183,1
1779,0.9605228771204801,1
7742,0.9604000529490587,1
6237,0.9602557870986917,1
4058,0.9599127499585514,1
3205,0.9594965872914385,1
7589,0.9593819374470577,1
5642,0.9591451682862044,1
9247,0.959010972811466,1
9704,0.9587556428668871,1
7594,0.9584351036445273,1
7421,0.9584295371263557,1
5541,0.9583137963664226,1
1012,0.9580078284863712,1
9357,0.9574312358292488,1
7742,0.957265222337905,1
1293,0.9568336962911954,1
2598,0.9565438993067741,1
4946,0.9565010469198553,1
2216,0.9554388020942236,1
6957,0.9554102671996675,1
746,0.9553864655562698,1
6869,0.9545480347857006,1
576,0.9542546477445571,1
1012,0.9540353822677212,1
1381,0.9536486229012912,1
4839,0.9520892761716366,1
7925,0.9520835789225492,1
6030,0.9520537002368096,1
1780,0.9519548571916521,1
6808,0.9517103749771761,1
8009,0.9517034906314151,1
2829,0.9516651628851591,1
5162,0.9515453625281027,1
1035,0.9514562298635945,1
9279,0.9511674908958893,1
5047,0.950866209501421,1
9567,0.9507661894699544,1
39,0.9507475314410911,1
1850,0.9505546610420832,1
6554,0.9501572158553253,1
6324,0.9499479910707027,1
3836,0.9490189394835884,1
5837,0.9488998429161563,1
1488,0.948692823444499,1
4253,0.9485846227484881,1
7875,0.9475462085380302,1
9356,0.9474898006446425,1
8530,0.9474201709148957,1
5770,0.9473213502617335,1
5155,0.9473005175370264,1
6216,0.9472855912317861,1
9354,0.9472115012855956,1
3087,0.946401397094045,1
6497,0.9462285683832179,1
4868,0.9457375137286614,1
2160,0.9443809519706214,1
7534,0.9443023396164467,1
5407,0.9437798499509392,1
4432,0.9436879635307892,1
6869,0.9436344747826274,1
1716,0.9434181627635712,1
1228,0.9432787231252786,1
3954,0.9431322469375056,1
9731,0.9429812297910763,1
4130,0.9429069962754292,1
3023,0.9423475342210446,1
6782,0.9422876253516413,1
1350,0.942210192149977,1
8168,0.9421381775733954,1
7582,0.9419944612874458,1
1312,0.940483949837225,1
7737,0.9400358299538625,1
4248,0.9400295667569187,1
5155,0.9397774857647232,1
6869,0.9396579597436167,1
1080,0.9390627135846774,1
5152,0.9388083602882918,1
9355,0.9386847431033802,1
1488,0.9383379728178531,1
8187,0.9379563746186227,1
1727,0.937709730707028,1
6406,0.9376424995093187,1
2919,0.9374674774885461,1
642,0.937437862456196,1
9072,0.9366269895054574,1
2320,0.9365555997475394,1
5686,0.9365211937603204,1
448,0.9363148650185044,1
6782,0.9358319873835945,1
9797,0.9358239875728861,1
9279,0.9357616120410825,1
8857,0.9357556608025132,1
7534,0.9353447882683164,1
8009,0.9351869676494046,1
7312,0.9351093394555337,1
2729,0.9343983122598066,1
7752,0.9339716988152907,1
438,0.9335261511495128,1
5734,0.9333978157827291,1
5480,0.9331224002882379,1
8988,0.9328474082209254,1
7845,0.9326388457528535,1
6481,0.9325284667585603,1
7312,0.9323066696987853,1
6777,0.9319980671640308,1
2741,0.9319968972919547,1
5857,0.9317937486465372,1
609,0.9317460339366701,1
7837,0.9311923905428666,1
7498,0.9310484878158907,1
6901,0.9308407063446058,1
7874,0.9308164285560458,1
9354,0.9307266480764845,1
5939,0.930708116817084,1
4573,0.9299465329650003,1
5155,0.9299317354389685,1
7752,0.9298567183755047,1
9797,0.9298215250544482,1
3429,0.9293965271459481,1
9721,0.9289446807119851,1
642,0.9289145704912557,1
3302,0.9282972842169364,1
8218,0.9282425611133616,1
9721,0.928069245084669,1
7661,0.9280244939580928,1
4881,0.9279589146471899,1
6470,0.9273105691680545,1
9305,0.9270931219696102,1
1465,0.9268836840472864,1
609,0.9264231970135901,1
8218,0.9262656471300323,1
2318,0.9261409090223165,1
738,0.9260488775991278,1
7839,0.9258685819209376,1
3370,0.9257137934953141,1
3280,0.9250421826368039,1
6037,0.924933289845479,1
7714,0.9239278359329319,1
1370,0.9237432718155081,1
8218,0.9235609017580321,1
5047,0.923205741484377,1
8250,0.9230258444526668,1
1862,0.9230250867378876,1
6481,0.9227283192297759,1
7482,0.9226936766658623,1
1073,0.9224040997716808,1
6481,0.9222524798556806,1
2286,0.9221536089402711,1
8375,0.921875854217533,1
4319,0.9218007805799135,1
3499,0.9215534900752849,1
7024,0.9212440991805413,1
5539,0.9211389056873324,1
2318,0.9210759185966563,1
7049,0.9207346724123816,1
3023,0.920401651862779,1
2160,0.9196130053369408,1
6055,0.9191553399991016,1
7041,0.9182834940039761,1
3499,0.9182544505631596,1
7545,0.9181424747192852,1
2885,0.9177614551607504,1
6903,0.9172457014180815,1
2483,0.9163482379488721,1
3129,0.9162412739970722,1
6162,0.9161102225493155,1
2286,0.9159468271065669,1
2729,0.9158462893503168,1
1004,0.9157554743636079,1
1862,0.9157445233810578,1
8045,0.9157185153716427,1
6124,0.9156898480548428,1
4224,0.9154112638686274,1
5342,0.9152943142413229,1
7150,0.9152794729416399,1
1030,0.9151571303158186,1
4972,0.9151484476213799,1
6577,0.9151168559871514,1
2598,0.9148212047534839,1
8697,0.9142062211212725,1
6087,0.9141899842342464,1
3386,0.9140116177190228,1
2598,0.914000908133394,1
1488,0.9138351885883086,1
610,0.9136586811695104,1
4480,0.9135450395421365,1
2749,0.913478200255548,1
6976,0.913476683599399,1
1982,0.9131940721367071,1
5686,0.9131738014721114,1
1929,0.9130479870563438,1
3026,0.9129368899806789,1
4527,0.9126350801811269,1
917,0.9122398155552811,1
2240,0.9117372981356491,1
8972,0.9114560499731486,1
4905,0.911325995765816,1
4573,0.9112541352690474,1
2259,0.9110397762261078,1
8435,0.9110118904521451,1
636,0.9106010244649754,1
3406,0.9105982114816291,1
2598,0.9104551142271058,1
4832,0.910335255914016,1
113,0.9103128323235327,1
3289,0.9101262149844179,1
7363,0.9100426429616312,1
404,0.9098243662323816,1
3777,0.9097898526286261,1
9866,0.9085386643332873,1
4978,0.9084868592317967,1
5539,0.9084857355532182,1
6216,0.9080023818897213,1
1444,0.9076661233745215,1
5016,0.9074757508865932,1
5111,0.9072535950893811,1
7676,0.9068985490427454,1
7986,0.9065608597601458,1
9887,0.9063291001282463,1
5539,0.906092929292158,1
4058,0.9060124483839167,1
7134,0.9055357856353817,1
2254,0.9052022440443878,1
4470,0.9050741178169603,1
6440,0.9049396866025526,1
4972,0.9042067235894647,1
9935,0.9038454775243568,1
2315,0.9036009699583263,1
7710,0.9031822956312279,1
3873,0.9028123639922899,1
6626,0.9028084748084976,1
1030,0.9026599641247318,1
6030,0.9022777389005964,1
2255,0.9018877452204093,1
2259,0.9013033029218801,1
8092,0.9012549387210478,1
8092,0.9012404509068542,1
3367,0.9012391396244516,1
5016,0.9005686065836741,1
1746,0.9005022616516949,1
4486,0.9004986589405274,1
3733,0.8999886823086911,1
1293,0.8997052555353894,1
4832,0.8994786006132413,1
6499,0.8994582440610951,1
1626,0.8992299375651522,1
2188,0.8991738309675487,1
8517,0.8988991411649224,1
6687,0.8987240859767063,1
122,0.8987154345107652,1
1022,0.8986328341791522,1
5086,0.8985481466570406,1
7181,0.8984682872757653,1
3072,0.8981348528116102,1
938,0.8977869431628854,1
7785,0.8977279057904527,1
9933,0.897630815156262,1
8292,0.8975614446951097,1
6385,0.8970228108924562,1
4960,0.8967815300479435,1
8692,0.8967743410724921,1
1791,0.8963406490761117,1
4083,0.8962001846850632,1
4107,0.8952812029167049,1
7363,0.895246780451771,1
3448,0.8950731828019567,1
3386,0.8949479923477626,1
1636,0.8947146646680237,1
2474,0.8946628612619437,1
3273,0.8943538598852897,1
3499,0.8936494693218964,1
1789,0.893604505743447,1
8292,0.8935570374671217,1
3205,0.8932687624606437,1
4731,0.8931577113700913,1
7024,0.8931380768796219,1
917,0.8926473162143561,1
1063,0.8920524876922377,1
1314,0.8914690732244123,1
6352,0.8910341230834824,1
1929,0.8909723887688676,1
5016,0.8908016597752817,1
3386,0.8904776556392101,1
7140,0.8903019264483539,1
5718,0.8902160886890181,1
310,0.8895737273257676,1
402,0.8892866128051566,1
3334,0.8892769977045287,1
3516,0.889233301613519,1
6629,0.889129642822111,1
41,0.8890029814421537,1
7022,0.8887567157767269,1
3448,0.8886530938958016,1
6497,0.8884604786361333,1
4182,0.8880343229478734,1
3309,0.8874519213740796,1
7267,0.8872383818527299,1
2749,0.8871806072336019,1
4281,0.8870117339710014,1
7443,0.8869306242554565,1
7964,0.8868992285797896,1
2270,0.8868041241912906,1
3273,0.8866965615104033,1
3386,0.886324119059331,1
3361,0.886247613962401,1
7488,0.8862081792848681,1
7443,0.8860350024753512,1
6468,0.8857296456542112,1
9377,0.8853165306344322,1
7676,0.8852851164843877,1
2614,0.885180611614273,1
1013,0.8848596012703674,1
4731,0.8848351940135768,1
3906,0.8847154832797133,1
8187,0.8846003798578752,1
4450,0.8845528426949484,1
5874,0.884491990957718,1
9072,0.884095686669596,1
5016,0.8838244910205505,1
6087,0.8837596665926574,1
7336,0.8837230138267076,1
8045,0.883722502327949,1
5439,0.8832197400512779,1
4881,0.8831150097360501,1
8437,0.882578273318548,1
7880,0.8823901410091177,1
7348,0.8821265057411921,1
5646,0.881807061908977,1
9382,0.8816133188014154,1
3763,0.8813990453957036,1
3906,0.8808335212031531,1
8166,0.8806832727366586,1
5021,0.8805306685496397,1
4832,0.8804838116492032,1
4333,0.8804396520268558,1
9819,0.8803299463534126,1
554,0.8800458903015012,1
3262,0.879978638953765,1
2740,0.8796722000830457,1
9377,0.8795957639844574,1
1923,0.8795203376135796,1
5803,0.879464413578739,1
6815,0.8793250482128723,1
1976,0.8790528080674135,1
4881,0.878885097144067,1
310,0.8788477341933154,1
3999,0.8788405367237483,1
889,0.8787133823989195,1
1502,0.8786480431309975,1
3361,0.8784849169481839,1
2323,0.8784209595758901,1
1441,0.8783900420105926,1
5439,0.8781167626599709,1
4281,0.878106450236248,1
656,0.8780706150692347,1
1277,0.8774965449053752,1
3240,0.8767806353992169,1
2386,0.8766279733628427,1
5670,0.8763770097140997,1
4571,0.8763512799531,1
2997,0.8762912378668741,1
499,0.8761760729761828,1
9819,0.8751796735083288,1
6813,0.875142641576711,1
5163,0.8748500795248964,1
1138,0.8748223737108046,1
7267,0.8745853720579325,1
4686,0.8743703503932858,1
4790,0.8742653079611348,1
9478,0.8733429177000674,1
2780,0.8733063643580431,1
9215,0.87330460192956,1
2517,0.8729149757823069,1
9006,0.8728394934677284,1
5606,0.8727981811728673,1
1099,0.8725905783246615,1
8887,0.8724766151693253,1
4527,0.8723194413125677,1
6752,0.8720558602847017,1
7837,0.8715496787540575,1
3771,0.8709254801235532,1
8260,0.8708695270937248,1
6470,0.8708240256447476,1
3879,0.8707451495991807,1
7828,0.8706053770662862,1
7443,0.8704478683605131,1
5646,0.8699224843930224,1
4960,0.869690782885047,1
4480,0.8696654488623673,1
3886,0.8694377541460011,1
8015,0.8693701891228665,1
5490,0.8691608600327771,1
544,0.8684112113164648,1
348,0.8683456912094519,1
1441,0.8682045649950615,1
7837,0.8680353919193294,1
3088,0.8676647364262267,1
5646,0.8675175289413327,1
8525,0.867369863260863,1
2698,0.8669237270234966,1
7085,0.8668094040769869,1
8375,0.8663097325084227,1
5385,0.8660152404587503,1
8045,0.8658447400303981,1
348,0.8656333199721187,1
5016,0.8655229342969054,1
1314,0.8654407239470047,1
5342,0.8652945622022633,1
8390,0.8652654223495174,1
7836,0.8651247517995556,1
352,0.8650419351714527,1
1965,0.86503903952618,1
6626,0.8647099472241151,1
3367,0.8645999948092695,1
7828,0.8645197041698616,1
7408,0.8644766917629113,1
701,0.864470435227809,1
5494,0.8643134781860053,1
1778,0.8639649591154817,1
6626,0.8638985218183147,1
1138,0.8638603345714084,1
2110,0.8638283250956441,1
1926,0.863756411691211,1
9387,0.8637320855313513,1
2741,0.863381790732979,1
3166,0.8631355918499628,1
1161,0.8628737893644656,1
6752,0.8626189280561504,1
2063,0.8625126871552619,1
3190,0.8622833306605764,1
7238,0.8620639827833224,1
2255,0.8618099055422951,1
6595,0.8615658852309982,1
5459,0.8613629912377293,1
1947,0.8613347252430024,1
6331,0.8611332981166223,1
325,0.8609136556558509,1
4971,0.8604149908938773,1
3106,0.8601566018831487,1
3814,0.8600506257925027,1
5919,0.8599692983719757,1
2379,0.8598318820022073,1
1965,0.8594636546914611,1
5746,0.8592070023573173,1
6542,0.8591596021665457,1
5296,0.8588653086289485,1
4058,0.8586276124232157,1
6470,0.8584588583894072,1
7314,0.8583172135582059,1
4970,0.8577415861964148,1
544,0.8574543572193868,1
4105,0.8574076149064287,1
7150,0.856975163140136,1
1100,0.8567969948975385,1
641,0.8567628040818728,1
7924,0.8565390876254942,1
3284,0.8564286624814729,1
8988,0.8562518745691249,1
4786,0.8562497688733047,1
9689,0.8556388876069514,1
4058,0.8556081111917808,1
3929,0.8552174175784255,1
7158,0.8551559070749551,1
7619,0.854863855902284,1
2980,0.8547384287151367,1
251,0.854337117432368,1
2740,0.8543011332495997,1
2702,0.8542300324469804,1
290,0.8541175976519488,1
2186,0.8540975414552608,1
6954,0.8539843406721134,1
7420,0.8534508731986619,1
1015,0.8534008925899854,1
6341,0.853173083195772,1
918,0.8529720169060898,1
4728,0.852750717353623,1
4107,0.852694374499035,1
8416,0.8523493806209578,1
5533,0.8522435948166908,1
9215,0.8521261559853063,1
6815,0.8520787377357006,1
7473,0.8518980635581399,1
2725,0.8518246474502787,1
3239,0.8517453681431845,1
9878,0.8516282053656676,1
3013,0.8510119795724772,1
7378,0.8509424088328503,1
2981,0.8507940734541373,1
3174,0.850775671314286,1
6910,0.85052361020613,1
1926,0.8503693879343964,1
3302,0.8503483512233863,1
1505,0.850333613893854,1
2741,0.8500402684834547,1
3777,0.8500071937655869,1
9611,0.8496742386368021,1
9900,0.8489076093567824,1
2725,0.8484705018692817,1
6629,0.8484361130044672,1
6935,0.8483223246803585,1
9590,0.8482827182428421,1
9377,0.8482582234889057,1
8453,0.8475372310933221,1
9739,0.8473259285744299,1
4311,0.8472690397214662,1
6937,0.8470914024384535,1
5108,0.8468596880539835,1
6516,0.8462867646247794,1
239,0.8462611653517681,1
6935,0.8459416455985965,1
4687,0.8459386196708625,1
4637,0.8457353023553007,1
4335,0.8454852067235258,1
4822,0.845368462640483,1
1624,0.8452089106208723,1
4693,0.8452088261409202,1
3013,0.8448986150173852,1
4157,0.8447910750728934,1
3714,0.8447730494897177,1
4822,0.8447018244726021,1
2561,0.8444555057601881,1
9611,0.8444461236978871,1
5317,0.8435966788769288,1
2375,0.8434400654729385,1
5668,0.8433092634005511,1
2379,0.8429027458303123,1
320,0.8429001194890137,1
3598,0.8427745481330152,1
4534,0.842319227170584,1
5021,0.8422584168573013,1
9123,0.8421082799678322,1
5211,0.8419701830551279,1
3516,0.8415338580138385,1
5163,0.8414459223626217,1
4666,0.8411432828864851,1
4335,0.8409068765938653,1
161,0.8403122973354823,1
3206,0.8402422845182816,1
8493,0.8401525845402589,1
3078,0.8398053171095956,1
3771,0.8397340995110614,1
4062,0.8395736493620639,1
4182,0.8394772707018695,1
2844,0.8391959598268074,1
8692,0.8391300795431592,1
7933,0.8390554714620184,1
7456,0.8389215982556284,1
7587,0.8388088728418228,1
159,0.8387272779959611,1
8908,0.8387002929798402,1
8205,0.8386787802178873,1
3467,0.838538520634132,1
9853,0.8384328805105687,1
2777,0.8379699322366224,1
3010,0.8376157860514677,1
3802,0.837460548097458,1
7700,0.836992092667012,1
9816,0.8368945473400552,1
108,0.8368413565638961,1
5756,0.8367701045083544,1
5317,0.8366398347440093,1
4473,0.8359437573038431,1
1696,0.8353333537008196,1
4786,0.835249736686529,1
5317,0.8352343108876428,1
4822,0.8349185810616206,1
5459,0.8347975729779592,1
6812,0.8346832907382455,1
7739,0.834672115428149,1
2915,0.8343133824351405,1
7587,0.8343032821993603,1
9754,0.8341625417265588,1
788,0.83413744366376,1
2587,0.8337109290599038,1
8692,0.8336985900089008,1
8087,0.8334087182239531,1
5019,0.8329882801604181,1
7542,0.8329073577400484,1
400,0.8328821844188735,1
3343,0.8327606828505458,1
8279,0.832450729362255,1
6062,0.8320148680481904,1
9123,0.8319938108344261,1
2343,0.8318331783761153,1
2859,0.8318210172383037,1
5553,0.8315351187887674,1
6561,0.831067881670056,1
5481,0.8310644956083286,1
4693,0.8309945951824396,1
157,0.8309387780516523,1
4796,0.830734481180886,1
1626,0.8301927403627509,1
4534,0.8301881413855409,1
6249,0.8301149729314096,1
3771,0.8300763935939757,1
6838,0.8299118597434019,1
6775,0.8296633715285994,1
2344,0.8291276949184495,1
9114,0.8287320350374293,1
1250,0.8284343269383707,1
6935,0.8282341364769923,1
2047,0.8281177020417579,1
2571,0.8277271657346631,1
215,0.8276535334595999,1
1465,0.827437628372055,1
951,0.8274081089725894,1
6812,0.8272943195099755,1
1318,0.8270562096709977,1
938,0.8270299705682483,1
1912,0.8269267016631345,1
4575,0.8268505471124658,1
8729,0.8265026964527005,1
7898,0.8264253809246733,1
2981,0.826418391060095,1
4686,0.8262147231923778,1
3186,0.8258455832445665,1
3886,0.8256430197469521,1
977,0.825387092443264,1
3167,0.8251251275580155,1
1734,0.8251089666313853,1
8260,0.8250123812669503,1
2066,0.824841767479506,1
2607,0.8248200664039894,1
3206,0.8247202701888731,1
9919,0.8245817733737453,1
7662,0.8243840528835964,1
8506,0.8242474727502557,1
7612,0.8240429030769642,1
8974,0.8238551188641848,1
4702,0.8232632806631447,1
6530,0.8230627152905596,1
9048,0.8229810466281225,1
7771,0.8229537225419536,1
6521,0.8228745951648287,1
8839,0.8226774797813694,1
7929,0.8225717421166876,1
6284,0.8220259448857594,1
8331,0.8219875901120831,1
2712,0.8219866426169837,1
7933,0.8219755777230346,1
6032,0.8219500258112622,1
7498,0.8216534793944867,1
1487,0.8216394283705147,1
5294,0.8216324973192314,1
7357,0.8214759474019518,1
7505,0.8213869003187491,1
1997,0.8213164452935355,1
2302,0.8212061065617994,1
5756,0.8210413319652655,1
3316,0.8208989183628386,1
1071,0.8207807770190745,1
519,0.8207102986129912,1
2860,0.8203808061370336,1
348,0.8203264770752517,1
8556,0.8203051905218558,1
5103,0.8202969625881377,1
2174,0.8201272987511145,1
251,0.8200277058218178,1
159,0.8199944068152798,1
5660,0.8198957628832109,1
1880,0.8197139823972436,1
4988,0.819546033415957,1
738,0.8186027914147992,1
5372,0.8183410417596256,1
2777,0.8182422486826001,1
6521,0.8181801607389949,1
3327,0.8181600951988155,1
5424,0.8181263530193332,1
6370,0.8180642591133724,1
1788,0.8177340328554483,1
296,0.8175490367757386,1
8426,0.8174355940046827,1
4988,0.8172161241634252,1
8239,0.8171405796341532,1
6585,0.8169373079976548,1
8729,0.8168366790136435,1
2320,0.8168348673412091,1
8945,0.8167259834675095,1
8533,0.816695166636261,1
7739,0.8165607586478663,1
9215,0.8161831245146886,1
4060,0.8157955245279395,1
2628,0.8156142896882038,1
735,0.815564475064021,1
9192,0.8154101147637173,1
4352,0.8152381936071172,1
2135,0.81474122497761,1
9643,0.8147197937824716,1
3917,0.8145257631240801,1
4311,0.8140973423606274,1
7393,0.8137892504543232,1
2580,0.8135156864265364,1
1505,0.8133829093416106,1
5494,0.8133734775127105,1
5694,0.8131688531550861,1
7226,0.8130510017259998,1
194,0.812937215826823,1
9795,0.8128938487440279,1
9160,0.812614376293055,1
1741,0.8126103200547907,1
3262,0.8124366814041398,1
2066,0.8123328184520657,1
9079,0.8122673951343081,1
257,0.81213766262039,1
4881,0.8121217320719176,1
1788,0.8118824364033231,1
1187,0.8118046505617478,1
8312,0.8111092841602762,1
3401,0.811088911701505,1
1770,0.8109775771729137,1
2899,0.810621000873854,1
6838,0.8105977852079495,1
3262,0.8104850099678759,1
4066,0.8104175782073664,1
7105,0.8100197033641433,1
1197,0.809736343213383,1
7357,0.809528003518199,1
7911,0.8093553360281459,1
8970,0.8089450562520194,1
1880,0.808430511650977,1
2699,0.8083242588122866,1
425,0.8077960112724552,1
435,0.8077061007563162,1
2732,0.8076381277248087,1
9900,0.8076292964383324,1
8441,0.8075416233276251,1
4352,0.807465003179221,1
2741,0.8073426686413482,1
7836,0.807267458333369,1
6561,0.8072078939311659,1
4563,0.807078656117794,1
6482,0.8068675858059347,1
1189,0.8063702355750347,1
6370,0.8062269194163751,1
1724,0.80606033995797,1
9739,0.8059793680807379,1
6945,0.8057230917939843,1
3929,0.8056939656918466,1
8309,0.8055838334226529,1
6167,0.8055285479911446,1
4693,0.8054075520374957,1
4159,0.8053918223757526,1
1414,0.8050405393034715,1
9928,0.804808711778395,1
9659,0.8045551181819085,1
2255,0.8045255777524514,1
5294,0.8043568982512299,1
9382,0.8038994938964928,1
3240,0.803248665915452,1
5329,0.8028425161568669,1
9124,0.8028275215112431,1
8381,0.8027962867180035,1
843,0.8027393153405136,1
3858,0.802695808929115,1
6555,0.8026721067903373,1
3763,0.8022407493732916,1
7639,0.8022284907904176,1
2699,0.8020637911289548,1
5718,0.8019973655808342,1
5076,0.8016745736975223,1
4384,0.8016242360266514,1
3768,0.8014077286340905,1
5329,0.8012874554130138,1
6155,0.8012824396823064,1
425,0.8011796451037656,1
4913,0.8007666850882453,1
6516,0.8006928536300438,1
3401,0.8006522994589726,1
3929,0.8006086976305188,1
7222,0.8003999313274601,1
9160,0.7996111069727059,1
9196,0.7994557317826574,1
325,0.7990687151622089,1
574,0.7987398159948766,1
1515,0.7984383766272984,1
1410,0.7983128872244308,1
3209,0.7981483906487906,1
671,0.7980423412318529,1
9215,0.7980289344498078,1
916,0.7979726394761321,1
8506,0.7976797339968154,1
6386,0.7974059144225595,1
9553,0.7970965737658555,1
7901,0.7968998725774619,1
4562,0.796780969009919,1
5722,0.7965979691605217,1
8856,0.7964533985967917,1
2740,0.796365487459455,1
5198,0.7963481458335578,1
8155,0.7961690992217353,1
2247,0.7955218091883918,1
5103,0.7950894231120469,1
136,0.7948289142964419,1
7976,0.7945473210857651,1
5973,0.7945434977486477,1
3732,0.7942884494793963,1
3439,0.7942504877243279,1
3643,0.7940574826922533,1
782,0.7940230474765881,1
9048,0.7939191279260481,1
4298,0.7938636279215687,1
1218,0.7938311568449851,1
2662,0.7937629620751309,1
3343,0.793603728056539,1
2257,0.7934591984343005,1
671,0.7933436089054035,1
5856,0.7931875511321103,1
5294,0.7931181513476298,1
7353,0.7929855690033499,1
9048,0.792840335789134,1
7427,0.7927319677137662,1
5736,0.7926224522401449,1
4783,0.7925182493578319,1
5329,0.7921536822403813,1
8031,0.7921030054336328,1
2702,0.7920767744676538,1
7499,0.7919016341133229,1
345,0.7916695592349491,1
5360,0.791489870392699,1
1120,0.7908687702524078,1
9164,0.7904135177544233,1
7200,0.790293594268268,1
296,0.7900556612667666,1
1825,0.7897401937457332,1
9455,0.7894830110965045,1
1331,0.7894108951830388,1
1724,0.7891027949663518,1
9819,0.7890853436354895,1
3629,0.7889803207118787,1
3209,0.7888717477018171,1
2229,0.7886161058024428,1
7612,0.7885231465113728,1
1947,0.7881410830992354,1
2322,0.7878256674038888,1
9382,0.7878019524199572,1
5084,0.7876986267110887,1
6513,0.7876249848900166,1
5195,0.7876218805696662,1
7709,0.7874209738176366,1
5660,0.7873676092467218,1
5392,0.787252813330964,1
7969,0.7869012044994974,1
9659,0.7868638082827308,1
6634,0.7865191384186078,1
3628,0.7864782316807715,1
6701,0.7864268366134406,1
3327,0.7862473157281863,1
7222,0.7860526082103387,1
766,0.7859836194661596,1
8451,0.7858310612983554,1
2983,0.7858077313775162,1
8064,0.7854653477561215,1
6553,0.7853725523567346,1
8264,0.785209115233772,1
7739,0.7850641488101963,1
9510,0.7848059798402048,1
7187,0.7847659680463571,1
6585,0.784650676996308,1
5348,0.784433482319096,1
4500,0.7843112209158438,1
76,0.7841563879160801,1
5746,0.7840878550730142,1
1218,0.78379443685626,1
7343,0.783755288882005,1
7723,0.7837442517210178,1
9455,0.7830554297265804,1
7353,0.7829991499215393,1
6895,0.7828567012665296,1
9924,0.7828351286418133,1
7423,0.7828151204693113,1
8120,0.7827736830487569,1
2983,0.7820673324510049,1
7763,0.7819963803196722,1
2638,0.7819064444706134,1
7639,0.781854711166994,1
3763,0.7816236910132777,1
6631,0.7814047370123481,1
5562,0.7810213429555766,1
7639,0.7808877053271904,1
6279,0.780660407142847,1
2689,0.7801212078900376,1
5211,0.7798568139643893,1
2662,0.7796239195810836,1
1718,0.7795058977924479,1
5470,0.7793522409865976,1
919,0.7792435307601572,1
320,0.7792313124729277,1
8942,0.7790857882305245,1
5348,0.7790207455341142,1
1410,0.7789689824336311,1
8970,0.778936833427052,1
2472,0.7788402212353391,1
501,0.7784579118914217,1
1830,0.7783757486217117,1
3167,0.7782468879517327,1
9892,0.778145119485823,1
3070,0.7780267700652169,1
4066,0.7775892369608575,1
7310,0.7775243518275865,1
1952,0.7773973538686486,1
842,0.7773493880486644,1
6952,0.7771171386185449,1
3766,0.7769515668751016,1
1724,0.7768186783322307,1
5718,0.7766324123905388,1
9048,0.7764598189476649,1
2915,0.7763630585883611,1
4148,0.7759661031579865,1
596,0.7757763672889472,1
257,0.775471390668554,1
1201,0.775203287499173,1
9138,0.7749285472118148,1
3225,0.7745799184822372,1
6341,0.7743508401503509,1
6775,0.7739830088677832,1
5389,0.7737264409866201,1
7528,0.7736455803698749,1
3663,0.7735529771913469,1
2040,0.773453629204847,1
6634,0.7729861829409066,1
2392,0.7728822125170917,1
8088,0.7728792609693129,1
3239,0.7727723358835584,1
2544,0.7724137515101318,1
296,0.7722388151875914,1
2148,0.7720272692808198,1
7976,0.7719376891671245,1
8895,0.7716387234680239,1
7842,0.7714320725802366,1
5084,0.7713392707504869,1
2613,0.7713176474900038,1
5479,0.7712061053195496,1
5544,0.7712051667025428,1
7723,0.7711711010899313,1
425,0.7710430769752298,1
6344,0.7709991319636349,1
6080,0.7709364464386523,1
9732,0.7709045863052844,1
5988,0.770867477929922,1
8284,0.7707839535018434,1
1697,0.7703103264613661,1
6813,0.7703017983164073,1
1515,0.7702916076156182,1
3762,0.7700749551135649,1
385,0.7700308239647643,1
1527,0.7697317733060555,1
4035,0.7697263041404168,1
726,0.7696723515142482,1
3929,0.7696037139819955,1
1866,0.7695511472256688,1
6169,0.7693521371731272,1
656,0.7691783315402839,1
4717,0.7690825189038437,1
7545,0.7686595364447792,1
1201,0.7681224621520317,1
1952,0.7680502226868583,1
1279,0.767805618277488,1
9307,0.7675881939831762,1
6489,0.7672660452043565,1
2152,0.7672355831830854,1
3730,0.767191502212302,1
9200,0.7668171070149569,1
168,0.7667389659457194,1
3732,0.7667376782125684,1
3323,0.766694798240035,1
4473,0.76621011897134,1
2848,0.7659407477731107,1
280,0.7658907906905267,1
5718,0.7658830623212033,1
790,0.7657652732586291,1
753,0.7656071646383218,1
659,0.7655841128083298,1
5385,0.7649140871890915,1
919,0.7648074531381426,1
2148,0.76463255288987,1
4036,0.7643992718892726,1
9654,0.7643776447472364,1
8533,0.7642072464925441,1
4235,0.7641517272790367,1
27,0.763737645221449,1
621,0.7636857973060421,1
6435,0.7634236163319427,1
8096,0.7633645524464954,1
9037,0.7628123140218735,1
4196,0.7627714574589561,1
4838,0.7627544628925762,1
306,0.7625382999583273,1
8096,0.7625084714156168,1
2908,0.7624983261346058,1
3858,0.7624431627915603,1
1866,0.7621711783011805,1
6535,0.761906147091,1
4796,0.7617494076304587,1
6732,0.7617012327518645,1
989,0.7616182696301559,1
3067,0.7611884015285434,1
4082,0.7610193302995645,1
3147,0.7609695371030892,1
6716,0.7604545903780309,1
9853,0.7603200993194277,1
5230,0.7602104009803331,1
3056,0.7600966035108209,1
7085,0.7599533115561072,1
5770,0.7599491960220268,1
6716,0.7598020675275629,1
3793,0.7596216648384285,1
6412,0.7593759281496918,1
6813,0.7591841799201393,1
2916,0.7591409711298803,1
5990,0.7590982089000554,1
5481,0.7590245121061863,1
301,0.7589295450541704,1
3482,0.7588259037621831,1
2322,0.7584546003062512,1
1589,0.7580398445138827,1
7969,0.7578374763366058,1
2578,0.757649454602454,1
4176,0.7575855795112607,1
460,0.7573537932688897,1
6339,0.7570901923442798,1
3053,0.7569264067783243,1
657,0.756656704016669,1
7393,0.7565031302831998,1
5203,0.756490814637573,1
1585,0.7564886446188509,1
7431,0.7562249448578777,1
2132,0.7560172474189885,1
5988,0.7559694355496951,1
2257,0.7558490635882168,1
5514,0.755677090568508,1
6801,0.7556576173987146,1
7983,0.7556275106388157,1
5233,0.7556186438613934,1
6217,0.7553433720957976,1
2093,0.7553104042621931,1
8639,0.7552932629108484,1
9444,0.7552754123084058,1
9444,0.7552415471313557,1
9525,0.7550278117118833,1
8309,0.7546945687560606,1
2132,0.7545720342826481,1
7122,0.7545527354435729,1
1420,0.7545167394710539,1
2022,0.7545049364249515,1
3830,0.7544607790242592,1
5990,0.7541134932732951,1
9192,0.7539353960845028,1
5856,0.7537751391946894,1
9044,0.7534072888613316,1
2544,0.7534047541290565,1
9288,0.7532339482525277,1
4693,0.7530548473959267,1
6292,0.7529926594750969,1
78,0.7529380863535521,1
3075,0.7528329231814573,1
7085,0.7528246257310003,1
1688,0.7527683634105098,1
9383,0.7525178922620591,1
3259,0.7522931835230193,1
1218,0.7522264341192291,1
657,0.7521536249012871,1
8293,0.7520190882344198,1
9919,0.7519459852130113,1
9342,0.751144858399974,1
451,0.7509851042500021,1
777,0.750932593575319,1
2353,0.7507773111849579,1
574,0.7506880314850009,1
204,0.7506248424888414,1
5897,0.750588493471948,1
9019,0.7504992317261474,1
8271,0.7504929398679911,1
6814,0.7504617914815361,1
3793,0.7504035165490319,1
8309,0.7501375504693809,1
5479,0.7487485429849715,1
1870,0.748725662770486,1
6423,0.7486875347745171,1
1830,0.7485131334080978,1
4510,0.748294626237145,1
345,0.7477911703171636,1
9692,0.7475761188369733,1
1643,0.7474729466291555,1
2527,0.7473231284125645,1
4878,0.7472156468190274,1
5971,0.7470057996735441,1
4500,0.7468754182758427,1
3010,0.7466704893790493,1
5815,0.7462920102526998,1
2152,0.745635310644179,1
2993,0.7456292995547318,1
460,0.7456275467445931,1
7180,0.7452020250070399,1
2392,0.7451104594116609,1
5672,0.7451029899026314,1
1697,0.7450440340506712,1
1072,0.7450040079957628,1
3439,0.7446759187494816,1
6838,0.744657153142064,1
8264,0.7446143576288689,1
4838,0.7445801455121603,1
9161,0.744485056185049,1
2392,0.7444464326053103,1
2406,0.743812393084245,1
7420,0.7437917025536988,1
3401,0.7437177615625359,1
320,0.7436733581894783,1
7581,0.7436183066561556,1
604,0.7435740421852013,1
9713,0.7433603786434507,1
1461,0.7431458934319631,1
1331,0.7428781079709234,1
5611,0.7426885957056035,1
515,0.7426329088030933,1
7085,0.7423305214724174,1
6572,0.7423131534571933,1
6957,0.7422419087452385,1
8441,0.7421550120781168,1
5409,0.7419446932609336,1
5976,0.7417324643288219,1
4666,0.7411547102587702,1
7901,0.7410451703049564,1
7873,0.7410317853524179,1
1781,0.7408021070544069,1
2218,0.7407829657558413,1
7022,0.7407108966659043,1
1609,0.7406191300428818,1
8702,0.7406008803750513,1
8848,0.7405968854718816,1
6807,0.7403740020763875,1
3469,0.7403243309872591,1
6910,0.7400851847043018,1
5392,0.7400229488015376,1
2689,0.7398535611118758,1
7459,0.7397586368716164,1
662,0.7395496277766803,1
1186,0.7395284797316648,1
6224,0.7393255607240456,1
7271,0.7389678156244646,1
7528,0.7389475630373286,1
66,0.7388636914581121,1
4568,0.7388533760227444,1
9409,0.7387892527561736,1
554,0.7385473865624452,1
1238,0.7384019915523901,1
604,0.7383622830207429,1
7617,0.7376495018075083,1
8737,0.7376046146134407,1
3165,0.7375345250284019,1
8566,0.7374280606196237,1
1537,0.7371032230080687,1
5486,0.7370788057521659,1
236,0.7370559099595765,1
1520,0.7368735547148871,1
4172,0.7366291908346018,1
2136,0.7365099834166865,1
8827,0.7364727896324419,1
6926,0.7364200695546861,1
3159,0.7362305830878842,1
6004,0.736041050789083,1
7491,0.735947576706176,1
574,0.7358491865861284,1
6653,0.7355041973925612,1
596,0.7353204504820634,1
9553,0.7353134926617656,1
4955,0.7351992148130964,1
8266,0.7350771312302272,1
5705,0.7350046615109048,1
1927,0.7345614740068027,1
8064,0.7344165573458209,1
4536,0.733893925929699,1
2055,0.7336277784080188,1
2271,0.733560046262041,1
4201,0.7334471639339397,1
4272,0.733230627454405,1
9810,0.7331077049194639,1
5933,0.7328148479088352,1
8827,0.7326335057018327,1
1370,0.7325548142861374,1
726,0.7325207059359574,1
9661,0.7324993859511238,1
3075,0.7324674974252554,1
3688,0.7324037237144789,1
5179,0.7320163406848157,1
9326,0.7311304821033136,1
8406,0.7311020653753645,1
1823,0.7306636103755737,1
8528,0.730530744652719,1
9288,0.7304561179659045,1
2399,0.7301638841655272,1
5365,0.7300531223108574,1
4790,0.7297933613815669,1
5536,0.7295278822474914,1
2780,0.7294961800614556,1
6814,0.7291211220237671,1
194,0.7288556027353712,1
1145,0.7286863044388767,1
4075,0.7286455542180361,1
8547,0.7284878009452924,1
8160,0.7283567580939303,1
1991,0.7283541025569604,1
2136,0.7283444206369657,1
8542,0.7282309928049643,1
5833,0.7280244187899197,1
1197,0.7279619034914246,1
4553,0.7276200310824028,1
7709,0.7273405722651273,1
7071,0.7272589201237653,1
1243,0.727252399561995,1
1562,0.7272182038513872,1
7458,0.7270193806625166,1
7226,0.7268930117778123,1
8863,0.7268035567304482,1
9880,0.7266225575725075,1
650,0.726500723207568,1
3356,0.7264793333604634,1
1414,0.726259549674939,1
8930,0.7262257684478912,1
141,0.7261319255015091,1
3401,0.7256723815226679,1
2188,0.7255906336104415,1
7427,0.7255868401496597,1
3272,0.7252323747846058,1
9748,0.7251797991300465,1
9076,0.7251704640684683,1
1989,0.7251428880780559,1
5770,0.7243227000150133,1
3626,0.7242654128467573,1
9661,0.724226645965828,1
6807,0.7241455188244131,1
5782,0.7239194762018443,1
2676,0.723876355062215,1
4137,0.7238184677766433,1
6543,0.7237752996878054,1
6537,0.7237749308435144,1
5649,0.7236929484893941,1
7458,0.723064039298907,1
7333,0.7229090262570386,1
6572,0.7225688221138948,1
5868,0.7224517165804089,1
5671,0.7223910712517754,1
2148,0.7221530199792227,1
7664,0.7220623817083085,1
8285,0.7218836328338634,1
7638,0.721864044980168,1
4940,0.7216282643046233,1
8,0.721623596535368,1
6866,0.7214909946525379,1
9020,0.7213077229175648,1
2643,0.7210112754230021,1
4137,0.7207977318701898,1
4548,0.7206593534916356,1
1439,0.7206087494173413,1
8884,0.7205529819826799,1
9728,0.720524852143279,1
8843,0.7205246066043477,1
9067,0.7204200766747199,1
4176,0.7203516998885643,1
9930,0.720069497438803,1
3054,0.7196937029609215,1
8376,0.7193572934586303,1
6888,0.7192627537046513,1
4562,0.7191630954560713,1
9910,0.7191549929661802,1
4482,0.7191395422909018,1
1865,0.7189614580222007,1
3004,0.7189153429866653,1
3053,0.7189099454453791,1
8613,0.7188690228400967,1
5230,0.7188615673248019,1
8470,0.718682397733574,1
5481,0.7186802308543035,1
8977,0.7186606136141236,1
1295,0.7186074218938435,1
1189,0.7184571415527433,1
9340,0.71811478944366,1
9584,0.7180181880489004,1
890,0.7177252369300821,1
1989,0.7176571693755426,1
8051,0.7175809020291538,1
5688,0.7173346730433312,1
6344,0.7172381193258607,1
6936,0.7171862510782592,1
6619,0.7169591803433214,1
6265,0.716691972646518,1
3710,0.7165575567141224,1
5782,0.7164456601342108,1
2561,0.716315072081098,1
1259,0.7162340871031571,1
8505,0.7161699034226747,1
523,0.715937637529734,1
260,0.7156882318077817,1
9915,0.7155970631436523,1
8863,0.7155658769829015,1
8122,0.7154742579707692,1
6977,0.7153889436544106,1
4563,0.715307373218173,1
2676,0.7152625335169367,1
9968,0.7152007068218474,1
8968,0.7151183029849375,1
2385,0.7149220360541907,1
6719,0.7149067181678544,1
8974,0.7145636290351888,1
8578,0.7145340976900582,1
2113,0.7145231272350312,1
8134,0.7143754619860159,1
3943,0.7143341312843446,1
442,0.7141627508756897,1
3954,0.7137441510556234,1
9409,0.7136379760856832,1
2596,0.7134607295524656,1
3762,0.7134544491308626,1
8405,0.7131039782753357,1
8647,0.7129090092103405,1
5077,0.7125565800778582,1
7518,0.7122588673404904,1
4461,0.7121398950552652,1
8408,0.7119375072532658,1
2527,0.7118947784365884,1
6284,0.711802808964623,1
4153,0.7115813451523655,1
6014,0.7114767290740542,1
1946,0.711364679714296,1
9482,0.7113610766795199,1
3021,0.7112830925816432,1
7548,0.7112023959251377,1
2780,0.7111992992277043,1
9352,0.7111692869504055,1
8313,0.7106638778836599,1
67,0.7106614391598468,1
7266,0.7106257336038398,1
3750,0.7104765435410563,1
8232,0.7104607592055704,1
8765,0.7103686826773478,1
6132,0.7103019962428427,1
3310,0.710297576113,1
2139,0.7101736480225631,1
7154,0.709969310514422,1
9539,0.7097904764014067,1
7860,0.7097324941829468,1
1927,0.7097151432773104,1
5233,0.7095457232365293,1
9539,0.7090391634285655,1
3558,0.7082594634503934,1
9687,0.7080161943751001,1
5856,0.7078294221702431,1
8421,0.707759832650365,1
2601,0.7077351482074656,1
3471,0.7074417766677146,1
1435,0.7072849986226714,1
9288,0.707063378733908,1
4808,0.7070264786624293,1
1558,0.7070077779147785,1
8285,0.7069421780903881,1
5818,0.7066026182187072,1
4425,0.7065268002896686,1
4473,0.7064394704315575,1
7210,0.7063551920788929,1
6466,0.7062797859405373,1
6025,0.706077561675615,1
4602,0.7060381078171218,1
6014,0.705842979438621,1
9044,0.7057169395534831,1
4312,0.7057064762016377,1
7009,0.7055747460993257,1
8405,0.7053213920283637,1
8167,0.7052914032105756,1
9480,0.7048405293239787,1
153,0.7045980425919236,1
2184,0.704571005040524,1
6994,0.7045175904495933,1
8285,0.7045076937054553,1
4290,0.7044162267885161,1
671,0.704064693859392,1
7244,0.7040377816419477,1
3976,0.7040320124673697,1
9895,0.7040102302656631,1
9020,0.7039400487164862,1
1073,0.703885998019228,1
5782,0.7037923626933479,1
5080,0.7037247623236014,1
2113,0.7032330285389097,1
3186,0.7029542166590296,1
6650,0.7029408676825961,1
3183,0.7027273870734124,1
8911,0.7025508890103008,1
8364,0.7025192030872999,1
4562,0.7024985811928601,1
3766,0.7024736943963005,1
8839,0.7022946770041681,1
7480,0.702289444439831,1
7210,0.7016577520938996,1
8207,0.7014346164994025,1
9526,0.7010505067118,1
2148,0.7009680252722116,1
5448,0.7009016731279523,1
6402,0.7008298877702982,1
2542,0.70049479026062,1
8122,0.7004833403667522,1
3147,0.7004264663072263,1
8968,0.7002390330042314,1
8827,0.7000479975992886,1
3053,0.6994392297343803,1
7562,0.6993972252722908,1
3198,0.6993661298164193,1
7860,0.6992866551265764,1
6807,0.69915944026781,1
2110,0.699074616908286,1
2132,0.6990287522001891,1
8040,0.6987288466518436,1
5996,0.6986075256975629,1
9588,0.6983932732883827,1
6241,0.6982814569030191,1
3189,0.6980166332994692,1
7385,0.6978725338865996,1
483,0.697852788338893,1
236,0.6976535846615204,1
7437,0.6975104611015887,1
9762,0.697400827128562,1
5137,0.6973582030369049,1
4515,0.6973381557392214,1
7427,0.6971422803147375,1
6966,0.6970501332230985,1
3773,0.6969856724045458,1
4262,0.6969547066486267,1
9193,0.696533441769894,1
183,0.6963956518015821,1
67,0.6962425674622038,1
1258,0.6961832067538145,1
9243,0.696151305024339,1
9278,0.6960306603302585,1
2419,0.6959678050906202,1
8008,0.6957667589952896,1
8,0.6957490594057911,1
8231,0.6953958471972108,1
528,0.6949904453121517,1
7860,0.6948359262446689,1
2053,0.6947355723495309,1
5334,0.694499141337788,1
4856,0.6942581690363564,1
9968,0.6941427506773732,1
7209,0.6940685241859826,1
7162,0.6937945584467369,1
3128,0.6936516987880665,1
4076,0.6935753839386651,1
554,0.6935159301418705,1
301,0.6933893987648782,1
8968,0.6933282001516478,1
3856,0.6933183998718183,1
528,0.6932349631837285,1
15,0.6931381901688443,1
4286,0.6931276911454708,1
7028,0.6930891960974588,1
6814,0.6929687434923829,1
7766,0.6926541062608863,1
9342,0.6924495982681438,1
4500,0.692274909411119,1
9687,0.6919644135866,1
6173,0.6916637866589536,1
5083,0.6916207563634025,1
8421,0.6915480079252564,1
7897,0.6915418973590335,1
7774,0.6915039074844046,1
1984,0.6914583467510221,1
7494,0.6911007507580555,1
2837,0.6910390477815196,1
7891,0.6910005123171874,1
1989,0.6908768860017876,1
5418,0.6907495737037462,1
2645,0.690675498518499,1
2829,0.6905954503219259,1
4509,0.6904802596049753,1
8997,0.6899530826114448,1
3595,0.6899082013472033,1
1275,0.6896190062797148,1
5194,0.6893221060191826,1
7103,0.6891329495554708,1
8400,0.6891316374675522,1
6910,0.6890087152088621,1
3887,0.6889943132053803,1
9930,0.6889445708842311,1
3610,0.6888371813644886,1
7774,0.6887957949039895,1
6342,0.6886628301814074,1
6101,0.6885826368181712,1
9690,0.6885169133497792,1
2204,0.6885061884715769,1
6400,0.6884385571414737,1
528,0.688381125629023,1
4549,0.6882805955465622,1
272,0.6881824680974226,1
4196,0.6881385097559761,1
1089,0.6880407553317325,1
1367,0.6878937902175797,1
2097,0.6877456183590521,1
2385,0.6875750621633656,1
8167,0.6875330572851653,1
8264,0.6873410430155895,1
6292,0.6870658116576778,1
554,0.6870357243293116,1
8180,0.6870016077318764,1
6344,0.6868715913659031,1
4137,0.6868068480412257,1
4948,0.6866084702917011,1
4590,0.6865609964578366,1
5691,0.6862903967089152,1
8293,0.6857958414602692,1
2275,0.6857561400197837,1
214,0.6856801687958105,1
3235,0.6856465555092832,1
1537,0.6854320975501571,1
4838,0.685412047685117,1
5080,0.6853436556178372,1
7180,0.6851850185840737,1
9679,0.6850709284549029,1
8911,0.6849194785287607,1
7955,0.684858532278457,1
97,0.6848257475816661,1
7475,0.684568637706126,1
3926,0.6844889885670947,1
4076,0.6843196499234676,1
3277,0.6842333676048975,1
2828,0.6840328573139801,1
3790,0.6839761938060429,1
4102,0.6838923764520978,1
3277,0.6837829316641748,1
8222,0.683725363992909,1
2302,0.6836097235931136,1
2468,0.6833004354711161,1
9772,0.6830177851001559,1
2534,0.6829161421898292,1
9810,0.6828377549828707,1
2085,0.682799301494455,1
6966,0.6827829322053679,1
1535,0.6826535964833019,1
9607,0.682415773410846,1
7858,0.6823289947444778,1
8579,0.6821646446288776,1
2652,0.6821582275577933,1
2924,0.6820064739108682,1
3505,0.6818003965781723,1
9998,0.6817526856141757,1
117,0.6817303637453827,1
8969,0.681492538643306,1
8891,0.6813905925886846,1
7631,0.6813899520952509,1
5154,0.6813836767316505,1
6627,0.6813534886523833,1
4318,0.6813528955182762,1
7564,0.6812982561129985,1
9309,0.6812257745745401,1
3035,0.6808715432456366,1
2719,0.6807737075629247,1
9679,0.680627989992346,1
7805,0.6805729093404785,1
825,0.6805193652718385,1
4111,0.6804811745760253,1
3277,0.6801864957597984,1
7088,0.6801813331119171,1
7855,0.6800564482726937,1
4384,0.6799243290245647,1
2810,0.6798080015889479,1
2556,0.6796770543886929,1
7637,0.6796504012825781,1
6553,0.6795069927366318,1
7423,0.6793671028355157,1
5335,0.6793450925802893,1
6704,0.679211261824064,1
7379,0.6790669528006298,1
9779,0.6790533028912894,1
5058,0.6790065266052936,1
855,0.6789209198355708,1
6574,0.6789193329598031,1
9070,0.6788738108785657,1
9372,0.6788150092345657,1
5213,0.67856250117466,1
4718,0.6783678492156869,1
5750,0.6783115169280095,1
6092,0.6781287550675762,1
9188,0.6771502407862361,1
8721,0.6769043738028659,1
7134,0.6768167337275502,1
7278,0.6767817789117523,1
3109,0.6765592862737584,1
7044,0.6765154506896197,1
4571,0.6764721221476726,1
4953,0.6763893592965129,1
965,0.676301112442259,1
3887,0.6762251779164723,1
1492,0.6759059701803959,1
272,0.6756670961540733,1
7494,0.675583894150844,1
2092,0.6751516040939641,1
220,0.6751459065464273,1
9043,0.6750107562995846,1
4186,0.6747718132215841,1
7491,0.6747407669411197,1
1872,0.6747275826801434,1
2829,0.674572195339321,1
2201,0.6744718872345762,1
6018,0.6743635992144252,1
2148,0.674238327499769,1
8115,0.6742160317309762,1
2511,0.6741349650548601,1
4549,0.6741170012064426,1
3073,0.6739555416932586,1
9144,0.6738470666350679,1
9924,0.673777199264739,1
9994,0.6736513307722002,1
4404,0.67333798983901,1
6200,0.6733121332564113,1
3688,0.6727586984257798,1
9963,0.6726243310470791,1
7487,0.6725082501291302,1
25,0.6723599850691098,1
8505,0.6722225848059721,1
7078,0.6717575065041255,1
9978,0.6715825987347316,1
1450,0.6714291060663342,1
2916,0.6709415695564466,1
9328,0.6707591832095658,1
3009,0.6706011769236772,1
1120,0.6705095182592592,1
864,0.6705027370089894,1
6665,0.6703359840806066,1
7556,0.6702972138870023,1
4941,0.6702478036853655,1
2093,0.6700431846434238,1
313,0.6698801307276063,1
3569,0.6697959523362272,1
624,0.6696356676861395,1
2273,0.6691497242997957,1
9430,0.6691051074219796,1
7060,0.6684681326013058,1
9727,0.6684299112744205,1
6286,0.6683564557138858,1
1258,0.6682813460768878,1
2371,0.6682346430471896,1
5252,0.6680941328320309,1
931,0.6678201909332423,1
8345,0.6676414747891829,1
9919,0.6675763011356554,1
8580,0.6675242694984476,1
9675,0.6673585183726979,1
1141,0.6673559256126835,1
7817,0.66720788145751,1
4941,0.6671614456975055,1
7858,0.6669508408104553,1
9326,0.6667435016517419,1
6966,0.6666106362876246,1
3112,0.6662746794756407,1
2745,0.6661092267895574,1
3625,0.6660267814861038,1
9271,0.6660145015860466,1
2271,0.6659829266227513,1
6932,0.6657965099654147,1
8051,0.6656467782668731,1
2913,0.6653020801521704,1
7405,0.6652680334681148,1
7068,0.6652529872856662,1
6950,0.6652140809569022,1
9972,0.6648586960787195,1
8994,0.6648519184568749,1
2653,0.6647722247996135,1
3759,0.6643654910142279,1
1492,0.6642616412271748,1
386,0.6640488446804074,1
4536,0.6639467376732896,1
9082,0.6638612571362952,1
250,0.6637857553861153,1
9952,0.6636748875077294,1
7491,0.6635132947385947,1
693,0.6633481399330478,1
446,0.6631584587401523,1
9986,0.662863258802913,1
8144,0.6628220227964287,1
3035,0.6625125359572739,1
7989,0.6624174525426518,1
478,0.6622101395988649,1
4159,0.662045240742242,1
5155,0.662024370309939,1
9359,0.6618312219979686,1
4531,0.6617792725385775,1
4461,0.6617608256861324,1
8724,0.6616446756755241,1
2092,0.6615851804058016,1
7068,0.6615307269157314,1
8195,0.6614332700898166,1
5364,0.6612512543471956,1
144,0.6612328810716238,1
4511,0.6606833836185955,1
3259,0.660448465900975,1
4318,0.6604110098627048,1
3380,0.6603630639127301,1
2365,0.6603432971231419,1
3917,0.660122079346511,1
7755,0.6600500756327491,1
5015,0.6600010915416525,1
3074,0.6599880688708897,1
4496,0.659958391524937,1
3469,0.6596553438991868,1
2170,0.6595241320396216,1
2470,0.6594448995880037,1
7858,0.6593991551817893,1
446,0.6591689073979745,1
6519,0.6591681396837109,1
3024,0.6591194094449673,1
2170,0.6590783691989237,1
1603,0.6590304927818359,1
7850,0.6590245167365303,1
8968,0.6587691603548601,1
8195,0.6586857832572807,1
3167,0.6586369784780601,1
4003,0.6585452994295141,1
965,0.6583565437790687,1
9230,0.6581396236241355,1
2554,0.6579085303446461,1
1927,0.6578237379616865,1
5834,0.657812663018501,1
4383,0.6577085808713998,1
1996,0.6577036839386766,1
9053,0.6575479740763656,1
9804,0.6575437323091544,1
6586,0.6571220255267008,1
137,0.6571131733917713,1
1781,0.6568940908638708,1
7431,0.656656582591297,1
5576,0.6565731932719574,1
1372,0.6565641295078016,1
2887,0.656494031500807,1
5222,0.6564645689589634,1
3249,0.6564145405931293,1
8841,0.656354329368516,1
9972,0.6562632747658241,1
9895,0.6561562321827012,1
4970,0.6560284971834224,1
6439,0.6559900294731699,1
309,0.6559464067288016,1
1683,0.655789586279012,1
9283,0.6556474048282617,1
3074,0.6555034568558683,1
3235,0.6554621729732097,1
8442,0.6553825928130002,1
144,0.6553187569462047,1
1883,0.6547979994646067,1
7272,0.6547878624069788,1
4160,0.6543386788845107,1
6157,0.6542589611286289,1
1192,0.6540205584783823,1
7850,0.6539496609756775,1
7176,0.6538896576300893,1
1429,0.6537769911375207,1
9013,0.653758504054583,1
483,0.6532229525173049,1
3189,0.6531311488975973,1
543,0.6528923052690918,1
3198,0.6528837768428584,1
7278,0.6523933226463469,1
8211,0.6521282237487859,1
814,0.6520801518222537,1
2789,0.6520207568085706,1
1161,0.6519933678746421,1
7424,0.6519932384163858,1
997,0.6518383642735455,1
8328,0.6515205252879658,1
3485,0.6514860337506354,1
267,0.6514165603596089,1
97,0.65115686935766,1
3750,0.6511511247592389,1
618,0.6510822162785839,1
4654,0.6509878499459045,1
4461,0.6509317297680682,1
247,0.6506842529846396,1
4421,0.6506799255799263,1
2130,0.65057049478571,1
7720,0.6504294974379587,1
4803,0.6501205477876859,1
3348,0.6500952131349943,1
4120,0.6500892096514659,1
5194,0.6500774061605942,1
9762,0.6500395133609845,1
4109,0.6498927384171342,1
5704,0.6497460146820679,1
2344,0.6496669064707591,1
2624,0.6496228228881699,1
2793,0.6493415747731704,1
1405,0.649299955525336,1
8078,0.6491009370616002,1
7505,0.6489462213997802,1
7461,0.6488926627427847,1
9572,0.6488259344924132,1
880,0.648717345041563,1
9563,0.6486135747952828,1
4756,0.6485015467736425,1
4411,0.6484535696250195,1
905,0.6481484540334927,1
9283,0.6481372653097045,1
9842,0.6480087390995458,1
9193,0.6478378369509734,1
3695,0.647646287117232,1
5019,0.6476434068388606,1
2660,0.6475546661916631,1
3321,0.6475473394092272,1
7768,0.6474928797388243,1
1564,0.6474243983418219,1
5244,0.6474183050781558,1
2134,0.647296384765336,1
7244,0.6472573058408106,1
510,0.6472428866900064,1
632,0.6472352604891237,1
9810,0.646949729968932,1
8416,0.6469245441753035,1
3749,0.646921632051805,1
9519,0.6467951777571767,1
8081,0.6465157586870818,1
8657,0.6463577580579591,1
3885,0.6461302859172143,1
8669,0.6459715779781312,1
7836,0.6458912513893634,1
8850,0.6456603887797051,1
8327,0.6455863492306728,1
2134,0.6455126757198784,1
4723,0.644962016963004,1
2079,0.6448846586783984,1
7244,0.6448097213694844,1
6133,0.6447511166769659,1
1865,0.6445535996037168,1
218,0.6444172528006794,1
3011,0.6443710968788153,1
2505,0.6440619095697582,1
8945,0.6439923778361306,1
3238,0.6435558074101505,1
6653,0.6433060507770696,1
1435,0.6429368577564275,1
76,0.6427605850039104,1
6635,0.6427268279060077,1
5263,0.6426883228686179,1
1021,0.6424712586194896,1
546,0.6422265217502988,1
5252,0.6420264750935899,1
9359,0.6419677141762502,1
6957,0.6419488319159493,1
4049,0.6417394297079567,1
2836,0.6417067879659403,1
4556,0.641250067942415,1
2186,0.6411909741738151,1
5624,0.6411787741795126,1
3183,0.6410311469478217,1
3675,0.6408510993088378,1
8531,0.6406543417768013,1
5791,0.6404420119033812,1
8011,0.6403920905497213,1
8222,0.6403808505715296,1
7598,0.6402940918753729,1
9195,0.6402731566284636,1
2660,0.64008045631375,1
9220,0.639837274211161,1
1914,0.6397527137803114,1
150,0.639708906380236,1
4723,0.63957741707165,1
9167,0.6393743577290857,1
6666,0.639066511513181,1
3024,0.6390403431876468,1
8620,0.6389973081301458,1
3830,0.6388831738631305,1
4041,0.6388194724978514,1
7875,0.638810818316974,1
1507,0.6385345303773032,1
9286,0.6385328645058361,1
1536,0.6383306362246784,1
4876,0.638283839536075,1
5865,0.6381105821637642,1
7850,0.6378513465682741,1
1439,0.6375365681970608,1
2210,0.6372594695293654,1
6809,0.6372472635878437,1
3443,0.6371733119798547,1
9343,0.6370546184064728,1
9787,0.637053027281087,1
1042,0.6370275656127178,1
1427,0.6370058208441276,1
650,0.636991280387568,1
3790,0.6369882187543574,1
3125,0.6369665551984041,1
4602,0.636930317182196,1
8175,0.6368097006796841,1
4689,0.6366161882212399,1
427,0.6365010294357994,1
2429,0.6364982650422053,1
24,0.6364641929079756,1
1427,0.6364523427772599,1
6185,0.6364336750648668,1
3449,0.6362784697279479,1
8943,0.6362713544866484,1
4617,0.6362078061834082,1
5569,0.636164982538451,1
9220,0.6359134447518109,1
9695,0.6358374569331557,1
2055,0.6357918066754022,1
8949,0.635143605655721,1
9275,0.6349675583382296,1
7637,0.6349006251696159,1
2097,0.6348552599684901,1
6042,0.6347620616461234,1
1562,0.6345511373294495,1
3443,0.6345136915565348,1
7009,0.6343735340957125,1
7265,0.6343374347085466,1
517,0.6343116845282333,1
4567,0.6341820188244166,1
3695,0.6341785518489833,1
8891,0.6341228998916616,1
391,0.6339819300263563,1
908,0.633939834719726,1
2018,0.6338525917428811,1
5351,0.633796946564519,1
2153,0.6337033259932539,1
5194,0.6336513816285492,1
5153,0.6336372166371187,1
4238,0.6335918130442483,1
693,0.6332440529510174,1
8172,0.6329231836782072,1
5622,0.6329031305383575,1
8299,0.6328734238047938,1
1414,0.6327316557489919,1
4289,0.6326620122790162,1
1867,0.6324966078754474,1
3085,0.6321995758509744,1
220,0.6321720451918753,1
419,0.6319927112892177,1
8220,0.6318492380291773,1
7949,0.6317479654753916,1
9063,0.6316879108267295,1
1618,0.6314575638593674,1
8677,0.6313253894754657,1
3471,0.6313113210845023,1
9352,0.6312858371163095,1
6874,0.6312048321395124,1
25,0.6311967059631837,1
2795,0.6308768161961988,1
6977,0.6308620954549093,1
2829,0.6307978889721082,1
2134,0.6304100567280161,1
3073,0.63007667389902,1
4120,0.630041677087804,1
7229,0.6299321412724106,1
8237,0.6298349679453344,1
7400,0.6298202153898754,1
6666,0.6295949761140297,1
3024,0.6295417079473032,1
8418,0.6293946657552112,1
2574,0.6292101474868705,1
2366,0.6291171887403333,1
2092,0.6290542227169394,1
1781,0.6288765784703564,1
2035,0.6287042430086245,1
515,0.6286190902067937,1
7060,0.6285220871756046,1
8327,0.6282972949685512,1
4157,0.6280590470226856,1
8863,0.6280388368996992,1
5254,0.6277386915426045,1
5019,0.6276924420460279,1
9784,0.6273352363091758,1
7505,0.6272151916122751,1
6809,0.6265563977953708,1
9989,0.6265433398278892,1
3566,0.6263146431830199,1
7199,0.6261468998197438,1
2862,0.6260127525595249,1
1266,0.6257788840385312,1
632,0.6257453500701519,1
5151,0.6256810265578322,1
76,0.6256043533585073,1
8607,0.6254829804018444,1
6112,0.6250691035088466,1
3238,0.6250538812084201,1
9424,0.624493480777212,1
3668,0.6244858557357411,1
632,0.6242683155448073,1
3080,0.6242147538791623,1
4374,0.6241024217406489,1
9422,0.6239572678028014,1
9572,0.62358473944676,1
6766,0.6235630265679917,1
6610,0.6235118353210598,1
4131,0.6234805274425931,1
9409,0.6234595126880295,1
997,0.6233346936115,1
7601,0.6232401843556606,1
4545,0.6232003060305952,1
8125,0.6229816659369908,1
2793,0.6228070184289436,1
9876,0.6227712179651067,1
8807,0.6225874878911516,1
944,0.6224393446316826,1
3208,0.6221091642151444,1
5335,0.6220954100589328,1
1216,0.6220722454095577,1
6179,0.6219981467587511,1
5977,0.6219670478835714,1
2071,0.621957780848942,1
7748,0.6218862996877804,1
543,0.6218580221020023,1
7778,0.6217377725950369,1
5689,0.6216939382440558,1
7873,0.621662911513406,1
3245,0.6216008362399369,1
4177,0.6215899494906922,1
2389,0.6213219334623644,1
7198,0.6212859199775497,1
8040,0.6210667205345095,1
2106,0.6209497065617889,1
417,0.6209082091478214,1
7266,0.6208712544820252,1
2559,0.6208445986585206,1
864,0.6205674707799167,1
9282,0.6205098957245728,1
7999,0.6204975718835918,1
9546,0.6204118557850608,1
281,0.6203739852874137,1
9526,0.620176257476494,1
428,0.62017260669094,1
4242,0.6198358220199611,1
8800,0.6196513826489933,1
9372,0.6193760428808331,1
5231,0.6193535063556518,1
7600,0.619155914783882,1
5561,0.6190912671944636,1
1553,0.6186274059200559,1
7265,0.6185037204755354,1
7585,0.6184792547881168,1
260,0.618464828334159,1
2035,0.6181823192224494,1
5533,0.6180736146500229,1
7872,0.6179760847968722,1
5448,0.6179548769091505,1
510,0.6178829708283002,1
537,0.6175451324318234,1
7909,0.6174663966207513,1
2484,0.6173981191196211,1
2153,0.6173258543063997,1
8933,0.617290567214663,1
3112,0.6171087499255121,1
8162,0.6169921128184079,1
5797,0.6165725110428132,1
9177,0.6164676033197222,1
1536,0.6163712265538666,1
625,0.616363492223597,1
2929,0.6163206888410674,1
711,0.6163139621867813,1
8146,0.6161797654866682,1
8669,0.6161557784069636,1
5456,0.6161216783401086,1
5422,0.6158452897435671,1
6129,0.6157849193395899,1
8936,0.6154435569420917,1
2887,0.6152361698718232,1
715,0.6151347494342696,1
311,0.6147052640359653,1
5151,0.61459081775941,1
4366,0.6145649675853191,1
2922,0.6144572852388417,1
5206,0.6144364837399302,1
1825,0.6143099331303362,1
7198,0.6142974630370954,1
3610,0.6142218394818374,1
6538,0.6137484757474303,1
8123,0.6136763549361297,1
8633,0.6136033766097662,1
4665,0.6135950625251013,1
624,0.6135793019916741,1
517,0.6135772533541778,1
4144,0.6135127808271347,1
2175,0.6134965910795731,1
5927,0.6134963664709281,1
4286,0.6133303114854622,1
3294,0.6132817711838691,1
6485,0.6131956302763447,1
2184,0.6130696016667792,1
7198,0.6130546242357486,1
7766,0.6130333327756069,1
7365,0.6128593925980395,1
2814,0.6128336730478167,1
1152,0.6127857200439399,1
1339,0.6127802370177018,1
3994,0.6127217551998471,1
4579,0.612646103631552,1
2307,0.6125678814834035,1
864,0.6124750832281378,1
7616,0.6124047183050961,1
355,0.6123386261581446,1
3328,0.6123116143394054,1
6876,0.6120198954302619,1
4444,0.6119859836280463,1
6296,0.611912588479851,1
1635,0.6118568039126187,1
4638,0.6118378473899022,1
116,0.6114785050574989,1
2430,0.6114060127554127,1
71,0.6113780281050635,1
6009,0.6111999903243789,1
4368,0.6111699350637929,1
1839,0.6110196887797174,1
5571,0.6109694925687386,1
6570,0.6109190679589138,1
9513,0.610884136019725,1
7271,0.6108724584553872,1
8594,0.6108575934722612,1
6246,0.6104835953530143,1
8023,0.6103540710513035,1
5096,0.6103235187078744,1
7281,0.6102672354558099,1
2994,0.6101338216205605,1
8460,0.610033507113006,1
888,0.6100267200703494,1
9973,0.6099073260771253,1
5528,0.6098921971964297,1
2708,0.6096816063131771,1
6735,0.6095894877215952,1
6960,0.6095638973658017,1
6407,0.6095416897342664,1
7362,0.6095004582093985,1
97,0.609471322946234,1
6391,0.6094392112254298,1
6275,0.6092916370548983,1
2626,0.6092674103904319,1
6291,0.6089279247705655,1
3985,0.6087902621344629,1
2103,0.6087718304818363,1
5951,0.6087439336561212,1
715,0.608696795047038,1
4199,0.608486431478535,1
5222,0.6084176805442428,1
5584,0.6083712344740767,1
5017,0.6083674667435309,1
2558,0.6083045314805897,1
3345,0.6081598193527492,1
1694,0.6077795524207203,1
1038,0.6077710034222191,1
2711,0.6077708467525528,1
9524,0.6076212157696003,1
1427,0.607481587295316,1
1177,0.6073332736194837,1
2956,0.6072956125591558,1
8389,0.607169415376713,1
1158,0.607150254737922,1
1400,0.6071340177164292,1
9953,0.6068942819193291,1
9055,0.6068579862604571,1
5050,0.6068225524628846,1
3755,0.6066900336199642,1
9454,0.6066823342243337,1
9807,0.6064511413093374,1
9343,0.6064034417937704,1
4415,0.6061889022660736,1
9632,0.606048807383636,1
5835,0.6060022308186872,1
1130,0.6060020173123423,1
4757,0.6059872245968039,1
6940,0.6058742254509507,1
7249,0.6057731108484271,1
8220,0.6056739966985717,1
8686,0.6055905304840635,1
153,0.6054581243303934,1
8945,0.6053715020310191,1
2158,0.6052401858577116,1
9849,0.6051428814781887,1
888,0.6050387148868079,1
5009,0.605027345811257,1
1078,0.604940939184762,1
3774,0.6049228076685964,1
2487,0.6047690614039614,1
6930,0.6046552924463093,1
1043,0.6044510713998957,1
7039,0.6044486074373753,1
8010,0.6044391484955235,1
9807,0.6043598272888486,1
927,0.6043112837829583,1
4977,0.6040219313026763,1
1078,0.603986409713893,1
8010,0.6039406764595368,1
6111,0.6038313781460355,1
6487,0.6033266476310002,1
1275,0.6033203894556944,1
4980,0.6033066858842802,1
8125,0.6032758773855106,1
744,0.6031143530004899,1
587,0.6030329030045485,1
6553,0.6026178823118283,1
1851,0.6024541728135858,1
8969,0.6023576884916007,1
4001,0.6022725096746474,1
6196,0.602268317017905,1
7281,0.6022449044521736,1
3744,0.6022215849434958,1
7114,0.6021229947955217,1
7916,0.601744533088464,1
6852,0.6016328588138324,1
7487,0.6016104368952329,1
5456,0.6014288146852562,1
4638,0.6013102409533168,1
5015,0.6012797934497951,1
1696,0.6012501732414589,1
543,0.6011822088456961,1
8396,0.6011552359753917,1
3863,0.6008930945202613,1
4201,0.6008463534323455,1
3056,0.600732986586657,1
7487,0.6006394674640623,1
6141,0.6005854823417643,1
2529,0.6005816494648358,1
5405,0.6005245630181958,1
6638,0.6004495268259172,1
9111,0.600145891422609,1
5456,0.5999936747809318,1
9780,0.5998286370822701,1
5254,0.5997055727075022,1
4120,0.5996684877654022,1
4459,0.5995866996760583,1
8884,0.5994917282146405,1
7039,0.5994554438749549,1
7060,0.5994462669859617,1
8279,0.5993627143152381,1
2929,0.5993203628057423,1
485,0.5992702657584272,1
4410,0.5992272152136122,1
4905,0.5990926048873328,1
3359,0.5990597987054428,1
4789,0.5990082280630524,1
8963,0.5989450009993192,1
2105,0.5988085173082823,1
5769,0.5987497751501671,1
7519,0.5983945105756833,1
4177,0.5982484289698925,1
4594,0.5981017087783727,1
1635,0.598057891018555,1
1839,0.5980036149599683,1
8765,0.5975802892040067,1
2569,0.5975074454537042,1
2092,0.5974782554672609,1
396,0.597395828451325,1
7103,0.5972744779656441,1
5292,0.5969340777016325,1
7537,0.5968571870495337,1
3065,0.5968059505831146,1
5701,0.5965778655218054,1
1971,0.5964743836476202,1
6900,0.5964469022958693,1
8908,0.5963946209608949,1
2153,0.5963916189297137,1
9306,0.5963160732346116,1
7807,0.595792596902926,1
3856,0.5957591400312903,1
2114,0.5956024009123616,1
9947,0.5955582178212127,1
8440,0.5954147315928203,1
7015,0.5953834513801187,1
1202,0.5952841615476349,1
1613,0.5952251780465326,1
3562,0.5952215739461599,1
6997,0.5951287694263118,1
3024,0.5950959312517633,1
4248,0.5950507432678754,1
5064,0.5950242786405195,1
5769,0.5948951353242131,1
3281,0.5947302442577472,1
520,0.5946846600482198,1
4506,0.5946542802624183,1
5653,0.5943461816316162,1
6361,0.5940091124637419,1
8240,0.5938230199107721,1
434,0.5936713353454841,1
358,0.593602488819041,1
1224,0.5933855556420179,1
4131,0.5932124600949722,1
9771,0.5929940411630503,1
3419,0.5929700708894191,1
2922,0.5928441512040848,1
6860,0.5926754076274492,1
1406,0.5926423721162372,1
8527,0.5925024919554095,1
228,0.5923924973464932,1
3384,0.5923657975785062,1
7114,0.5922453756428622,1
9148,0.592200302837804,1
30,0.5920458670581,1
713,0.5919933087952046,1
2175,0.5919837579748191,1
8563,0.5919721502079661,1
1541,0.5919627558300652,1
3434,0.5919146290717302,1
9651,0.5917516018757741,1
5583,0.591559325665802,1
7469,0.5914849503669779,1
4159,0.59144484376096,1
1906,0.5913634109489392,1
2652,0.5912320975213203,1
1103,0.5911941998871824,1
2887,0.5911289401495055,1
9807,0.591020107643795,1
2409,0.590847264659749,1
3353,0.5908454930028691,1
8231,0.5907943843345883,1
8776,0.590664839213513,1
2432,0.5906621668764618,1
5058,0.5906129261964916,1
1968,0.5904849489131977,1
2390,0.5904788629313771,1
4153,0.5904674513082253,1
5798,0.5904234557192982,1
2018,0.5903947327020579,1
8124,0.5902774910524136,1
9007,0.5902423309643801,1
7281,0.5902379443040866,1
8838,0.5900695097007082,1
2959,0.5900505546184981,1
2479,0.5898278300587718,1
1698,0.5896874006205896,1
6501,0.5895654567843714,1
7663,0.5895489995915679,1
8434,0.589399944304411,1
2554,0.589265465690635,1
8397,0.5892498034420945,1
2366,0.5891870050418114,1
4700,0.5890791366657087,1
9863,0.5890198467490481,1
7230,0.5887626547989788,1
8141,0.5887331932467663,1
4195,0.5887239540646386,1
7944,0.5885380382712235,1
5685,0.58828907308056,1
3494,0.5882810420508605,1
3353,0.5881217903421107,1
6610,0.5880591578323383,1
2170,0.5880576582211753,1
2107,0.5880087527385288,1
502,0.5878005663846422,1
3672,0.5877805103654359,1
9772,0.587762034715662,1
4991,0.5877194330337044,1
4304,0.5876848299566335,1
9677,0.5876072456756893,1
7185,0.5876063637834319,1
7186,0.5874825360041179,1
8783,0.587100046709326,1
2938,0.5869532518207586,1
5759,0.5869528162262654,1
6493,0.5868691495731707,1
5789,0.5868468392542036,1
6904,0.5868396661857702,1
442,0.5861631787788962,1
2688,0.586134872849386,1
5223,0.5861052241425184,1
8637,0.5859622484092502,1
9179,0.5857671973082922,1
6938,0.585604400240135,1
7967,0.5855287628294938,1
1574,0.5854130826111517,1
3329,0.5853699428979767,1
1906,0.5853661059453534,1
9491,0.585177642322064,1
2569,0.585146023694517,1
7569,0.5850198108070916,1
1091,0.5849845526244363,1
6543,0.5848951774775839,1
267,0.5848755683056216,1
2186,0.5848729377658262,1
2362,0.5848582922660681,1
1130,0.5848459373562771,1
1684,0.5847967003219114,1
5888,0.5846370722235622,1
9220,0.5845498813275275,1
9078,0.5845165852607609,1
4580,0.5845142884765352,1
7272,0.5844208687324859,1
8531,0.5843522990021099,1
6398,0.5842369153303574,1
4947,0.5842013994650349,1
3984,0.5840644884873234,1
4498,0.583938110426982,1
9167,0.5839059952918362,1
4374,0.5838563424187492,1
4315,0.5838217680192013,1
2771,0.5836752566201229,1
9919,0.5834382584221814,1
5755,0.5831084231228865,1
7096,0.5829709617290081,1
8086,0.582950529350899,1
4580,0.5829337430579861,1
9807,0.582904919273882,1
9078,0.5822425809782502,1
8217,0.5821339472981258,1
8967,0.5820856939726295,1
1971,0.5815597677008149,1
6538,0.5815507403290606,1
1784,0.5815416395202723,1
2871,0.5811978738117767,1
1552,0.5811894414462532,1
8813,0.5811523005168885,1
3648,0.581055904901416,1
6277,0.5809793993819516,1
1848,0.5809370764086972,1
8933,0.5809280354854774,1
8670,0.5808403095521364,1
8617,0.5807396672396203,1
4421,0.580738599660401,1
2073,0.5805140024148095,1
6182,0.5802850608077772,1
6635,0.5802090923561848,1
9658,0.5801245036689029,1
4638,0.5800710406558759,1
1798,0.580000827613012,1
8838,0.5798237165821923,1
2992,0.5797761936481326,1
2139,0.5796595083676991,1
5921,0.5796101742763164,1
8163,0.5795407922602988,1
956,0.5794285900720916,1
454,0.5791247375598686,1
6724,0.5791234502700938,1
9706,0.5789754354815179,1
5847,0.5788271790137954,1
8867,0.578606610937524,1
8943,0.5784322243887471,1
9660,0.5782435142854276,1
864,0.5781724957145734,1
7042,0.578165580366932,1
7060,0.5780774863521125,1
5359,0.5780591467726635,1
1261,0.5778674733413989,1
3487,0.5777819516213805,1
7686,0.5776365461547146,1
2828,0.5775539471557676,1
7186,0.5774281005288602,1
7151,0.5772601992618335,1
2308,0.5772523258243731,1
6906,0.5771554371865967,1
5988,0.5771282552776438,1
2965,0.5769293900462026,1
9711,0.5768190138381051,1
7030,0.5767995470834005,1
1289,0.5767489084562296,1
9937,0.5766848853496291,1
1585,0.5765087279891711,1
7617,0.5765037544573115,1
8411,0.5764377608047592,1
5226,0.5764204493504587,1
5130,0.5762584200858732,1
2106,0.5761273965472562,1
2161,0.5761190102112904,1
216,0.5760970006140971,1
1434,0.5759033191563617,1
4876,0.5757760503902716,1
2919,0.5757087216016545,1
3325,0.5755261605376044,1
6119,0.5753008576578398,1
2033,0.5752692148794754,1
499,0.5752594923155611,1
650,0.5752040974277282,1
91,0.5750025701606656,1
7431,0.5748796190576184,1
8872,0.5747065212743993,1
4909,0.5745096628119499,1
1290,0.5744960433281183,1
5405,0.574368871525663,1
394,0.5743490153490758,1
3648,0.5742394828230336,1
6575,0.5740806639247381,1
5624,0.5740038534730085,1
3392,0.5737449442823711,1
7114,0.5736905580459462,1
1446,0.5735895983291734,1
3314,0.573425230463727,1
9095,0.5734095225641485,1
3836,0.5733358301880788,1
7151,0.5731967862415591,1
7146,0.5729214469526689,1
9363,0.5729080267888865,1
2362,0.5724369429624484,1
5847,0.5724124392850332,1
4238,0.5723061032689546,1
6800,0.5722284331066154,1
6917,0.5721707733515587,1
3208,0.5719516449852323,1
9194,0.5715768670687867,1
502,0.5715016013482687,1
796,0.5713583739276918,1
5454,0.5713085053389163,1
3125,0.5712486509350351,1
8872,0.5711971613482633,1
8175,0.5711874705327684,1
6734,0.5711819789299498,1
1639,0.5711457084159989,1
1906,0.5711125639424978,1
4729,0.5710111288364477,1
9066,0.570928817723654,1
428,0.5708661300626312,1
9576,0.5708085885015473,1
382,0.5707711482503692,1
4315,0.5706220387218773,1
5851,0.5705732524504167,1
5727,0.5704907294702998,1
5094,0.5704386282131295,1
3471,0.5702993578463678,1
1992,0.5701392654470621,1
4433,0.5701036017588164,1
8686,0.5699678171253741,1
2668,0.5699564897898077,1
6072,0.5699203707954091,1
911,0.5697884873932466,1
981,0.5696585508244216,1
3329,0.5696544490808017,1
4310,0.5696149763737915,1
2153,0.5695101877864666,1
3071,0.5694998225699891,1
311,0.5694916927100967,1
5263,0.5694544611261984,1
5930,0.5691391548782616,1
9240,0.5691355179662552,1
3849,0.569128696798569,1
9837,0.5690669008495169,1
3741,0.5689575317882967,1
1573,0.5688553125642631,1
4201,0.5687965935479671,1
6863,0.5687028994513357,1
1076,0.5686983871459389,1
4310,0.5684387539090232,1
1185,0.5683776469239337,1
729,0.5681763136995202,1
7804,0.5680892551167986,1
8642,0.5677899454487222,1
2988,0.5676890016390556,1
2390,0.5676753448981129,1
579,0.5676676478629387,1
4112,0.5676052867244383,1
7480,0.5674381083526251,1
8366,0.5674372637589322,1
2021,0.5674289580823795,1
7230,0.5674164058606189,1
8885,0.5673237304984812,1
8636,0.5672669154515676,1
6530,0.5672274639399872,1
9271,0.5670931468646042,1
5885,0.5668012048063608,1
7493,0.566752857325572,1
916,0.5667108227946679,1
7686,0.5667023310915992,1
7157,0.5666760954586181,1
5226,0.5665696345795321,1
7039,0.5665671680137411,1
4545,0.5665132389135427,1
6917,0.5662958657646076,1
9223,0.5662240111990257,1
8771,0.5660665606742129,1
2114,0.565882067091994,1
7569,0.5658466007366277,1
7372,0.5657827647154811,1
7423,0.5656301518569461,1
4543,0.5656220268375493,1
711,0.5652396009530055,1
2766,0.5651929879137961,1
376,0.5651901876294159,1
6157,0.565073056792101,1
9151,0.565051924860055,1
5369,0.5647727096827517,1
1944,0.5646103090802154,1
4937,0.5644879643806716,1
312,0.5644823458462194,1
9056,0.5644723673167281,1
866,0.5644662087409955,1
548,0.5642274857925014,1
9422,0.5641916965390082,1
5014,0.564109799843635,1
5701,0.5640136295087925,1
8237,0.5640059261969749,1
4077,0.5639162293275771,1
8220,0.5636666202590392,1
3857,0.5635723644831193,1
9227,0.5635522700468598,1
4649,0.5635207927886022,1
6045,0.5633643088179155,1
2564,0.5633516902225046,1
8065,0.5633410403507302,1
24,0.5633176841617846,1
4191,0.5632557744457095,1
4624,0.5629410788342665,1
6629,0.5627265870032424,1
2414,0.5625558113268884,1
9897,0.5624353967746899,1
9524,0.5624012689505683,1
2210,0.5623589570762707,1
8240,0.5621191698661365,1
48,0.5620093257783957,1
844,0.5619368048679277,1
7372,0.561782100135213,1
4664,0.5617422336365252,1
1703,0.5617347363841776,1
3646,0.5616938955779982,1
8834,0.5616155002041081,1
3675,0.561597955679782,1
312,0.5614759842475666,1
2390,0.5613720194633277,1
952,0.5613494804305389,1
150,0.5612915146435826,1
1384,0.5612122674087042,1
4688,0.5611786987986485,1
9892,0.561130478889817,1
1223,0.561109425954646,1
4673,0.560989017955515,1
4019,0.5609043783221788,1
8054,0.5607211866803172,1
2625,0.5605307158359681,1
6904,0.5604746037426372,1
1434,0.5604090491603406,1
4559,0.5602725876810485,1
6345,0.5601595661790711,1
7105,0.56007079575113,1
8220,0.5600530509212536,1
5435,0.5600420846971095,1
7699,0.5600291580065225,1
2574,0.5600020016919366,1
8863,0.5599837560454481,1
5920,0.5599526791192461,1
6269,0.5599310850009305,1
776,0.5597419405550347,1
1906,0.5597148273405786,1
4390,0.5596706308615582,1
9298,0.5596285925583362,1
2432,0.5596157961796882,1
1552,0.5596082305151093,1
1448,0.5595874340555255,1
9863,0.5595100203356268,1
6266,0.5594023132456541,1
3770,0.5593949122742713,1
7803,0.5593529322108638,1
5689,0.5593246126549826,1
5520,0.5591590760415863,1
4186,0.5590670806560116,1
7597,0.5590496131551906,1
6118,0.5590182065942413,1
2668,0.5588946314223903,1
2191,0.5588731328205621,1
7154,0.5587636038760607,1
3012,0.5586485708436134,1
4169,0.558295929452439,1
8294,0.5581377164520264,1
4801,0.5580272403680643,1
7190,0.5579521247859385,1
3945,0.5578995439703122,1
4646,0.5574887451610757,1
4390,0.5574774455721094,1
8917,0.5574173810826226,1
8930,0.5573353907026588,1
7761,0.557127017778083,1
4225,0.5570979861146954,1
7435,0.5570613569584605,1
4629,0.5570227535977902,1
243,0.5568957477638538,1
5574,0.5566280484165591,1
1702,0.5564217303843335,1
4315,0.5562900699382711,1
2872,0.5561931413833977,1
8240,0.5561236350305293,1
9406,0.5560793137808456,1
9448,0.5559959353764019,1
2956,0.5558951836146976,1
1802,0.5558006372132497,1
2432,0.5556983366867584,1
1498,0.5556918071606958,1
5031,0.5556812231068754,1
7865,0.5554999106599856,1
9579,0.5554821258847468,1
1742,0.5554804069296803,1
4479,0.5554606183066165,1
2846,0.5554401099824963,1
6296,0.5553673112806499,1
1851,0.5552910002147189,1
5764,0.5552696185884382,1
4736,0.5548481272362673,1
5685,0.5548372513519363,1
7897,0.5548028036368478,1
6348,0.5546293388761212,1
6423,0.5544906736326284,1
4348,0.5544201489792439,1
3336,0.554349789942601,1
497,0.5542297446649281,1
9105,0.5541042699790886,1
4756,0.5539148031011033,1
4587,0.5539141564096235,1
9813,0.5538749593985248,1
4392,0.5536424173522112,1
49,0.5534606744571303,1
6975,0.5534481464788876,1
4241,0.5534044964040888,1
4369,0.55324517574779,1
9294,0.553183344786174,1
6045,0.5531095349142234,1
9218,0.5530520648911874,1
8316,0.5529803349203123,1
1553,0.5529652529147265,1
842,0.5528738235110057,1
8872,0.5528207358720971,1
3046,0.5527952956415081,1
1034,0.5527827667473839,1
5921,0.552762402077423,1
1496,0.5525845588652695,1
5246,0.5525449734946487,1
4542,0.5525158163168172,1
9105,0.5524903090231775,1
4271,0.5524116437945293,1
4019,0.5522746086142356,1
3581,0.5522719290278528,1
7764,0.5522614889603953,1
9517,0.5521747956996235,1
6613,0.5521498349869611,1
27,0.552021679577286,1
9473,0.5520138758477697,1
7503,0.5519144194726994,1
3378,0.5518264592122184,1
9304,0.5518157179826364,1
5082,0.5517824353592995,1
7070,0.5517549044487453,1
3984,0.5513062727118198,1
2569,0.5512852752601911,1
8987,0.551254410618005,1
4204,0.5511510564817956,1
339,0.5510615040837369,1
1584,0.5507604904307578,1
8611,0.5506297164619863,1
3814,0.5505531179741788,1
9642,0.5505166410925071,1
4483,0.550474104545742,1
2212,0.5504020750004924,1
9709,0.5504018177092966,1
3153,0.5503784088433415,1
9271,0.5502667704847213,1
6892,0.5501531786141539,1
7277,0.5501241755507665,1
1180,0.5500612901735826,1
2008,0.5499399225468422,1
33,0.5494837794509911,1
6892,0.5494579541152156,1
1797,0.5494185435172939,1
2415,0.5493273978798854,1
5457,0.5491421595812407,1
2642,0.5489589332752446,1
6083,0.5489090787078472,1
6129,0.5489039574027199,1
1944,0.5488288138138525,1
3176,0.5488130346673741,1
7899,0.5488108205390235,1
9344,0.5486717252816276,1
5689,0.5484655483950045,1
9427,0.5481137718969359,1
3128,0.5479812088076234,1
2018,0.5479582849448656,1
7421,0.547526048727914,1
9645,0.5474282211657724,1
6130,0.5473990611311691,1
3636,0.5473920172230211,1
6710,0.5471990747024077,1
5031,0.5471272302574148,1
6266,0.5470591180535337,1
4262,0.5469684875888302,1
916,0.5468756359996342,1
8223,0.5468037192407075,1
8235,0.5467202235398697,1
265,0.5465471671926924,1
6339,0.5464542925488174,1
3595,0.546386441172338,1
6054,0.5463853406852993,1
2338,0.5461230173684228,1
1694,0.546051866064412,1
1054,0.5460474877678171,1
2061,0.5460281190950951,1
4400,0.5459742820506935,1
8765,0.5459259772652302,1
1073,0.5458342399861263,1
3510,0.5455580559980745,1
3321,0.5455473032828402,1
229,0.5454519616691927,1
6999,0.5454239514944222,1
9447,0.5453235998761523,1
9014,0.5450851925994987,1
7791,0.5448931108879973,1
4867,0.5448443587845606,1
3359,0.544828896398489,1
5026,0.5448067048347569,1
4410,0.5444305077732127,1
2082,0.5443047689020083,1
6543,0.5441767417464849,1
9579,0.5440405449361825,1
2965,0.5439435406851627,1
5357,0.5438739862831492,1
1883,0.5438655534093345,1
3086,0.5437712570032434,1
3024,0.543711274993022,1
1333,0.543619895305674,1
3675,0.5436031362846943,1
1048,0.5435343416224043,1
900,0.5435314744135724,1
3727,0.5435200713120146,1
3177,0.5433925752853604,1
827,0.5433703835137264,1
6765,0.5433157465100502,1
5614,0.5433078790007594,1
9576,0.5431584552632948,1
5099,0.5431512988830081,1
2269,0.5431477824484797,1
8422,0.5431475245230046,1
7431,0.542931616490907,1
4664,0.5428250304140602,1
3762,0.5426716586164583,1
9828,0.5426225430142507,1
1573,0.5425792729995086,1
8840,0.5420812717205219,1
3231,0.5419091005163801,1
4611,0.5419018385863381,1
6493,0.5418965960308207,1
7916,0.5418838004050064,1
4921,0.5418700251103349,1
47,0.5418630856964166,1
9240,0.5416992493047095,1
7499,0.5416415393157736,1
8300,0.5415899853137405,1
2529,0.541477326565934,1
952,0.5413456682951006,1
5657,0.5412197807470032,1
2946,0.5411402008447724,1
2432,0.5410099619256751,1
2262,0.5409629408952679,1
9625,0.5408901570163124,1
3610,0.5405442869119973,1
6982,0.5403597991712772,1
3421,0.5401417866378023,1
1409,0.5398426598729463,1
1541,0.539576880136004,1
7814,0.5394761587646819,1
151,0.539402497822841,1
3643,0.5392305161223871,1
1782,0.5390740528741572,1
6618,0.5390609206709341,1
7983,0.5390430134461779,1
1303,0.5390424835257401,1
7847,0.5388284764558279,1
5477,0.5387776548334241,1
9211,0.5387034850425155,1
2501,0.5386871018240583,1
2907,0.5386552754317291,1
734,0.5386137920565617,1
4991,0.5385570462249377,1
1406,0.5384786533737714,1
5764,0.5384333671805627,1
7899,0.5383460773910242,1
5369,0.5382819938378692,1
4258,0.5382326239433238,1
8133,0.5381056575201049,1
6451,0.5380695465847134,1
1409,0.5377749022458719,1
699,0.5376725690903665,1
3312,0.5375024114563891,1
6224,0.5373899821449014,1
6262,0.5373568824834601,1
2073,0.537240315412572,1
6508,0.53696207260221,1
2933,0.5368555803204702,1
2967,0.5367799437467249,1
2212,0.5365981246784696,1
2338,0.536306968535731,1
312,0.5362734638140527,1
4040,0.5362538581960999,1
3695,0.5361554555894326,1
5728,0.5361376879568354,1
5223,0.5361374518129368,1
3006,0.5360980197243806,1
5461,0.5359302102689778,1
8813,0.5358809451982984,1
3562,0.535851976188475,1
2876,0.5357908612716022,1
4202,0.535761156044498,1
5015,0.5356893909084405,1
8995,0.5356778559361833,1
8147,0.5355664842366167,1
3093,0.5355362286184815,1
4041,0.5355286145257672,1
2754,0.5354778390309782,1
1048,0.5354712282466888,1
8372,0.5354592442715522,1
2033,0.5354065060816207,1
2875,0.5352140537845779,1
271,0.5351745450331804,1
3414,0.5351259507542535,1
542,0.5351058231956966,1
2073,0.5350264504706361,1
9,0.5350264374122181,1
9413,0.5350094993047649,1
4225,0.5348412284299692,1
8344,0.534801150522175,1
5967,0.5347838431061555,1
472,0.5346265227263716,1
2212,0.5346204932669396,1
8500,0.5344957506926098,1
6612,0.5344802549128894,1
10000,0.5343419296331124,1
1944,0.5342801149805758,1
6904,0.534251161832139,1
7983,0.5340661048079371,1
3120,0.5338332928011322,1
3954,0.5337269273224193,1
4406,0.5337169375496374,1
9642,0.5334386881076392,1
4516,0.533321126564697,1
8630,0.5332988704400111,1
8546,0.5332798487395883,1
9861,0.5332263155494541,1
9764,0.5331937918803904,1
722,0.5331052209905476,1
8642,0.5329553120906634,1
2,0.5326633316379947,1
7985,0.5326353957187341,1
1394,0.5323590844895908,1
6900,0.5321785783668851,1
3658,0.5320820247087671,1
6198,0.53198580529069,1
8573,0.5319630886057346,1
5120,0.5319536878705239,1
6418,0.5316718228963236,1
6434,0.5316693738300166,1
66,0.5316236394028319,1
8128,0.5313321442560567,1
1848,0.5313273480199706,1
3208,0.5312771576510446,1
8420,0.5311947325934863,1
5722,0.5307343069505264,1
9764,0.5305223970008377,1
9346,0.5304577776713391,1
3005,0.5304297873412666,1
9846,0.5302120069924516,1
6262,0.5300519428016957,1
2875,0.5300036832682188,1
7974,0.5299882428052767,1
5035,0.5298323797831092,1
7899,0.5297163788990054,1
7146,0.5295692884130325,1
3955,0.529231476353827,1
7555,0.5291307478340971,1
3743,0.5290435648724534,1
7851,0.5289234212303642,1
5477,0.5288581515122045,1
9177,0.5287648315598991,1
9937,0.5286539398144935,1
107,0.5286320678954316,1
4405,0.5285852866320633,1
4041,0.5285829682426165,1
2956,0.5285367921436352,1
5685,0.5285146359157419,1
3419,0.5285116812329725,1
746,0.5283598565470293,1
2390,0.528298585179999,1
936,0.5282238500886836,1
5734,0.5282161003745546,1
1696,0.5282108682891383,1
6923,0.5282056507195001,1
7257,0.5281921314571977,1
2349,0.5281738586213982,1
6399,0.527915705674421,1
7242,0.5279120281022341,1
1252,0.5278273400703493,1
8316,0.5277699290281681,1
746,0.5277321912091274,1
3580,0.5276424859745874,1
5384,0.5273338860102357,1
8135,0.5272542352169084,1
8578,0.5272308743121191,1
4141,0.5271955979510293,1
1573,0.5271181205607007,1
8106,0.5270539217590339,1
5166,0.5270330536422512,1
5578,0.5270288275810642,1
8498,0.5269711134099236,1
9304,0.5269291817362585,1
5521,0.5268806453364341,1
2053,0.5268795935620586,1
7488,0.5267489471105302,1
6434,0.5267008657921342,1
2738,0.5266523565504838,1
6454,0.5266028952492893,1
9176,0.5265583122704756,1
2872,0.5265121307225016,1
6631,0.5264440165277028,1
1394,0.5263185343020451,1
1938,0.5262660621264569,1
9556,0.5262070197349137,1
6999,0.5260772547764121,1
1690,0.5260004226549456,1
4310,0.5259756275998778,1
5269,0.5259623977296263,1
984,0.5257382177152025,1
1165,0.5253505448629272,1
8231,0.5252786107660976,1
7295,0.5250903101997012,1
419,0.5249888907179745,1
208,0.5249863043713391,1
5851,0.5249456092641482,1
6348,0.5245563353924544,1
2877,0.5243470345804703,1
5203,0.5242704844910083,1
3880,0.524239127687049,1
7840,0.524138700578704,1
3271,0.524138546893056,1
9751,0.5240821205960358,1
5945,0.5239412758509989,1
509,0.5239296688688174,1
1043,0.523856482781649,1
7257,0.5238394398223857,1
7884,0.523832603417234,1
4262,0.5237262622254623,1
540,0.5237063726515012,1
5410,0.5235978578793498,1
324,0.5235738532402358,1
2625,0.5235702324766102,1
5825,0.5234981449995951,1
7413,0.523492296323345,1
8065,0.5233433739142309,1
7257,0.5233326176704948,1
893,0.5233252921473565,1
8771,0.5230748712978617,1
3093,0.5229951617312605,1
3600,0.5229802402812638,1
8588,0.5228907077466536,1
3618,0.5228163844756387,1
7598,0.5228036564498761,1
9969,0.5227340038966132,1
129,0.5225443466942153,1
9298,0.5224930694798451,1
1232,0.5223812881273571,1
5796,0.5222806118402429,1
1791,0.5222495949958096,1
6451,0.5220720721921183,1
6377,0.5218352889284603,1
6224,0.5216193971726514,1
420,0.5216105938110877,1
8021,0.5214660813741964,1
1706,0.5214054168825416,1
9536,0.5213946180681144,1
4197,0.5213707857332675,1
4444,0.521340339824773,1
9908,0.5212546592596597,1
3950,0.5210774832444302,1
682,0.5210461763463946,1
4141,0.520993496332194,1
694,0.520823186693204,1
7834,0.5207622054794037,1
9715,0.5207251731945136,1
9220,0.5205965704567068,1
5714,0.5205491362583757,1
7350,0.5205433436699934,1
6063,0.5204657338655185,1
5081,0.5204567743619742,1
6179,0.5204436582383833,1
2262,0.5202654736952194,1
5352,0.5202437795611423,1
5625,0.5200126552102298,1
6179,0.5200055328583738,1
1069,0.5200015455385758,1
4624,0.5198717917282557,1
3016,0.5196003913091906,1
8393,0.5195171340824555,1
4099,0.5195156514989785,1
5058,0.5194855333502876,1
5889,0.5194785847336156,1
5231,0.5193796319966621,1
2550,0.5193219481050891,1
7038,0.5193070334028453,1
7106,0.5191535314453499,1
2630,0.5191224751299607,1
9495,0.5191068546069242,1
950,0.5190771031620921,1
5684,0.5190673912554437,1
7018,0.5188970308517589,1
9677,0.5188667777061909,1
727,0.5188410034149823,1
6328,0.5187465416801502,1
2967,0.518694246179623,1
4900,0.5185861591793846,1
2711,0.5183651704171329,1
9735,0.5183536371109246,1
9991,0.518238678623095,1
5796,0.5181166139415835,1
7460,0.5180992305415362,1
43,0.5180237148477285,1
56,0.5179447782783776,1
1573,0.517886123131419,1
2395,0.5178153709545846,1
197,0.5176400651184704,1
5950,0.5175661323070345,1
8771,0.5174658975245581,1
4726,0.5174137426843004,1
1496,0.5174017265385239,1
2402,0.5172245858570164,1
4997,0.5171342738189809,1
9801,0.5171276423282304,1
5674,0.5171227494830312,1
4114,0.5171129576295572,1
9986,0.5170346420736994,1
9535,0.5169698237052212,1
72,0.516925900279385,1
8622,0.5168020668027578,1
9535,0.516712519115806,1
475,0.5165401392281194,1
2256,0.5164264844565959,1
5920,0.5162211585830503,1
140,0.5161494476893722,1
6343,0.5161194592389321,1
893,0.5160727741790068,1
5031,0.5160095558318225,1
7939,0.515793662081036,1
5904,0.5156156314592387,1
7197,0.5155443381306337,1
1646,0.5152230510200269,1
8632,0.515125352110448,1
8659,0.5151155916669011,1
9500,0.5150972839723406,1
3867,0.5150902435492466,1
5010,0.5148562002909977,1
8156,0.5148186376209979,1
5523,0.5148122276036111,1
4587,0.5145569809552631,1
475,0.5145111739233601,1
9131,0.5144090633566423,1
4083,0.5143370465400288,1
9883,0.5142470185194727,1
2993,0.5141275137614316,1
9963,0.5141243690679704,1
9590,0.5139151158066739,1
6584,0.51383771935612,1
8226,0.513752864772532,1
1114,0.51358165568609,1
4678,0.5135267417209219,1
7100,0.5134961115937333,1
8021,0.5134582796728653,1
7298,0.5134371147301431,1
8157,0.5134327372039118,1
9926,0.5132643855469021,1
1317,0.5132583381546997,1
2028,0.5131583975673867,1
7193,0.5130316008070288,1
3977,0.5130287275157528,1
3019,0.5129385825598886,1
6141,0.5129215581065343,1
2657,0.512894792180004,1
2121,0.512818824253839,1
9578,0.512784852905554,1
61,0.5127186300531965,1
8442,0.5126525553922577,1
2253,0.5126059568284655,1
8085,0.5125831665726278,1
3570,0.5124521359541835,1
6920,0.5124485685187822,1
1988,0.512403330478845,1
2675,0.5121066527990534,1
33,0.5120366640168897,1
8280,0.5119297600172603,1
3387,0.5118490468681677,1
6234,0.5116681519818981,1
1541,0.511558241699432,1
1948,0.5115390118449884,1
4691,0.511522223853195,1
8645,0.5114311454375391,1
3319,0.5113311409671835,1
7912,0.5112544160349606,1
289,0.5111918881688443,1
6454,0.5111425791306199,1
4459,0.5110612261733822,1
7476,0.5109958021174134,1
3103,0.5109491759680778,1
116,0.5109220176358004,1
9151,0.5107500990250612,1
929,0.5107396384525916,1
9706,0.5107335017881899,1
4008,0.5107141681328554,1
3836,0.5104220667322688,1
40,0.5104218624814827,1
2940,0.5103786101140717,1
4509,0.5101679335269027,1
3556,0.5100633796751557,1
4647,0.5100424499552623,1
3266,0.5098561624159277,1
7008,0.5098388135000467,1
1805,0.5096121221013452,1
7345,0.5095752417376739,1
7197,0.5093205426197687,1
3128,0.5092442232396787,1
9625,0.5091933493065423,1
4813,0.5091577896217364,1
6677,0.5091429118429038,1
7508,0.5090037596118893,1
1691,0.5089127447488491,1
699,0.5085670471763486,1
3650,0.5085545028033,1
5454,0.5084945517061613,1
7277,0.508405431641491,1
1578,0.5080793180909811,1
5258,0.5080258727443651,1
1582,0.5079253662701891,1
5146,0.5079127784760618,1
6366,0.5078422622755768,1
1031,0.507767196345897,1
8824,0.5077655374011879,1
9223,0.5077103488929567,1
9244,0.5076469279849855,1
2490,0.5076064783731898,1
956,0.5075914475308505,1
1029,0.5074488175081048,1
8316,0.5073930112578352,1
3662,0.5073153438499425,1
7492,0.5072203326723487,1
2105,0.5071271864479715,1
6507,0.5071230138542032,1
9576,0.5070425882974223,1
3562,0.5069406568715256,1
9771,0.5068469837777627,1
4111,0.506833401512633,1
6915,0.506715568419072,1
7892,0.5065831371206528,1
5140,0.5063942396513459,1
7889,0.5063165390098144,1
4208,0.5062743015403497,1
8817,0.5061715881149266,1
167,0.5061436248215253,1
2055,0.5061026567692228,1
7981,0.5059439727886568,1
699,0.5056999965942557,1
7585,0.5053804742118497,1
4041,0.5052312187925112,1
3649,0.5052109526606942,1
7010,0.5051879923592153,1
9267,0.5050869465518578,1
3433,0.5049767848256149,1
8097,0.5048490939832946,1
5547,0.5048276963797346,1
752,0.5048130774583497,1
3994,0.5047724435066191,1
8078,0.5046976145811354,1
2389,0.5046514020087332,1
3657,0.5046047763757449,1
7504,0.5043312030562235,1
7577,0.504105662256928,1
1005,0.5039774805427346,1
5247,0.5039522081864131,1
1324,0.503893557864201,1
9233,0.5038795979827024,1
734,0.5038742132188955,1
958,0.5036896307009548,1
2821,0.503673851937314,1
6063,0.5036374903516265,1
4900,0.5035236137435083,1
8316,0.5034524882603967,1
2040,0.5034271226997478,1
3885,0.5033394206943732,1
2993,0.5032237822916114,1
7162,0.5031730063821652,1
2613,0.5031027408838051,1
3562,0.5030374617216223,1
4043,0.5030119248215359,1
7504,0.5029071383395477,1
1726,0.5028523053044855,1
3742,0.5027935413713263,1
8595,0.5027342125475707,1
9887,0.5026381984842337,1
8979,0.502559262131065,1
8167,0.5025444582704371,1
5722,0.5023273694490661,1
955,0.5021986235449297,1
3416,0.5021624920356857,1
5008,0.5021393341047833,1
7057,0.5019259579621004,1
4663,0.50189793311955,1
7295,0.5017889303740167,1
5454,0.5016211842225673,1
2613,0.5016085490589529,1
7474,0.5015890677384025,1
1039,0.5013417738911446,1
3487,0.5012710381022732,1
1091,0.5012605619481364,1
4559,0.5012255757285405,1
3647,0.501011236559719,1
4495,0.5009846970299631,1
9015,0.5008582254393191,1
7418,0.5008408964655003,1
2686,0.5008152644523456,1
2573,0.5007673506875108,1
3346,0.5007491563415208,1
2877,0.5007027506087837,1
2262,0.5006892773781728,1
6724,0.5005152308664405,1
9339,0.5004404306246611,1
167,0.5003831725419263,1
9560,0.5003679964820362,1
3408,0.5003548487881181,1
5796,0.5001766466453447,1
7614,0.5000495196227921,1
7713,0.5000000163647398,1
47,0.49989753549555443,0
8028,0.4998696727841909,0
6615,0.49973807493627403,0
3353,0.4993789743455443,0
3020,0.49928980219066044,0
2564,0.4991740654689604,0
5166,0.49915812003168314,0
9879,0.49911313972858495,0
3647,0.49906881288114474,0
9936,0.49903518227366406,0
8883,0.49901678053699794,0
8732,0.49855700744534476,0
3387,0.49854919306545714,0
9886,0.4984850493124918,0
65,0.4984713354227397,0
952,0.4984464088881183,0
9495,0.4984061851384035,0
3816,0.4983984553850542,0
7858,0.4982889569034024,0
1132,0.49820051987615815,0
9890,0.498133895206919,0
6054,0.4979875323286078,0
3416,0.4978700770664757,0
5979,0.49785051276656783,0
9286,0.4976833566522638,0
185,0.49756957070550484,0
9829,0.497562339160045,0
8113,0.4975271655658691,0
3720,0.4975098536396235,0
3938,0.49741237045441145,0
6104,0.49737210858473346,0
9079,0.49725198858960856,0
394,0.49724592173071425,0
430,0.4970262852065611,0
6992,0.49696219769216315,0
2272,0.4969269047865304,0
9594,0.4969065294742358,0
5859,0.49682541921208756,0
9962,0.49670763108486704,0
6816,0.496511379457248,0
5950,0.49649103128274963,0
6876,0.49641450149681865,0
7257,0.4963254859322549,0
4073,0.4961833700933096,0
8500,0.49607087862235805,0
7141,0.4960581511458382,0
8037,0.49599402211077964,0
7665,0.4958565854334073,0
8294,0.49577790597609606,0
1130,0.49557854054306016,0
8037,0.49554505765379914,0
1094,0.49543948161361084,0
1795,0.4954032366080926,0
196,0.4953778505151809,0
5689,0.49537508672379577,0
9836,0.49524143481926136,0
4801,0.49522628536992874,0
7018,0.49517162112662977,0
5284,0.49512085187397464,0
7004,0.49505420821029694,0
6692,0.49504960940974013,0
5735,0.495045763221862,0
4678,0.4950201635601497,0
7218,0.49499309994467877,0
4229,0.49491958880145903,0
9071,0.4948713274459146,0
5643,0.49482817047226285,0
6451,0.49466540008262344,0
9926,0.49465258836004655,0
7313,0.4945800792317097,0
5859,0.49455844735635207,0
5284,0.49452734901216455,0
3138,0.4944641721951415,0
2877,0.4944566864890769,0
1133,0.49443471139095263,0
3003,0.4943601545695341,0
4099,0.4943179037889416,0
5219,0.49426573406181057,0
8617,0.4940242950845201,0
3706,0.49399655056433384,0
2414,0.49394070277137897,0
5023,0.4938875686695188,0
2786,0.4938649539690885,0
2278,0.49366873046679893,0
8500,0.49359415015202074,0
2945,0.493479710792181,0
7295,0.4933405489368684,0
3390,0.49307051301903587,0
7018,0.4929480746672236,0
8745,0.49289363194161534,0
8053,0.492877264576108,0
2408,0.49285772156818236,0
3429,0.49283263641246683,0
7458,0.4928257218889176,0
7726,0.49279742229666057,0
5457,0.4927889964301068,0
5872,0.4926842542319856,0
2758,0.49249005664722156,0
5468,0.49235989297441546,0
3115,0.49226041600652315,0
391,0.49225675819978537,0
5081,0.49217178333881695,0
9223,0.49211130876180337,0
5046,0.4920702998554304,0
4309,0.49203582841364674,0
3778,0.49203412524221884,0
4344,0.49194121585963835,0
2105,0.4918508337783234,0
6221,0.49160689583116984,0
3706,0.4915284263966874,0
8958,0.49150213598097936,0
6821,0.4914515894088496,0
5471,0.491439545749268,0
2227,0.4913885982910939,0
9328,0.49134927208794665,0
6454,0.4913273396082314,0
6715,0.4912360418933633,0
8315,0.4911265568822907,0
3237,0.49106086078965566,0
5468,0.4910089625211573,0
1938,0.49094350396271946,0
5653,0.490908543831682,0
2758,0.49088858455668255,0
9874,0.4907887219480396,0
1160,0.49059889493848,0
6276,0.4904153268189489,0
4288,0.490408683613618,0
5773,0.49034513876326163,0
5674,0.4903230913111161,0
3658,0.490242318946036,0
9141,0.49021705196225596,0
9194,0.49020692123746906,0
2720,0.49019615561949065,0
8459,0.4900730895123806,0
4348,0.48993522456181293,0
9891,0.48992977285639117,0
5140,0.4899198739369347,0
235,0.4897856634086894,0
7413,0.4897854992217953,0
5060,0.48960482572416747,0
897,0.48953816752357976,0
5669,0.4894713586442404,0
9007,0.4894178798394481,0
8632,0.48937084147808196,0
2075,0.48935251868930124,0
7089,0.48934837067244025,0
5251,0.4893067459121593,0
794,0.4892777956085749,0
9262,0.4891342113371399,0
3319,0.48911087920625956,0
4633,0.48908166146635157,0
6259,0.48905065484728405,0
5945,0.4890208640445428,0
7002,0.4890048370314629,0
3688,0.4889936046720321,0
7123,0.4889720892848036,0
8891,0.48897155714492335,0
177,0.4889072840622288,0
734,0.48871831051724407,0
5773,0.4886785969204875,0
7242,0.48867242330918736,0
672,0.4886626778156686,0
2082,0.48862190226183116,0
2642,0.4886071501386545,0
4546,0.4885610919987128,0
1443,0.48850615867647695,0
3103,0.4884822198034767,0
8982,0.4884362798577324,0
6690,0.48839622644893615,0
5100,0.48835173077530564,0
7570,0.4883500800234441,0
3120,0.48831068041689574,0
352,0.4879209495515242,0
1622,0.487760355620843,0
5887,0.4876907958851328,0
7569,0.4876809421558034,0
2355,0.48767236461904884,0
5146,0.4876463442673689,0
3102,0.4876225381984342,0
3237,0.4876087933198766,0
6276,0.4875413321051168,0
8732,0.4874827491801696,0
1452,0.48742048384663295,0
228,0.4874204452016743,0
1101,0.4874006709959019,0
9519,0.487297149627445,0
9176,0.4872024810297743,0
580,0.48715376583554576,0
2448,0.48708353016107875,0
7190,0.4870734104737851,0
5094,0.48695794481101934,0
7209,0.486917692251937,0
8027,0.48675009358621407,0
866,0.4866215256806751,0
9219,0.4866126617144211,0
2,0.48651061664139206,0
2491,0.4864719578679548,0
3731,0.48623782139066946,0
5231,0.4861391820145519,0
8632,0.4859955723219635,0
6381,0.4858305028209083,0
3153,0.4857598976961422,0
663,0.4856659267930415,0
7237,0.4856459850022103,0
5628,0.4853697997224807,0
1397,0.4852063685157061,0
6164,0.485183327852645,0
3018,0.4850249573809514,0
8747,0.48500036581003564,0
4546,0.4849680421232787,0
5513,0.4848415202878305,0
1550,0.48480342683619804,0
8785,0.4847718352765466,0
9007,0.48458469931872733,0
4559,0.4845476807865541,0
9573,0.4845475990872527,0
9201,0.4844754895539066,0
2501,0.48444800282366196,0
5022,0.4844087767167822,0
4543,0.48437482420595407,0
1574,0.4843479727888939,0
1452,0.48431306613815495,0
5839,0.48423281993735834,0
8759,0.48418494151094016,0
3287,0.48417328481614047,0
1703,0.48416781331949693,0
9793,0.4841596287122933,0
5465,0.48404721005322376,0
1295,0.4839954493185774,0
563,0.4839856516082686,0
6159,0.48384381342620647,0
8959,0.4836681396718411,0
8979,0.48360784002474444,0
2262,0.4835298384027303,0
7448,0.4834857681815791,0
5798,0.48347950140111334,0
7152,0.48336542427642226,0
9909,0.483325960722855,0
5140,0.48323949484497286,0
55,0.48318491898001975,0
3629,0.48310270024999613,0
4599,0.4828675554717923,0
6860,0.4826958543804017,0
1799,0.4826743086894777,0
6435,0.48260366338998967,0
9674,0.4825364927095087,0
9039,0.4824734345444481,0
1471,0.4824248556866015,0
6720,0.48215745025478224,0
7822,0.4820845663026571,0
9066,0.4820207165526209,0
3376,0.4820016875941839,0
7273,0.48197101611140575,0
8527,0.48191648130390546,0
1544,0.48189221616325245,0
2979,0.4816634828784155,0
1962,0.4815326730297817,0
235,0.4815051606533646,0
9483,0.48147961227731423,0
3015,0.4813973227375481,0
5684,0.4813889562642303,0
5836,0.48136643201481494,0
7430,0.48126185713857206,0
5118,0.48108584830250606,0
9143,0.48100436332564944,0
4914,0.4809083648213847,0
2703,0.48077781619091375,0
359,0.4806758318557946,0
3706,0.48057848812193454,0
8147,0.4805463060161395,0
4397,0.4805078525902759,0
9381,0.4804977274796042,0
3779,0.4804749041867455,0
8991,0.48035803470022354,0
5968,0.48035529838388213,0
6155,0.48026713433100804,0
9674,0.4801243274021011,0
7293,0.4801043055142648,0
1978,0.4800779092749264,0
5773,0.4797798476054842,0
3812,0.4797647650160296,0
4621,0.47976398946020155,0
3907,0.479675312755487,0
8235,0.47956512689867936,0
9238,0.4794277677986805,0
7583,0.4793770338825912,0
9200,0.4793660887734107,0
1599,0.4792370461556276,0
2896,0.47918068033963895,0
3636,0.47910136291704003,0
1684,0.47909375108486474,0
5478,0.47902038763576144,0
160,0.478952039867423,0
1811,0.4788965815329942,0
2010,0.4788804160066707,0
6677,0.47887945480861843,0
421,0.4788488441478187,0
935,0.47884679942200875,0
9430,0.4788013486006707,0
2588,0.47880129863139576,0
8362,0.47873922883036174,0
5576,0.478729738185866,0
5023,0.4785885743737287,0
2711,0.47844867293093757,0
4404,0.4783959454987854,0
736,0.47824731478446414,0
4777,0.4781816897446369,0
7892,0.47807780205006317,0
289,0.4780564181258474,0
9348,0.47803186240711987,0
5416,0.4778575417292,0
1809,0.4777735898535308,0
4030,0.47771562586908656,0
2765,0.4775677733241897,0
7197,0.4774542284784043,0
7266,0.4773665495828378,0
5374,0.47726257895279833,0
5727,0.4770552404117042,0
8908,0.4770512280827958,0
5687,0.4768879625945556,0
3526,0.47687880824978984,0
2626,0.4767919972507769,0
1856,0.4767574881780675,0
7070,0.4767298880878242,0
2894,0.47668783526244785,0
2637,0.47663599591397504,0
3277,0.4765658025390778,0
7061,0.47656476988156554,0
912,0.4765588696475628,0
7068,0.4764672614005838,0
5352,0.47635103026042447,0
1295,0.4763047342068549,0
6328,0.47621925761382566,0
6918,0.4761270332598759,0
2118,0.47593167897083954,0
935,0.47567487500558764,0
8085,0.47554532628993196,0
5212,0.475316952124996,0
7895,0.47522867348400405,0
5547,0.4752273215324616,0
3718,0.4752144850123683,0
9884,0.47499546964381795,0
963,0.474669310435765,0
279,0.4746144709508148,0
2608,0.4746031559190967,0
1046,0.4745194586457465,0
6825,0.47438674878062126,0
7504,0.4743701320876828,0
2979,0.4743313256413594,0
2608,0.47410032920125816,0
8663,0.4740995564333214,0
4984,0.4740115029161166,0
404,0.473786965074822,0
2608,0.4737637398046908,0
2730,0.4737524968046026,0
1516,0.4737192843087284,0
131,0.47365928430993315,0
1340,0.4735166038660247,0
1470,0.473497577742514,0
1403,0.4734117044435197,0
7968,0.4733884563058509,0
2686,0.4732712124581238,0
8586,0.47326180276948593,0
1411,0.473145555477435,0
5058,0.47310359155700515,0
6575,0.4728302240938283,0
4997,0.4728264297261116,0
3359,0.4727593903270366,0
3264,0.4726558343896454,0
1868,0.4726477082834129,0
4125,0.4726349519185125,0
7593,0.47261404345634334,0
734,0.4724772544523363,0
6855,0.4722844445325192,0
7055,0.47224129814444515,0
7374,0.4722094279179461,0
546,0.47196097631373285,0
5239,0.4718797871841618,0
6045,0.4718147187319091,0
9273,0.47180180142784867,0
3217,0.4716994346086738,0
9887,0.4716981752234647,0
8781,0.4716024807686437,0
225,0.47159125654410755,0
7135,0.4715656577225462,0
246,0.47146117276891203,0
6586,0.4714531592709546,0
486,0.4714123700749084,0
2330,0.47140758335356603,0
8265,0.47117354994936805,0
893,0.4711703345943872,0
3852,0.4710287368418594,0
890,0.47094116818161885,0
1177,0.47092830065845326,0
2550,0.47086931045466096,0
2029,0.47086061694739983,0
8267,0.47083422774601064,0
8883,0.47082530047954063,0
2716,0.47082068340084343,0
3725,0.47079559561500495,0
6388,0.4707275018387327,0
4905,0.4706875782507727,0
5063,0.4705377570631938,0
5882,0.4704830210174628,0
6229,0.4704787509190939,0
4015,0.470455595030429,0
5832,0.47044740176009103,0
4633,0.47033631732174347,0
1453,0.4702750821353441,0
4287,0.4702724263091795,0
4992,0.47020794281292816,0
3051,0.47019744957266413,0
4621,0.47014541924851183,0
419,0.4701119362064098,0
5907,0.4700653060588488,0
2319,0.46993354158250566,0
6488,0.4698737156668313,0
4457,0.46977342634716895,0
6967,0.4697636834881586,0
2256,0.46970133823199833,0
2112,0.46951270782055377,0
7816,0.46951149860657393,0
935,0.46949176995462655,0
1076,0.46935905766300773,0
8082,0.4692910179129686,0
8975,0.46916259141446764,0
9119,0.4689147484884071,0
9625,0.4688798173324154,0
9764,0.46879088928088336,0
3032,0.46878045695884996,0
9199,0.4687792705985905,0
1109,0.46875701517620444,0
572,0.46859882639133865,0
7207,0.4684750209317134,0
3889,0.4684242274082127,0
79,0.4683902907591942,0
3020,0.4682922304681354,0
4364,0.468204721453585,0
2834,0.4680845540089418,0
578,0.46808373261314196,0
2988,0.4679300965596608,0
8538,0.4679130927672205,0
4727,0.4679048409499255,0
8048,0.4678871341490244,0
8140,0.4678608764361705,0
5679,0.467747371059898,0
6178,0.4677448470549517,0
5530,0.4674618175095141,0
8041,0.46731686914299553,0
6218,0.4672459672052085,0
8766,0.46721663716846834,0
2816,0.4671966520968085,0
18,0.46719348391997406,0
2156,0.46702865208147387,0
8420,0.4669095487450553,0
8450,0.466838446755507,0
1828,0.46682582050654603,0
6672,0.46681116165420056,0
3843,0.46678054788502255,0
1324,0.4667608193990828,0
7713,0.46669925738292045,0
2730,0.46664783855879455,0
3840,0.46653308229028745,0
4261,0.4665257189200342,0
5208,0.4664899315753531,0
7324,0.4664640464928832,0
7935,0.46633132399992333,0
9591,0.4663127867098127,0
8776,0.4662054659571931,0
40,0.4661655674022495,0
4968,0.4661631547084687,0
4114,0.4661391263181744,0
1232,0.4660052059381799,0
8916,0.4659248297382117,0
2528,0.4658964492162411,0
8541,0.46573256892869574,0
7424,0.46562891797848044,0
5565,0.4655931242898468,0
2949,0.46550698851941014,0
5693,0.46550374174736076,0
3408,0.4654284233075817,0
4675,0.46538169387197637,0
4317,0.46527077069205375,0
4834,0.4652668625701096,0
4684,0.46522220120919994,0
2807,0.4651844682661915,0
2227,0.4651621579853903,0
6494,0.4651542132492416,0
2657,0.46513182974564127,0
2461,0.4649993422362395,0
5812,0.4649616944554452,0
4518,0.4649547514859167,0
3290,0.4648065391600986,0
2608,0.46472918153814863,0
9823,0.4646508963500317,0
8053,0.46464590038916476,0
3032,0.46463492184737415,0
2821,0.4646148586546094,0
266,0.4645386345983289,0
284,0.46452458656823675,0
4599,0.4644507844633462,0
3545,0.4644193298755489,0
6559,0.46434524281450945,0
6849,0.4642881294816634,0
8397,0.4642655039886971,0
1776,0.46422679738946104,0
8868,0.46413289107501365,0
3460,0.46412508519841666,0
8464,0.4640477321560301,0
1988,0.46403381552619183,0
5177,0.46383509436869425,0
9127,0.4638032029542015,0
4341,0.4637732108729717,0
1959,0.4637488838469119,0
4244,0.46372703300399776,0
9793,0.46372034609126656,0
1199,0.4636834140828881,0
3204,0.46367828334987043,0
6727,0.46358421053175053,0
1796,0.46350829456433684,0
7981,0.46347918964783585,0
5059,0.4634658422322921,0
4300,0.46345180026672006,0
5859,0.46343468237087887,0
1489,0.4634207055738192,0
8310,0.4632445593581553,0
5188,0.4631590545067143,0
897,0.46314233582350384,0
9786,0.4630826873231208,0
1321,0.4629805018141089,0
9923,0.46271997916686086,0
4444,0.4626047183353244,0
1109,0.4625456142610832,0
824,0.46249589522900564,0
4794,0.46240226004306,0
8844,0.4623649273792775,0
20,0.4623414955730273,0
6228,0.4623351220231969,0
476,0.4622807014299069,0
2424,0.46215272383326733,0
5506,0.46214540342061894,0
2389,0.46176050692380527,0
1275,0.46145802983520623,0
6586,0.4613575706194377,0
8399,0.46135301653754346,0
3495,0.46100464317487483,0
9428,0.460997139271265,0
5907,0.4609250196831948,0
1637,0.4609094528347279,0
8459,0.460881420617728,0
1777,0.4607756093906702,0
3573,0.46072661567173673,0
355,0.46068697861895064,0
5151,0.46047070889568614,0
852,0.4604062287235662,0
1899,0.4602677627877702,0
956,0.460239237613136,0
3828,0.46016957739679026,0
4158,0.460132990662585,0
9100,0.46001277673547225,0
3647,0.4599844882856016,0
6684,0.4599279296574302,0
5003,0.45989655360634574,0
2264,0.459771126760202,0
9341,0.45959967837877297,0
8217,0.4594564380396503,0
5415,0.45942577360317655,0
5240,0.4594037369101154,0
1321,0.45937571134893773,0
1625,0.45929958781558616,0
3082,0.4591445775239522,0
664,0.4590967829354201,0
5778,0.4590148851273303,0
1436,0.45899682759437904,0
939,0.4589016420778069,0
2644,0.458900729920948,0
6603,0.45880256920308404,0
2911,0.4588009332675835,0
1916,0.4587954498313169,0
4238,0.4587718250927153,0
3889,0.458769149600793,0
6102,0.4587651389047999,0
1617,0.45875210305141356,0
3574,0.4586936822209772,0
1652,0.4586797171624563,0
5052,0.45860432420569336,0
897,0.4585438802326873,0
7218,0.45839502981342994,0
7877,0.45839376086260025,0
2256,0.45837682702415217,0
2686,0.45836117003820886,0
8082,0.45835406417126784,0
2346,0.45833959597083784,0
5511,0.4583073416022812,0
6343,0.45825225762920513,0
9209,0.4581975678766952,0
722,0.4580077370816037,0
1020,0.4579715910518324,0
2339,0.4579665928390742,0
206,0.4579083195661276,0
2036,0.4579001948193981,0
121,0.45784359631674854,0
2036,0.45783929988292754,0
9428,0.45766763247085995,0
3639,0.4576591071934049,0
9473,0.4576260194089862,0
3774,0.45761765076263744,0
4309,0.45747678449753465,0
9599,0.45736664859099496,0
5557,0.4573627225200893,0
5625,0.45732708350328993,0
1415,0.4573224368109603,0
127,0.4573206072969354,0
1507,0.4573043976202019,0
3063,0.45730357277662603,0
9270,0.45728164395495136,0
9668,0.4572446360914212,0
6604,0.4572258283399866,0
6337,0.4570732017755212,0
6187,0.4570650977491159,0
5069,0.45706502059439846,0
249,0.4570217331558092,0
644,0.45694208131395203,0
644,0.45693303972760013,0
6902,0.4569105033417839,0
2434,0.4568555485269053,0
4043,0.4567425303943454,0
9597,0.45673763804408885,0
670,0.45672803325441663,0
4337,0.45671106675132644,0
939,0.45669192419207116,0
8508,0.4566867246974537,0
6342,0.4566831568777881,0
2107,0.4566472409152107,0
963,0.45650346424599375,0
6762,0.4564929384107439,0
4682,0.4563706222745298,0
8832,0.4563464857168792,0
6507,0.45623502618259854,0
235,0.45620068318572143,0
7593,0.45608869543088865,0
2046,0.45607820200025173,0
7200,0.4559272366337168,0
712,0.45588726780189376,0
9448,0.455879922015864,0
2260,0.4558165369620043,0
7822,0.45577079204168525,0
8538,0.4557289379524985,0
8831,0.4557014755179226,0
2029,0.4556442058671104,0
3675,0.45555919633569397,0
8688,0.4555464003136778,0
9425,0.4554516725498812,0
4555,0.45544423905954673,0
266,0.45530255608799186,0
5652,0.45525934911951577,0
5784,0.45497007721836885,0
1818,0.4548820391176382,0
2460,0.4547820523452553,0
848,0.45456557616762877,0
5284,0.45456122044422687,0
2491,0.45451060124211723,0
5170,0.45441252088919776,0
5085,0.45421013635242435,0
2319,0.45417103925070523,0
8424,0.45406771783581756,0
703,0.45387539918512165,0
8019,0.45363806527267597,0
9262,0.4535705901895535,0
3157,0.45354587230928484,0
2348,0.45354263082711394,0
7197,0.45339162143831124,0
3562,0.45332207185227213,0
4798,0.45323323655754877,0
6247,0.45321975894998523,0
2118,0.45317668459138494,0
9757,0.4531213608263623,0
5727,0.4530989305598695,0
6568,0.4530320738932209,0
2753,0.45298199971708375,0
975,0.4529798932046143,0
5578,0.4529651313050109,0
589,0.4529319303696195,0
1296,0.4528926423583659,0
8095,0.45287198615733715,0
8262,0.45285322866458544,0
6787,0.45280329716201323,0
7722,0.45279311039572073,0
2752,0.45278709520428734,0
5674,0.4527651670353959,0
4363,0.4527444815258683,0
9939,0.452632026367081,0
5364,0.45259123936456236,0
3052,0.4525526821357097,0
8356,0.45227484618906255,0
8958,0.452274099356198,0
6892,0.4521750163992052,0
3465,0.4521740669379373,0
7816,0.45199600315381155,0
6255,0.45197611375573754,0
4406,0.45187988486835373,0
2562,0.45182921580727364,0
7070,0.4517924711395165,0
5153,0.4517315737476666,0
6736,0.4517146915379334,0
2765,0.45167455244872334,0
7695,0.45164605874712244,0
9779,0.4514913413591267,0
1642,0.45135075240671335,0
4189,0.45134339983396843,0
1297,0.4512912824059782,0
3571,0.45126370502052865,0
728,0.45102460878595624,0
9010,0.4509925741872478,0
3126,0.450855841191031,0
6127,0.45075311023443715,0
5913,0.4505943324223877,0
5798,0.4505009092163421,0
5877,0.4503947858933948,0
7543,0.44987343769811683,0
552,0.4498407805230585,0
8353,0.44983746881597764,0
4673,0.4498373485873955,0
6094,0.44980414579372197,0
5650,0.44954858791151187,0
4992,0.44951641736201875,0
5653,0.44945770862672857,0
7749,0.44934152048350623,0
4730,0.4492445171006356,0
6102,0.4492270796215123,0
8440,0.4491310377797784,0
6918,0.4488552861487612,0
8102,0.4486969621129358,0
6138,0.4486726730270332,0
9058,0.44848789702283465,0
223,0.44843366886954705,0
3573,0.4483730897634877,0
9154,0.4483698979934002,0
121,0.4482875645515106,0
8089,0.4482362370426792,0
7833,0.4481875021476744,0
15,0.44816766230838684,0
2903,0.4481144985659441,0
9634,0.44795362820815143,0
929,0.44784286217896396,0
747,0.4477351263105676,0
2172,0.4476651177814937,0
2567,0.4475917485127807,0
333,0.44753006492340597,0
3112,0.4474155658460151,0
7288,0.4473956816092217,0
666,0.44736938464237563,0
9834,0.44735065571419486,0
9131,0.44724108809914864,0
4309,0.44722568571795446,0
1809,0.44719252395933445,0
611,0.44709721655784795,0
342,0.4470791103167692,0
8854,0.4469860236709375,0
9402,0.44676086987453983,0
9262,0.44658957921348164,0
4798,0.4465022330122048,0
2460,0.4464185292566599,0
6246,0.44639185606625464,0
3801,0.44632200286476514,0
3293,0.44629498251952554,0
877,0.44613095831310107,0
51,0.44609037097448695,0
7130,0.44594446468840665,0
1119,0.4459295715517706,0
3048,0.44591773837533466,0
8538,0.4457441078728644,0
5548,0.4454860199170497,0
8362,0.4454478146011431,0
8289,0.44542850743451373,0
8030,0.44539915274445196,0
9573,0.44537509417352117,0
5971,0.4452695540517045,0
5018,0.445235416084277,0
8502,0.44522598691209003,0
8732,0.4451466975405248,0
1904,0.4451090044583539,0
8339,0.44485773489159447,0
8399,0.4448454139646616,0
4592,0.44484163708273006,0
4149,0.444826556696499,0
32,0.4447619796657185,0
5578,0.4447545211197623,0
5571,0.4447359433206005,0
3387,0.44472085244672194,0
7509,0.4447151019422957,0
4533,0.44468415726858757,0
8800,0.4446319923574493,0
2328,0.44460912969706295,0
4569,0.44459673806142835,0
878,0.4445477508258361,0
4030,0.4445076547287347,0
6902,0.4444487256203336,0
4512,0.4444334273474241,0
6283,0.4444317417893294,0
3805,0.44440110060482724,0
7109,0.44437926223363844,0
1544,0.44431132084051084,0
5150,0.4443062942627267,0
9574,0.44422246747746996,0
8685,0.4441563491532153,0
1449,0.44394913072471054,0
525,0.44389141587975894,0
1819,0.4437196077463966,0
8184,0.44368537426925325,0
2086,0.4436843042820061,0
1188,0.443610031862073,0
8948,0.4436079854378267,0
8851,0.44355409780421384,0
419,0.4432692580271819,0
5637,0.44324154938022264,0
1115,0.44322437746825033,0
8822,0.44321643865112526,0
7313,0.44316401036866243,0
5984,0.44314515682637406,0
8915,0.4430717697909847,0
6259,0.44303035860158085,0
1526,0.4428279729769122,0
1419,0.4427570215255993,0
4829,0.44261407194601843,0
608,0.4425035465745579,0
3148,0.4424990179312629,0
5150,0.4424854749775501,0
6038,0.4424788427877071,0
2177,0.44242402049955426,0
82,0.4423572746327301,0
7791,0.4419811055127368,0
8339,0.4419741940332662,0
976,0.44196963457560506,0
1338,0.44192453982429253,0
177,0.4417720621705075,0
9010,0.4417419574160713,0
4380,0.44166546975856896,0
8272,0.4416462730129715,0
569,0.4415818661841821,0
2005,0.4415557323941375,0
3498,0.44131283019558365,0
1126,0.4412475010724423,0
2752,0.44109626481553427,0
9543,0.4410895808505604,0
8354,0.44101185225768524,0
9564,0.440950199788019,0
4291,0.44087159101749523,0
7430,0.44056361544466216,0
7065,0.4404969876143285,0
9921,0.44042980070375043,0
4408,0.44039948291236386,0
6302,0.4403820275540583,0
6343,0.4402871145147581,0
4202,0.44027798611218266,0
4764,0.4402480119409488,0
5010,0.4400983441049831,0
2231,0.44005413387114345,0
8344,0.4399248469352286,0
3378,0.4399167535718863,0
6121,0.4398118102325095,0
2896,0.4398035396289129,0
4975,0.43972665512724457,0
1323,0.43968952956042234,0
4010,0.43966024166278195,0
2267,0.43964643799132547,0
2043,0.4396448939638648,0
312,0.43958020076315246,0
7596,0.4394864211776562,0
5458,0.4394541524201025,0
7061,0.43940670821639105,0
7171,0.4393398020751741,0
7334,0.439308481098821,0
302,0.4390208581620728,0
5026,0.4389445947315064,0
8202,0.43891574893495644,0
9280,0.4388782106674882,0
2290,0.43872101414271525,0
5239,0.4386949333969375,0
644,0.43865965000472323,0
7550,0.4385191311220338,0
4464,0.4385007915762737,0
9573,0.43846372385104404,0
8832,0.4383096815400255,0
2986,0.4382574208855291,0
7462,0.43822779796763695,0
2757,0.4380794463692044,0
4280,0.438040849603084,0
271,0.43802897922164497,0
8152,0.4380160658998416,0
659,0.4380062651369777,0
930,0.43792153705400677,0
6425,0.43783135617559266,0
464,0.43743658063079044,0
9125,0.43743424546956605,0
7944,0.4373726978435111,0
4692,0.43730314647765695,0
987,0.4372474911679761,0
9786,0.437172982812313,0
3653,0.4370644388285367,0
9935,0.436960858947053,0
9304,0.436704063498491,0
5122,0.4366125363585232,0
3015,0.4365832044818537,0
3569,0.43657760392542777,0
4280,0.4365719852110555,0
7303,0.4362358442640685,0
9164,0.43620235749171143,0
9729,0.4361865197011085,0
582,0.43615566175160586,0
6610,0.43605770291834306,0
3349,0.43599108765607136,0
6405,0.43596197235706374,0
1940,0.43593443943127125,0
572,0.4359242251702202,0
3714,0.4358813141285587,0
2509,0.43574225976812186,0
6869,0.4356938400897967,0
3907,0.4356740543686942,0
1142,0.43562377459998447,0
6259,0.43551222154028973,0
9569,0.43543893236325654,0
6825,0.43535038860626846,0
8700,0.4352388022831025,0
4764,0.4352292219539597,0
6770,0.43516990411482936,0
7594,0.4351123224991344,0
5761,0.43508582055000017,0
5471,0.4349921844799863,0
684,0.43497747392752345,0
9177,0.43483690429043104,0
2263,0.4347432656107304,0
9720,0.43469853375920764,0
1084,0.43464822937432307,0
6268,0.43459535770407165,0
8497,0.4344826703637061,0
1805,0.43438483082179596,0
1142,0.4343565157127937,0
5032,0.4343209216630209,0
8397,0.4342997908515947,0
9884,0.43428329591220305,0
5324,0.4342785919470095,0
3573,0.43419994197772577,0
7349,0.43411585464898883,0
5420,0.43408397685496775,0
9884,0.4340790579915072,0
4280,0.4339695861621469,0
4254,0.43396434784337234,0
5131,0.43392609474871485,0
727,0.433831077521823,0
246,0.43371190208845145,0
7974,0.4336352302781219,0
8235,0.4335997171960936,0
6257,0.43357551627692836,0
4275,0.43357380569061976,0
5938,0.4335519984072903,0
1055,0.43350242931582106,0
5812,0.4334778051501194,0
9021,0.4334268692693438,0
7193,0.433402914817909,0
4791,0.43337761939754654,0
9929,0.4332955309864323,0
1625,0.43327197686060154,0
3849,0.4331814282048485,0
1900,0.43313485732828894,0
5762,0.4331197280317489,0
3947,0.43307956476594917,0
7787,0.43297090458785054,0
394,0.43295461265342855,0
1910,0.43287264437924305,0
6505,0.432824000734803,0
6987,0.43277498748178916,0
4275,0.43267640412815084,0
1015,0.4326458663590049,0
6153,0.4325692177043604,0
2172,0.4325195841793094,0
1981,0.4324881905536226,0
6186,0.4323994397987186,0
9834,0.4323318020846324,0
2328,0.4323231492140933,0
9578,0.4322723872345249,0
6421,0.43226618577829656,0
6460,0.432222954074945,0
4784,0.43212766721782014,0
8860,0.43212391053043847,0
8688,0.43211902616780645,0
3907,0.4320465175637417,0
7926,0.4318589408904934,0
8306,0.4315741829906244,0
2265,0.4315296970056438,0
370,0.4314912307627806,0
8274,0.4314223133943217,0
452,0.4313720550301363,0
4663,0.4312963973654799,0
2291,0.4312150981437123,0
1190,0.4312082350794175,0
1816,0.4310374699285167,0
3063,0.431015714720231,0
3449,0.43099721176553896,0
465,0.43088429717554166,0
6337,0.43078131293495714,0
4802,0.4307610531408498,0
174,0.4305090322454014,0
7757,0.4304290973962748,0
5239,0.43042313624242257,0
1726,0.4302559053717999,0
8742,0.4301775257473695,0
452,0.430082251329337,0
6471,0.43007485432849446,0
8396,0.43006768171618354,0
8726,0.4298219015297031,0
7812,0.4297759844056459,0
8466,0.42975892394810156,0
696,0.42972857856945745,0
1873,0.4297156681235213,0
4443,0.4297133422700709,0
7734,0.42957066827640694,0
8759,0.4295226378173091,0
6010,0.4294153046021162,0
6310,0.429384007792253,0
8624,0.4292397755425187,0
6383,0.42919041710694866,0
9188,0.42904468395800077,0
4395,0.4290385526059239,0
4030,0.4289979214276978,0
9085,0.4289402877725669,0
409,0.42890673410906266,0
8174,0.4289065800041397,0
8184,0.4288600521594258,0
8629,0.4287043175227528,0
2421,0.42869699275779893,0
7926,0.42866330188612584,0
7345,0.4286280666371742,0
9476,0.4285694778922272,0
929,0.42854277011094005,0
4399,0.42834683613656643,0
6451,0.42832240667279103,0
8650,0.42829494271158813,0
3229,0.42821037291695274,0
1409,0.4281852883278567,0
9058,0.42815755410069906,0
4113,0.4281504635307304,0
728,0.4280120807948777,0
36,0.4280112222628423,0
1819,0.4279843729590697,0
5101,0.4277867802861724,0
5582,0.4277604400310286,0
6302,0.42774381117211746,0
5115,0.427682169233977,0
4619,0.4276691209348392,0
1818,0.4276514466578996,0
5841,0.42758798923728014,0
2848,0.4274339171007757,0
1816,0.42743204416391056,0
476,0.42740086117392895,0
8753,0.427349448042546,0
3082,0.4273381714999453,0
7397,0.4273302292431531,0
9363,0.42728139442530894,0
1205,0.42708825533624656,0
8289,0.4270368288890085,0
1663,0.42693266121821094,0
2803,0.42684436494227795,0
104,0.426775842149873,0
1996,0.42674895308910443,0
780,0.42667524081321134,0
5345,0.4265504446488573,0
808,0.42623055458213505,0
6056,0.42619613110536375,0
3680,0.4261498391066981,0
337,0.42588554850032817,0
497,0.42568891940039605,0
8812,0.42554849720198334,0
8932,0.4254766513151674,0
6939,0.42523687116471265,0
1443,0.42513684772633575,0
6605,0.4250588430329425,0
2914,0.42494545833829833,0
3788,0.4248586582311316,0
9643,0.42473377914427785,0
5778,0.4247214907934421,0
1740,0.42454236394999256,0
8019,0.4245196289382654,0
8389,0.4244753504107276,0
8310,0.4244547334732246,0
3640,0.4242276236304524,0
2300,0.4241946002875624,0
3683,0.42415850111912357,0
7607,0.42411874544153005,0
733,0.4241035200953141,0
8709,0.4240269724268176,0
1776,0.424026779741906,0
1784,0.4239534946792521,0
7382,0.4237548224282857,0
3776,0.42366259100798664,0
2852,0.42364058348388084,0
9287,0.4236214513013501,0
4968,0.4236045820983364,0
7008,0.42355753174891225,0
353,0.4235321315699799,0
3571,0.4234894353947706,0
3351,0.42348038265295124,0
5382,0.42344771175835294,0
8473,0.42340904858595463,0
3254,0.4232666343290358,0
6573,0.4231893250469494,0
4045,0.42317307604202303,0
6601,0.4231348265560773,0
3854,0.42311587063922845,0
6188,0.4229966797844306,0
9822,0.4229803858551568,0
1411,0.4228760512451797,0
3874,0.42280729810628276,0
1233,0.42273002919849517,0
6165,0.4227159900325975,0
4147,0.4226988844330273,0
7594,0.4226393111657184,0
4554,0.4225679405700747,0
759,0.4224230226371312,0
1711,0.42223477268177684,0
9742,0.4222177760262214,0
4105,0.4220004669986137,0
4261,0.4219980527592475,0
9014,0.42197085571998594,0
1188,0.42189893267998685,0
6405,0.4218698197235395,0
2105,0.4218518610468594,0
2508,0.4217378398564687,0
3144,0.4217357677225867,0
9347,0.42172247919343897,0
6962,0.4217164327530698,0
7153,0.4216535735810057,0
8702,0.4216426222638182,0
3699,0.421539985940749,0
1457,0.4214828731569229,0
3960,0.42147857420399143,0
5035,0.4214634438577441,0
5408,0.42145536579807097,0
7648,0.42135454495233393,0
7467,0.4212710508759072,0
1055,0.42126494835903594,0
8650,0.42125582434313313,0
5579,0.42122637049538514,0
6480,0.421169681275803,0
9428,0.42103640611755305,0
6777,0.4209893922476163,0
1801,0.4209868443689143,0
3742,0.42076797213689354,0
4727,0.4207672425358549,0
2621,0.42072576903191133,0
3152,0.42056433028733187,0
4599,0.4205150483294838,0
2164,0.4204651343533603,0
9414,0.4204069345663723,0
4399,0.42031762224321134,0
9698,0.42029066482422167,0
4393,0.4202194620719574,0
5812,0.42019512269164944,0
4091,0.42017796886821845,0
8660,0.4201685282217192,0
6579,0.4201629103971345,0
2082,0.4201247717205782,0
8184,0.4200995154966958,0
7523,0.4200916628666891,0
8919,0.4200909180258063,0
7391,0.4200038607187446,0
4091,0.4199424835693937,0
2109,0.41992834338877233,0
2504,0.4198260574062655,0
5194,0.41982126914242446,0
8865,0.4196491870625579,0
2984,0.41951964073492787,0
9657,0.41944208289117757,0
3660,0.41938046522873434,0
1891,0.41934947311072995,0
1545,0.419233313740546,0
1651,0.41921439400299404,0
5359,0.4192124427797353,0
3751,0.4191814678868226,0
1310,0.4191787233367642,0
4009,0.4190225209643422,0
4800,0.4187583469546039,0
2619,0.4187352324098569,0
1196,0.4186976642422847,0
9398,0.4186655511564573,0
3187,0.41856363428807825,0
5440,0.41849749198395764,0
4504,0.41836053918577704,0
487,0.4183466320971986,0
6925,0.41825410159202936,0
6274,0.4181629578136548,0
9259,0.4180610027234378,0
6227,0.4180046824073635,0
5312,0.41800063460801207,0
1061,0.4179662071823364,0
4056,0.4177144454361312,0
3194,0.41757791239213043,0
7831,0.4174983057523527,0
6488,0.4173567790053419,0
541,0.4173533338984497,0
4505,0.41727027107237136,0
3953,0.4172536030972243,0
7382,0.41721778694495515,0
901,0.417079203130105,0
9309,0.41703605423065704,0
6153,0.4168205399531646,0
854,0.416813780897957,0
8688,0.41679485545924794,0
4407,0.4167879788755091,0
1246,0.41675831654662243,0
7614,0.416600286986641,0
7845,0.4164895033100592,0
9785,0.4163984141574747,0
2553,0.41625788602759417,0
9032,0.4162170749837896,0
1089,0.4161057120090723,0
7797,0.41610107541696406,0
3465,0.41602281387454926,0
3804,0.41599439375336633,0
7577,0.41585484056111777,0
9644,0.4157361326154552,0
9172,0.4157001822098863,0
9988,0.4156862567853645,0
8269,0.415643269021329,0
247,0.41557901151380716,0
570,0.41557264007991795,0
1177,0.41554616166675834,0
3129,0.41544016636281406,0
7740,0.41539878895098226,0
1837,0.4153843206050571,0
7583,0.41537848765237123,0
9023,0.4153475234804421,0
9893,0.4153431958734182,0
9899,0.4153369812186457,0
9262,0.41532147470494596,0
6218,0.415297143211701,0
8233,0.4152246153415533,0
5364,0.41520385418516415,0
9949,0.41519961051685483,0
5910,0.41518950907230784,0
924,0.4151582922027083,0
1669,0.41511587762223806,0
5447,0.4150943513900488,0
3504,0.41506977821753605,0
857,0.4150474899056263,0
108,0.41500729369305744,0
6206,0.4149813653892748,0
4505,0.4149628458446088,0
9057,0.4148422542608334,0
7247,0.4147628286767386,0
9602,0.41468205075683984,0
3450,0.41437714131113773,0
8982,0.41433532873062767,0
2395,0.4143116922107096,0
4313,0.4142128960901717,0
7923,0.41414577870070146,0
9266,0.41405594221497427,0
5778,0.41379308717416846,0
13,0.4137147160909571,0
5134,0.41359056171518077,0
2311,0.41358676441707837,0
2581,0.4135813930730411,0
1272,0.4135481373586783,0
7324,0.41350143518285254,0
4009,0.413474367027244,0
3488,0.4134134860647307,0
2708,0.4131935129255465,0
6310,0.4131859382668146,0
6636,0.4131766362746107,0
8651,0.4131686822955979,0
6797,0.4131095641417544,0
3586,0.41310839567862045,0
4817,0.41307220330394134,0
49,0.413004215840118,0
4420,0.4129847725145697,0
1361,0.4129460309957861,0
4149,0.41292011447412824,0
5059,0.4128943930849344,0
7556,0.41288664744575954,0
2784,0.41281629124465447,0
8497,0.4127757278692365,0
6309,0.4127715490078467,0
9106,0.41269226224432265,0
5105,0.41264617677782267,0
4979,0.4126378161507693,0
298,0.41261404721131895,0
5042,0.41261343692569136,0
9068,0.41243300475895284,0
3351,0.41240845188236785,0
2588,0.4123890769431639,0
4045,0.41229686065097765,0
2949,0.41224235751362465,0
7344,0.4122218913253436,0
212,0.4122026243540385,0
4091,0.4121197010678239,0
6590,0.41209247658055176,0
2095,0.41203608110643913,0
9058,0.4120151977872506,0
4823,0.41198837238197905,0
8146,0.41192646663125754,0
7365,0.4119179194618287,0
9200,0.41183744830164287,0
4949,0.4118349113966836,0
7773,0.41181918679476204,0
9512,0.4116272309878719,0
1069,0.4115934558668154,0
5867,0.41159268560012874,0
307,0.41147634360063484,0
6741,0.4113691045222394,0
7324,0.4113208758226862,0
4933,0.411284495083486,0
72,0.41123554432608067,0
5597,0.4112002627567291,0
9883,0.41119675641721365,0
7594,0.411173282997167,0
7152,0.4111618378574986,0
2518,0.4111353664317978,0
5565,0.4110952739791162,0
7736,0.4110770905098196,0
8213,0.41098585211746785,0
9630,0.4108500176554259,0
1361,0.41070542446508934,0
780,0.41067571973848205,0
4484,0.4106740915394901,0
8349,0.41053483295478255,0
7253,0.4104999338423148,0
3075,0.41038147365592603,0
5726,0.41026859830670925,0
2497,0.4101641925389918,0
7083,0.41008986439081396,0
2231,0.4100151126668133,0
1310,0.4099881853004442,0
178,0.4099429064270103,0
7738,0.4096800854185524,0
509,0.40966720941576035,0
608,0.40958150683497446,0
1361,0.4095267131264692,0
2963,0.40948836761476753,0
5194,0.40944915337234955,0
4570,0.4094146642002679,0
2120,0.4092632488128542,0
6105,0.40922442348692256,0
5468,0.4091127809679245,0
227,0.4090334343627856,0
3871,0.4090128669349977,0
2988,0.4089584389349634,0
2687,0.4089326042872248,0
9980,0.4088933802700524,0
6076,0.40888088708054043,0
46,0.4086287693008998,0
7506,0.40857598564169867,0
9145,0.40842185759215643,0
332,0.40836277166831236,0
9476,0.4082887586408971,0
8484,0.4080650215152706,0
5025,0.40796507248546454,0
7706,0.4079643067775676,0
6178,0.40794944068582206,0
7576,0.4078590812220024,0
9578,0.4078517131067572,0
2500,0.40784110866166107,0
930,0.4077660530835007,0
6248,0.407659647298579,0
5945,0.4076268957134867,0
7750,0.40761595176950766,0
9553,0.40758280315718143,0
3051,0.4074446781348321,0
7944,0.40735882182982686,0
8854,0.4073272851779233,0
4897,0.40720458981460855,0
9128,0.4071085201365354,0
9428,0.40706783379841954,0
670,0.40700155890583284,0
6740,0.40696889041939793,0
6313,0.4069391430016792,0
1517,0.4069113989738881,0
8571,0.40677553621949725,0
9849,0.4066733247403196,0
521,0.406606666913087,0
9362,0.4065756842391699,0
5574,0.4064625924552793,0
9348,0.40644529294583986,0
907,0.4064245345358678,0
9836,0.4063140016730558,0
4533,0.4062880657972173,0
9923,0.4061667248450277,0
189,0.40614312109382045,0
9595,0.40609528100634956,0
8901,0.4060553420216317,0
7021,0.4059857002594893,0
2044,0.40584621871806875,0
3897,0.4057579915042112,0
4396,0.40560946534169273,0
4663,0.4055891415256238,0
3069,0.40554992974245874,0
9364,0.4054501285082075,0
8675,0.4054020822604281,0
5220,0.4053501420298408,0
3283,0.40515378191252566,0
5208,0.40512909711166006,0
6728,0.4050314418718511,0
5641,0.4049163918939969,0
6333,0.4047320120984397,0
9614,0.40472305250383617,0
6305,0.4047207790356375,0
949,0.4047095564885271,0
6202,0.4046931956265034,0
5830,0.40466636737154577,0
8415,0.4046421718555258,0
344,0.40455681903349144,0
7247,0.4045550314829985,0
5762,0.404432641278062,0
2290,0.4043369500046833,0
6225,0.40426110692782835,0
3573,0.4042400692243391,0
4541,0.4042116271933052,0
4700,0.4041358011320149,0
8831,0.40413428593673306,0
6313,0.40403234801627663,0
1818,0.403924328158999,0
878,0.40389245460350154,0
8871,0.4037705376374574,0
849,0.4036785953949515,0
9106,0.4036571444846321,0
5133,0.4034898847857947,0
505,0.4034585201451344,0
6996,0.40344837528928706,0
748,0.4033758034413723,0
2025,0.40332917135265106,0
7746,0.4032104046114867,0
1978,0.40317870493863184,0
8082,0.4029248365074281,0
104,0.4028404949080691,0
2540,0.40282826028023677,0
9527,0.4027589977170207,0
2231,0.4025432017538242,0
2264,0.4025234701034153,0
6153,0.4025232110656449,0
8848,0.40240605622013575,0
5911,0.4022920199835962,0
9909,0.4022476141295693,0
9997,0.40204353009467847,0
112,0.40202767034113274,0
3196,0.40188578389680385,0
165,0.40185501631798454,0
3424,0.4017629105153292,0
8026,0.40171646099156877,0
2183,0.40170885874966994,0
8339,0.4016150129437793,0
6319,0.4016006269374256,0
1017,0.4014931822017743,0
9273,0.4014496823053964,0
3279,0.4014389742497837,0
9339,0.40141643382597314,0
5130,0.40136160884391897,0
6206,0.4011913781445122,0
3493,0.4011728968388532,0
6397,0.40114193931792624,0
1139,0.4011400385035176,0
4426,0.40104363085019074,0
8749,0.4009149238754799,0
907,0.4007610699508566,0
6388,0.4007498812588643,0
9965,0.40073875641995543,0
1816,0.40070309671023413,0
8344,0.40062475270995723,0
2805,0.400517296540312,0
8754,0.4004800301696867,0
1185,0.40047361691047656,0
1942,0.4004589088856568,0
8164,0.4003913944996588,0
4261,0.40034831421340794,0
3543,0.40034301249553417,0
2646,0.40034066802694507,0
2739,0.40027946193586866,0
3840,0.40024118009530024,0
7115,0.4001507920168006,0
3819,0.40010207452540364,0
780,0.4000884515210623,0
5446,0.40008151498834027,0
6117,0.40004167275074237,0
325,0.40002769380189906,0
399,0.39987966832980526,0
3123,0.39983776403860055,0
5321,0.39983529495841713,0
3922,0.3998308306555145,0
4247,0.3995874577603572,0
7877,0.3995231055079758,0
514,0.3995014272143575,0
8080,0.3994311675404317,0
1262,0.3994154115385829,0
4017,0.39941517472625226,0
5303,0.39941474716327263,0
8757,0.3993513416606926,0
3282,0.3992891728752521,0
6970,0.399260091197195,0
7340,0.39917609907632634,0
7345,0.399174649825705,0
2025,0.3990995215455285,0
5153,0.3990681308707953,0
8628,0.3989741565302386,0
4045,0.39890003962827475,0
6648,0.3988767137203262,0
7551,0.39873731709533095,0
573,0.39861886689818293,0
2621,0.39861829322374254,0
8745,0.3985018452680142,0
5765,0.39844675285254666,0
6876,0.39838911691406037,0
9303,0.3983527837471849,0
7746,0.3983459184580953,0
3651,0.3983105380553241,0
4600,0.3982604635435863,0
2121,0.39825356591720446,0
568,0.39823191142868286,0
3935,0.39819384164206695,0
9097,0.3981109920626771,0
1480,0.39806453833834377,0
2122,0.39789937607918024,0
3535,0.39788076488190904,0
920,0.39787178391818634,0
7576,0.3978634465995752,0
716,0.39779299730730067,0
2870,0.3977419028014266,0
5975,0.39765391343038353,0
1890,0.39764343270842517,0
4407,0.39760098377300246,0
9098,0.39745962718745187,0
1278,0.39744579480739956,0
3651,0.3973515225266264,0
7943,0.3973313989691979,0
8462,0.39732022711877174,0
6568,0.3972726118026434,0
7283,0.3972492802679138,0
9520,0.39723110360958314,0
8009,0.3972299277655966,0
8174,0.3972204090525958,0
36,0.3971949676045015,0
6274,0.3971293894914467,0
8082,0.39709601316880994,0
9591,0.3970730900397954,0
2683,0.39705204294555707,0
595,0.3969678498416948,0
8743,0.39692149561708173,0
2597,0.39683547784980705,0
9411,0.3968315050550982,0
3146,0.3967177335199731,0
5784,0.3966415665895963,0
225,0.3966057426271242,0
7734,0.39659649640663125,0
9980,0.3965496291422507,0
9047,0.39650090495055496,0
2804,0.39643020788352146,0
1827,0.3963488579661782,0
1955,0.39619593336691,0
2847,0.3961803726831111,0
2445,0.3961648672356671,0
4675,0.3960435012677855,0
9139,0.3959075649267622,0
7106,0.3958733078009145,0
8782,0.3958398357554315,0
7010,0.3956129438350593,0
4671,0.3956120170190202,0
1995,0.39559743612545695,0
5321,0.3955772638246111,0
4185,0.39542899811656285,0
4675,0.39540120516510047,0
4759,0.3953032370005702,0
5552,0.3952980389122811,0
9335,0.3952179063510536,0
9644,0.39513988545968654,0
8374,0.3950980047782009,0
2882,0.39500869907902625,0
3903,0.39487964352027516,0
9171,0.3947295485155916,0
9985,0.3947140669529689,0
2138,0.39454628012403603,0
2417,0.3945273444939451,0
7076,0.39436324930677014,0
3861,0.3943513532936828,0
3855,0.39431658977546646,0
8126,0.39427127012947244,0
7506,0.39424428126209404,0
2468,0.39420746146080793,0
5607,0.3941755302318258,0
9644,0.39416172336662797,0
9145,0.39415195941370784,0
6770,0.3941325389903826,0
9855,0.3941103481120228,0
1517,0.39395465430878246,0
9869,0.393834719049503,0
1248,0.39375505873923294,0
3290,0.39365415330537057,0
6738,0.39361407921393937,0
2932,0.3935247890562165,0
1097,0.3935131283546626,0
9062,0.3933631642207359,0
5823,0.39335461069169547,0
6540,0.3932873558932867,0
3303,0.3932711144524697,0
3364,0.3932502587264759,0
2009,0.3932261756916508,0
3450,0.39316495445261473,0
5153,0.39309332669037894,0
8861,0.39309165630275195,0
8743,0.3930521259459507,0
662,0.3930017893875838,0
375,0.39298259891370724,0
9217,0.392883829659647,0
5530,0.392815962662283,0
5497,0.39272744662912207,0
344,0.3925436023252259,0
6619,0.39249370169146675,0
2083,0.3924291144986472,0
2566,0.39238639593857716,0
8753,0.392380276451987,0
8527,0.3923577277928826,0
5735,0.3923308542918247,0
6051,0.39223120697819763,0
8751,0.39215668714209817,0
7556,0.3921439453699574,0
5629,0.39209381840198476,0
5889,0.39203711062442625,0
6268,0.3920037023814561,0
975,0.3919876362994357,0
1792,0.3919745709097435,0
6741,0.3918180546895169,0
2241,0.3917874103021033,0
8625,0.39178711948032896,0
4321,0.3917503530123179,0
939,0.3916768434685391,0
4721,0.3916748304591588,0
4600,0.3915878487067803,0
9045,0.3915753686043717,0
8956,0.39153193229710226,0
5825,0.391519867496243,0
407,0.3914221226909913,0
2355,0.39122391481920976,0
6507,0.39119960072591,0
2122,0.3911454796967141,0
670,0.39096077658646927,0
444,0.3909405845468646,0
9597,0.39090891774568537,0
9023,0.3908759030004509,0
2523,0.39087256964480954,0
4184,0.3908439267102763,0
2099,0.39084383999993344,0
7773,0.3908199867451214,0
6304,0.39079088251671423,0
5635,0.3907079720501151,0
9400,0.3906571206609193,0
9267,0.3906423322884381,0
5170,0.39062105973719374,0
9603,0.39050374731748977,0
7106,0.3904888264290819,0
3818,0.39046707273618597,0
5584,0.39043976121737434,0
5473,0.3904328748602718,0
8551,0.3903954871834225,0
2512,0.390382449027776,0
8835,0.3903559326030863,0
6970,0.39035493481450967,0
3833,0.3903442132169142,0
12,0.3903016741113607,0
447,0.3902323272534154,0
602,0.3902127220984754,0
9635,0.3901722334446242,0
1142,0.3900682102366275,0
2540,0.3900442004409734,0
379,0.38984342328474686,0
5278,0.3897562149911267,0
6016,0.38974850039159564,0
7694,0.38974709793892587,0
831,0.38967750045429284,0
8845,0.389662675048303,0
7001,0.38960057401377635,0
7993,0.3895994793488556,0
2184,0.3895796778537602,0
1801,0.3895573238950998,0
4422,0.3894595750107082,0
2537,0.38927965517813734,0
305,0.3892605256195149,0
3336,0.38911277923062026,0
8212,0.38907903380481756,0
1548,0.3890751350697979,0
2145,0.38894882058734737,0
1016,0.3889235888431035,0
4897,0.3887667476033292,0
3236,0.38875105142024763,0
1658,0.3886978861776769,0
7734,0.3886293331386481,0
104,0.3885475890866251,0
9512,0.38846056963160247,0
8749,0.3884247720108846,0
7515,0.3882175628348743,0
8389,0.38815734795790063,0
6272,0.3880847551146698,0
7653,0.38794405425109985,0
4851,0.38793480420685644,0
7013,0.3878385743611756,0
6107,0.3877723460826292,0
9515,0.38772040456110507,0
5347,0.3876138399256507,0
6802,0.38760769518242205,0
5862,0.38749988553189113,0
9493,0.3874737697007158,0
118,0.38743522051669466,0
1264,0.3874077849963584,0
5449,0.3873981420502314,0
4705,0.3873751469530412,0
7923,0.38737008659498257,0
1529,0.3873628406853183,0
962,0.38733449574810375,0
5919,0.3872421711511146,0
234,0.3871956799303343,0
3479,0.3870934320226551,0
5488,0.3870736434491801,0
6107,0.386997009921763,0
4679,0.38693598629633574,0
6882,0.3869251594640605,0
2183,0.3868392848535051,0
3157,0.3868245963671698,0
2217,0.38682306247745146,0
8551,0.38678120411862726,0
2647,0.38677779913913307,0
3608,0.38665648337468034,0
8527,0.386651314641518,0
3339,0.3866238490096513,0
5877,0.3863139444293693,0
8562,0.3862603955838284,0
4386,0.38621916206541895,0
3522,0.3860955786870832,0
9574,0.38601567223737016,0
2285,0.38588563453468105,0
2576,0.38586295287443556,0
2388,0.3858361440347882,0
7946,0.3858048946392401,0
9587,0.38579926070116827,0
7745,0.3856615179275998,0
3678,0.38554961802345716,0
1589,0.3855455653113776,0
2163,0.38541880982760424,0
2211,0.3854131083683594,0
932,0.3853851807077386,0
5097,0.3853537464610623,0
6950,0.3851798696509086,0
2994,0.3851187194233845,0
7877,0.38504245578509627,0
3776,0.3849529000072399,0
2349,0.38479379627677684,0
8463,0.3847074887439302,0
7167,0.3847051136204258,0
5640,0.3846487558118593,0
5548,0.3846481901509333,0
1869,0.3846011981578088,0
7344,0.3845929609342055,0
8431,0.38458646674038655,0
4600,0.38444477080811446,0
2565,0.38441285710777995,0
9587,0.38439170768885256,0
6967,0.3843728993713014,0
7770,0.3842907504883161,0
2584,0.3842634826582538,0
8851,0.3842593839571519,0
9629,0.38414982660734154,0
8708,0.3841205454059598,0
2537,0.3839862972243541,0
4382,0.3838963753696892,0
3162,0.3838589873635241,0
637,0.38384553129829135,0
8452,0.38380349590628327,0
8493,0.38370247759460074,0
4713,0.3836597666785948,0
422,0.3836489186274631,0
1995,0.38359485225242906,0
7461,0.3835337326384353,0
9550,0.38353069162131187,0
4817,0.38347358169646983,0
4445,0.3834580173809646,0
3076,0.38339857691940166,0
2172,0.38339666233383785,0
5490,0.3832310448726688,0
3900,0.3832070357402962,0
3726,0.3831736218445297,0
1225,0.3830374542479337,0
2421,0.3829850648492136,0
6425,0.38297736773327007,0
1829,0.3829334552039746,0
36,0.382876327657248,0
5075,0.38287399633429137,0
6798,0.38283510679082683,0
2291,0.38268672143312815,0
106,0.38265111025582654,0
1057,0.3825143487867462,0
5341,0.38247248095847936,0
5251,0.3824119773826634,0
7749,0.38240479796099114,0
2651,0.3824032821029577,0
1867,0.3823178479457439,0
3058,0.3822405391877256,0
7247,0.38219820189552023,0
2727,0.3821502964855294,0
6699,0.3819730544894164,0
7851,0.3818970150469446,0
5934,0.38182693766015147,0
337,0.3818123466474367,0
8213,0.38179044860799766,0
1091,0.38166364431477845,0
5641,0.3816159422936934,0
6264,0.38158700787728067,0
5894,0.3815103865787545,0
1254,0.38145724917504487,0
4407,0.3814382345813175,0
8551,0.3814263045253369,0
6238,0.38142551666682883,0
7986,0.3813947765585904,0
2959,0.3813751575482875,0
9257,0.3813405725466823,0
2398,0.3812624796475818,0
4393,0.38124047231873753,0
5379,0.38114026657430333,0
4829,0.3810912607359595,0
6160,0.3809229447630407,0
4504,0.38091585276218176,0
9187,0.38090531647121073,0
9291,0.3809045418896574,0
2015,0.3808736334707948,0
924,0.3808607922054387,0
4149,0.3807973449436648,0
3857,0.3806516668415337,0
8745,0.38062836748537016,0
9893,0.3805542961647849,0
8820,0.38039510494482465,0
2636,0.38034965993692943,0
9149,0.3802633776455076,0
5068,0.38026256118204455,0
5738,0.3801277415477227,0
5870,0.3801156849504765,0
5979,0.3800944941186393,0
4561,0.38003411994620506,0
4826,0.3799963898006376,0
6954,0.37999472179837407,0
3364,0.3798727000573168,0
8868,0.3798722403288858,0
8958,0.3798565860416602,0
9092,0.37984051697249555,0
6303,0.3798217352257815,0
3486,0.3798142761525319,0
2594,0.37978141051718856,0
3955,0.37962141868163474,0
6998,0.3795977064784317,0
553,0.3795083501294256,0
2081,0.37948739688739547,0
2804,0.3794570001141004,0
3275,0.3793898684910021,0
4463,0.3793388865587297,0
5030,0.3793137146381401,0
4843,0.3791764144128902,0
5671,0.37916834673979705,0
2963,0.37905487592172604,0
5574,0.3790117591690417,0
5816,0.37885250917935426,0
409,0.37877051918660426,0
2794,0.37876457944520353,0
169,0.3786850250725217,0
7584,0.3786809988079569,0
6304,0.3786663279109894,0
9788,0.378648709349891,0
4950,0.37863811241177553,0
7877,0.37853329450193246,0
3693,0.3784855451663989,0
626,0.3784757493562559,0
1544,0.37844998273661085,0
6644,0.3784259146414379,0
8497,0.37836590251035185,0
527,0.3783437703576514,0
9583,0.3781998225116996,0
1800,0.37819590349346494,0
5545,0.3781673542447568,0
4533,0.37813011437954486,0
8374,0.3780487846874395,0
1424,0.3780422116358461,0
2784,0.37803593272056973,0
4361,0.37801322461617065,0
8164,0.37799172119337743,0
2164,0.37788002992971903,0
5635,0.37784677379747417,0
9068,0.3778359672875866,0
4902,0.37783012537005173,0
409,0.3778238342563459,0
6322,0.3777120130561041,0
1264,0.3777006330026612,0
7797,0.37769917240340445,0
1604,0.3776272018538551,0
9888,0.3776225140782202,0
8784,0.37760823915967573,0
2581,0.3775941319514327,0
5650,0.3775687886517129,0
1016,0.37742196096235325,0
8763,0.37733286888737694,0
3218,0.3773082184907737,0
4600,0.3772460783908433,0
8026,0.3771959887797306,0
1248,0.37714103566102025,0
15,0.3771377170297459,0
5380,0.37707049597188913,0
8139,0.3769488300981271,0
3679,0.37693544170477666,0
4865,0.37689348511195053,0
4121,0.37678769874400053,0
7717,0.3766551479317909,0
410,0.3765919505025754,0
3474,0.37653635911101063,0
1726,0.37650837041503327,0
2021,0.37629690878289296,0
3522,0.3762772100088386,0
4943,0.37623554405046605,0
8197,0.37619977290164974,0
5762,0.3760914902846297,0
1227,0.37608888662082585,0
7906,0.3760304477293438,0
7448,0.37599827362790805,0
7109,0.3759493400509247,0
7292,0.37592549335922854,0
503,0.3758898179006321,0
8323,0.37581933235584036,0
896,0.3757452995793791,0
3149,0.3757420078775562,0
7476,0.3757201203762136,0
5554,0.3757155666001915,0
9870,0.37565520706233235,0
7725,0.3753492006562779,0
7035,0.3753323483430168,0
9362,0.3753029317099664,0
8362,0.3752973864290933,0
4967,0.375287720706858,0
4929,0.3752322864233195,0
8001,0.3751757081120809,0
5455,0.37515821081678524,0
129,0.375140753833038,0
4561,0.3750590376311398,0
1088,0.3750431036914626,0
6073,0.37503331003718055,0
4721,0.3750303888338734,0
1225,0.3750076275394105,0
8782,0.37479830522940005,0
4226,0.3746305185206554,0
6777,0.37445670609297926,0
6036,0.37445143186803787,0
3204,0.3744396132053918,0
7236,0.37442401015665927,0
4735,0.3744042522527427,0
9107,0.3742958266530554,0
4554,0.3742538901785567,0
5634,0.3742519880366829,0
5114,0.37421284262604576,0
9434,0.3741580431635877,0
2880,0.37412578071559977,0
7746,0.3740983108605973,0
9047,0.37404349805310005,0
88,0.37389154590847995,0
1480,0.37388725957186875,0
7370,0.3738727811974285,0
8861,0.37379659309435814,0
6890,0.3737829370226298,0
148,0.3737666500297798,0
2025,0.37364233514853445,0
7320,0.37350202670302357,0
259,0.3734731458293039,0
8680,0.37333250792956835,0
7680,0.37331180147890736,0
3823,0.37315386183653887,0
6331,0.3731377225620971,0
9015,0.3731373899736559,0
3180,0.37305100344423675,0
7653,0.37299664915213987,0
1359,0.3729321589122375,0
6460,0.3729104580190454,0
2069,0.37284925871846564,0
2932,0.37281858878232144,0
1425,0.3728003858821547,0
7488,0.3727964284071848,0
873,0.3727921482765326,0
6785,0.3727812550046819,0
4867,0.3725853686087345,0
7549,0.372583162203634,0
2095,0.3725594612390192,0
1098,0.37252989193108427,0
8626,0.3724229552295798,0
7302,0.3724096352552677,0
894,0.3723404998543643,0
1995,0.3723327927523846,0
9217,0.37232442145878625,0
2442,0.3722839690359413,0
4524,0.3722587925569785,0
3346,0.37220426994656386,0
6784,0.3721874354588022,0
3784,0.3721660744754555,0
1617,0.372139963150796,0
5408,0.3721162375024392,0
9512,0.3721006575648685,0
2795,0.37205592715297486,0
767,0.3720369070579498,0
4675,0.37187070715910053,0
5937,0.3718054114718353,0
2731,0.3717646386574074,0
5548,0.37173276587387516,0
8868,0.371691404496527,0
1205,0.3716711579430963,0
4639,0.37166472586496346,0
3283,0.3716590087343029,0
7488,0.3716587319934734,0
6952,0.37165000827889383,0
1084,0.3716096320690956,0
2427,0.3714338291770293,0
7886,0.3714287184652953,0
4136,0.3712892773012332,0
3243,0.37122846230045436,0
9431,0.37122839048962825,0
1860,0.3711996221484323,0
7077,0.37119945179308345,0
8708,0.37105345687032243,0
1213,0.3710273780854932,0
9808,0.37089906413311957,0
340,0.3708531092537942,0
8754,0.3708119122102881,0
2566,0.37035263965187626,0
1003,0.37034385553932003,0
8025,0.3702947922158351,0
5347,0.3702788718669061,0
2391,0.3701564643124688,0
401,0.37013524356849625,0
8148,0.3700330167548196,0
756,0.3700119186755722,0
3980,0.3698082477668114,0
2276,0.36980126238836347,0
3851,0.3697304039563675,0
5524,0.36963960322256695,0
8866,0.3696324631147888,0
7331,0.36962608958205445,0
3613,0.369587744029457,0
7900,0.36958349083509856,0
4023,0.3695771419399485,0
4825,0.36956104106666027,0
1658,0.36950290457717744,0
5952,0.3694515220581628,0
3450,0.3694083334049044,0
2065,0.3692657788561336,0
174,0.3692211957673213,0
6970,0.36919863071850595,0
7237,0.36919256742157947,0
6647,0.36913430012006443,0
4089,0.3690871574508298,0
8510,0.36907437305315294,0
6973,0.36906932472841375,0
504,0.36905972058209346,0
4622,0.36903759584259627,0
4924,0.3689825401044635,0
3212,0.36889921715958945,0
9844,0.36887442698617073,0
3012,0.3688531624566341,0
2804,0.3686402496526844,0
440,0.36861616851116785,0
9470,0.3686099172097513,0
8488,0.36857810085067316,0
471,0.36853649441707126,0
8660,0.3682574043713726,0
8256,0.3682556272099184,0
58,0.36810424035657796,0
6194,0.36805947493231644,0
5730,0.36802931992968096,0
7344,0.3679472612454887,0
2501,0.3678847112724081,0
5726,0.3677995461137514,0
5898,0.3677681858723005,0
5975,0.367762044423651,0
732,0.36761024917776297,0
9665,0.3675579619150816,0
2508,0.3675483934725388,0
707,0.3672785335366298,0
9023,0.36687631241655394,0
1995,0.3668657270629659,0
8992,0.3668069839179261,0
1115,0.36678056290084937,0
1102,0.3667778011200996,0
7036,0.36663476706090353,0
1881,0.36661714218150687,0
1950,0.3665672404534657,0
2437,0.3665548686507297,0
9102,0.36643796809469087,0
7289,0.3663760999111478,0
6060,0.36635169200386064,0
9034,0.3663168770504415,0
4410,0.3662948746702972,0
1093,0.36623778921654415,0
389,0.36621745472669687,0
8725,0.36619837403532357,0
6964,0.36619004223695056,0
4251,0.3661796833099913,0
104,0.3661448405736251,0
3089,0.36612040461304296,0
6063,0.3659654112032649,0
5615,0.36585197910520595,0
4037,0.36581877473541186,0
1524,0.3657621573264687,0
2609,0.36571307840255596,0
2030,0.3656612429186604,0
4375,0.36565903229191793,0
5741,0.3656155105472716,0
5554,0.3655289746823137,0
5890,0.36545705980697096,0
4981,0.3654326203231571,0
2258,0.3654223272346403,0
6799,0.3653626640170929,0
2666,0.36534375034180605,0
3455,0.36526533481579904,0
8673,0.36523883661586315,0
9834,0.36522354777123284,0
2482,0.3651425455109191,0
231,0.365135108925123,0
7205,0.36513200698003695,0
4911,0.3650752792760273,0
6973,0.3650152538840042,0
4730,0.36495100346963605,0
5643,0.3649336570194355,0
769,0.3648841940385165,0
2099,0.36486186794272013,0
808,0.3648430600853816,0
7840,0.3648022620160056,0
8941,0.36474512198333026,0
2450,0.3647450023460405,0
6013,0.36463218778665724,0
8269,0.36463211469383217,0
1272,0.36460839909078924,0
1004,0.3642997320286705,0
4244,0.3642576017059197,0
9404,0.36420020073342046,0
3860,0.3641199964990063,0
9431,0.36411064860672215,0
5235,0.36408896609763736,0
2785,0.36408726692004034,0
305,0.3640295724586243,0
6714,0.36390652963866815,0
7591,0.363899087393718,0
5975,0.3637804394394758,0
7630,0.3637730821919612,0
8794,0.36373938276304385,0
5548,0.3637095820554763,0
9017,0.36363452150942754,0
7065,0.3636212140870742,0
4581,0.3636206188868299,0
5627,0.3635761605781095,0
1497,0.3634867999536864,0
808,0.36347042206399244,0
9030,0.363463258922386,0
26,0.3634481604796184,0
987,0.3633409873176049,0
3479,0.3632991133513529,0
5913,0.36304413227482935,0
7959,0.3630353544728014,0
3714,0.3628675478390975,0
6002,0.3628593481298359,0
1088,0.36280699664538946,0
3816,0.3627788075394561,0
5502,0.36275542820785395,0
6751,0.3626958910356346,0
6600,0.36266766447869925,0
5492,0.36265672950351463,0
8311,0.36263541495015916,0
5143,0.3625315037016226,0
5161,0.3625152375622537,0
1046,0.36249956793802235,0
906,0.36248524886843014,0
3535,0.3624460285846191,0
6100,0.3624185148570821,0
8877,0.36240918963795427,0
5250,0.3623625396856832,0
8992,0.3623484504582914,0
463,0.3623318963608264,0
171,0.3623012566097089,0
5943,0.3622883607226826,0
7770,0.36225054812702046,0
4619,0.3622405192962028,0
7602,0.3621387341045531,0
505,0.3621185351712293,0
1096,0.3621183075047244,0
2220,0.36207602173931563,0
1056,0.3620720407178625,0
4967,0.3618674625364686,0
640,0.36186631128879504,0
4401,0.3618203362006516,0
1540,0.3617118666678806,0
6020,0.36169038349653215,0
2477,0.36168113078848846,0
2223,0.36167322340967195,0
283,0.3616083519198581,0
1533,0.3615800413830058,0
1341,0.3615465897948252,0
8939,0.36152804159860097,0
407,0.36151125732595774,0
6184,0.36144848911862343,0
1658,0.3613735712488044,0
3995,0.36131136820661763,0
739,0.3612852271160268,0
2131,0.36125031617642483,0
9176,0.3611638925519967,0
9029,0.3611281981915734,0
1829,0.3611189115550112,0
1712,0.36106232162620094,0
2487,0.36103256702910747,0
2120,0.36098669218064194,0
7119,0.3609718806134185,0
230,0.3609481121789462,0
210,0.360845191204243,0
6740,0.3607823123772709,0
3576,0.360692125931735,0
9921,0.36056823175868447,0
2553,0.36031773066353695,0
7061,0.3602222601348887,0
36,0.3601182153206254,0
1440,0.36008231971126076,0
2690,0.3600546388928745,0
2592,0.3599960997409038,0
6956,0.3599770719964573,0
1289,0.3599251585753322,0
5044,0.35983866555729577,0
6564,0.35965551090981895,0
4951,0.35962873837985665,0
4547,0.3596261698481899,0
4270,0.3595945857565159,0
4771,0.35952272826519377,0
7417,0.359486424597222,0
6051,0.35942828142719613,0
5397,0.35941153812533927,0
8216,0.35931209718890794,0
3044,0.3592587773781438,0
2566,0.35925362181166115,0
4226,0.35920205534171507,0
5346,0.3590789509741731,0
1571,0.3590641970596706,0
9733,0.3590371222764502,0
747,0.35897780491902737,0
8041,0.3589764274944047,0
7770,0.3587725228170041,0
3603,0.3587399227491626,0
6797,0.35862384772954486,0
9263,0.35861000153642053,0
9899,0.3584227682727661,0
357,0.35833987046394083,0
503,0.35832777411785777,0
4209,0.35827642238917407,0
6340,0.3582254868015703,0
7891,0.3581541522868369,0
9827,0.3580722700104324,0
447,0.3580470402399138,0
2931,0.3580295305442387,0
1112,0.357964761896693,0
2195,0.3579325219231509,0
7818,0.3579205605048184,0
6728,0.3578875116897476,0
3775,0.3578155442952172,0
367,0.357799646261155,0
7832,0.35773250176690163,0
6390,0.35769556469346386,0
5712,0.3576401850129801,0
9400,0.35763611375928733,0
1519,0.35762772547911587,0
6051,0.3575260660360628,0
340,0.3574803268111514,0
4826,0.35738125593947406,0
4825,0.35735950464605726,0
1651,0.35714964789261977,0
9669,0.3570362117532313,0
7397,0.35697195991546415,0
4451,0.3569050860049727,0
9054,0.3569011275444586,0
7125,0.3567934747938658,0
1881,0.3567520321848822,0
3016,0.3567426281519596,0
2549,0.3567397060965308,0
9314,0.35673394671257797,0
7001,0.3567073161035659,0
7517,0.35663742323864256,0
3204,0.3565767071481119,0
302,0.35654582323955025,0
6798,0.35645318679889637,0
3679,0.35635062668120543,0
2811,0.356212428196021,0
1617,0.3561927921507448,0
1956,0.35617662154753876,0
7383,0.356156273231174,0
9600,0.35605609955223183,0
2722,0.3559698602600182,0
4817,0.3559389649206671,0
9650,0.35593206737688166,0
8360,0.35592087972181063,0
987,0.3558571308062746,0
4168,0.3558335987888537,0
2775,0.3558027016447763,0
1973,0.3557884129528243,0
15,0.35576303901448225,0
3187,0.3557487452135099,0
3593,0.35570216209234445,0
8870,0.35558436473833704,0
2811,0.355525237421077,0
4516,0.3553808349247795,0
2892,0.35523037072057656,0
975,0.3550973864682018,0
647,0.35505711542011337,0
7523,0.3550175360096782,0
3116,0.354986070101117,0
9395,0.35491461359644444,0
9749,0.35489816676702846,0
8146,0.35473560728157055,0
675,0.3547060010114867,0
831,0.35470302232865075,0
1105,0.35470261178596885,0
1681,0.35468309576624674,0
9694,0.3546774418903796,0
6596,0.35464950034425996,0
5604,0.35462158697588303,0
1070,0.35460987785230036,0
2795,0.35458390346042645,0
3686,0.3545536665327607,0
8306,0.35450884024563756,0
80,0.35449172735439244,0
2096,0.3544416733745467,0
3849,0.3544394257756481,0
6497,0.3543574052781977,0
3616,0.35429100818332543,0
6525,0.35428697745504867,0
4713,0.3542774012690593,0
2124,0.35423804467820164,0
9858,0.354119131610407,0
7377,0.35410212727849466,0
8605,0.3540824905474588,0
694,0.3540445437224001,0
348,0.3540216932837714,0
8656,0.35396695608700235,0
1875,0.3539648260383717,0
1629,0.3539528412829468,0
1480,0.35393957804206067,0
2884,0.35393159021245174,0
686,0.3539110087829621,0
603,0.3538153365495621,0
2687,0.3537979810503351,0
1140,0.35373961438411805,0
8403,0.3537061796992929,0
3457,0.3536086758207583,0
8510,0.353581603203602,0
7488,0.35356886760842554,0
7886,0.35352714430507554,0
8255,0.35349694975948787,0
8837,0.35339607076278406,0
8098,0.3532852999235523,0
6212,0.3531643707220636,0
9756,0.3531539374338381,0
6628,0.3531489042499174,0
2757,0.3531193526952279,0
9212,0.35307789061686595,0
158,0.35307440341377966,0
5649,0.35304081375275786,0
56,0.3530259543204265,0
5762,0.3529562176060188,0
4133,0.35286607534934644,0
5446,0.35282620288360017,0
4774,0.35275736453753676,0
2252,0.35270709712437637,0
3772,0.3526010641288388,0
279,0.352561472196116,0
6237,0.3525166940511124,0
3754,0.35229822762800145,0
6551,0.3522847429809395,0
2285,0.3522237888308488,0
7254,0.3522176655226006,0
5460,0.35219059535193586,0
8013,0.3521831081106254,0
5979,0.3521565089535772,0
8810,0.3521551260084497,0
3214,0.3521310677555364,0
831,0.3520893554558888,0
7527,0.35208479681689653,0
4213,0.35208468120247954,0
8467,0.3520791363688222,0
1160,0.35200289430898,0
9362,0.35184802934952397,0
5584,0.35184621803045624,0
615,0.3517583048868721,0
6000,0.35170408050074176,0
5224,0.35163883686615743,0
769,0.35162491810449525,0
118,0.3515930638101008,0
8302,0.3515778419630913,0
3409,0.3515442619673611,0
1359,0.3514698828745291,0
5740,0.3514512714369386,0
8296,0.35129383489124816,0
9756,0.351235895799127,0
9208,0.351223056131657,0
6194,0.3510975879105294,0
6163,0.3510220446346007,0
658,0.350932483741052,0
8985,0.3508510871229822,0
64,0.3508115343214485,0
5022,0.3507829757334533,0
3253,0.35074879118716107,0
2989,0.3507420095643555,0
7377,0.35072048059856603,0
556,0.3506964850568406,0
8876,0.3506887814008245,0
6483,0.3506823224647563,0
9584,0.3506722241258762,0
6631,0.35052905359421815,0
4885,0.35046592497049894,0
8484,0.35044523924748844,0
7149,0.3503073213188423,0
1639,0.35027665261771695,0
278,0.3502496592839124,0
6483,0.3502000653697142,0
4323,0.35018857825082034,0
4998,0.3501793948423374,0
6684,0.350110531729607,0
3603,0.35010308447503197,0
1904,0.34997931780769437,0
8571,0.34995779291934653,0
6147,0.3499325188152085,0
2811,0.3498385846733297,0
5193,0.3498189238791705,0
9628,0.3498076443539769,0
6973,0.34972200062438324,0
8782,0.349705336839066,0
5634,0.3496923188638375,0
4603,0.3496343497213846,0
3283,0.34961221973772766,0
662,0.34955673491332595,0
1140,0.34952205493972,0
8052,0.3494821017604821,0
5559,0.34946630842415355,0
9217,0.3494230746487496,0
9974,0.34940838459490625,0
1658,0.3494010287802937,0
9614,0.34932079468123034,0
455,0.3492095629416035,0
2669,0.3490856763774127,0
8450,0.3490505340566291,0
4828,0.3490319781539235,0
5248,0.34902384332017017,0
5412,0.3490179727121806,0
2459,0.34896172561352307,0
7342,0.3489058605685899,0
2108,0.34885769788110177,0
2442,0.3488530679358054,0
9445,0.3487888718567053,0
7546,0.3487766178117845,0
2325,0.3487432600433042,0
9314,0.3485310437762241,0
7614,0.34848988376239176,0
3700,0.34845686366681095,0
8424,0.34835525137238693,0
7300,0.34830818491833027,0
3652,0.34830051601514855,0
256,0.34825229602155716,0
3373,0.3480628768157753,0
8877,0.3478869616669564,0
1375,0.34784003318358564,0
4445,0.34777049014478434,0
4865,0.3477309200655713,0
4038,0.3476989324260124,0
1317,0.3476430274965285,0
1540,0.34762230017207296,0
5863,0.34756093461690474,0
5015,0.34743442399602925,0
5500,0.3474292723647716,0
7507,0.3473969783618233,0
1359,0.34738942125044475,0
8173,0.34725784579833047,0
3864,0.34717917446535934,0
2220,0.34715458278639694,0
9857,0.347115332421856,0
9957,0.34703724128565894,0
1603,0.3470205399953671,0
1264,0.3468623980396252,0
4976,0.34678704451851156,0
8072,0.3467316105569004,0
6491,0.3467081806213942,0
1296,0.34668891177180144,0
2217,0.3464603220505371,0
6003,0.34645987252188387,0
198,0.3464303250740819,0
4927,0.34633397895332185,0
2986,0.346324491544008,0
4773,0.34616361524564815,0
9188,0.3461560970703566,0
4581,0.34613146689339086,0
4023,0.3460490208050301,0
193,0.34604876284156744,0
2117,0.34604676622133956,0
1682,0.3459875878205115,0
4251,0.3458688337975076,0
463,0.34585683161045294,0
854,0.34583511835270236,0
3473,0.3458091731686329,0
826,0.34574686090103957,0
456,0.34574152043006073,0
334,0.3457210008746917,0
3358,0.3456621524144129,0
7254,0.3455321750702834,0
9314,0.3454979848279547,0
7667,0.3454978814647634,0
8805,0.3454672490355063,0
4523,0.34538638546842293,0
661,0.34537903038054185,0
4394,0.3453090578792133,0
6550,0.345284198180341,0
7090,0.3452404463701867,0
8233,0.3452153894150852,0
2972,0.34508813615627326,0
4086,0.3450666440640621,0
6464,0.34501310220230136,0
6166,0.3449480180070575,0
8446,0.3449081710089263,0
5379,0.3448354691483104,0
1000,0.34475621352952407,0
2788,0.3446909254644191,0
8412,0.3446846150565355,0
6983,0.3446170978296246,0
2264,0.34459673961578763,0
5386,0.34458663007223156,0
3243,0.344566265684833,0
6411,0.34453428341268033,0
4115,0.344516054416871,0
9893,0.34444303267920007,0
7898,0.344354900220201,0
1024,0.3443032771644393,0
6615,0.3441040435624569,0
5630,0.34408003799427733,0
2452,0.3439797530081647,0
6912,0.34396170041451685,0
4733,0.34392846625074164,0
198,0.3438951729925681,0
5355,0.34385950867480813,0
6615,0.34380755904897187,0
8964,0.34377221350923065,0
4742,0.3436961636004699,0
7378,0.3436550442179942,0
8018,0.3435117763950622,0
6322,0.34350864444558926,0
7527,0.34343704902622185,0
9261,0.3433602556433368,0
3967,0.3432771889222278,0
529,0.3431075549574909,0
2621,0.3430966741389216,0
2775,0.3430769652617575,0
8287,0.3429865622672594,0
5224,0.34296127908333013,0
6584,0.3429563110361021,0
1027,0.3429024028906201,0
4935,0.3428684948896896,0
7611,0.34282881942874904,0
8605,0.3428175955449515,0
8937,0.34277552826823243,0
8544,0.34267780357661726,0
3707,0.34267545415385525,0
4320,0.34265094281443587,0
639,0.34255739029743637,0
6005,0.34254258120316117,0
4956,0.34250927058990194,0
9741,0.3425025091431815,0
3915,0.3422799323669401,0
7773,0.3422756534521919,0
2713,0.34226980030524234,0
1675,0.3422214679867442,0
3095,0.3422201600822237,0
1113,0.3421624968239242,0
5943,0.3421020329222364,0
6390,0.34207102173747417,0
7006,0.3418327362673869,0
34,0.34179148996799624,0
9501,0.34168313309662857,0
799,0.34160969861274804,0
2217,0.34157294590825005,0
3524,0.3415588253155867,0
8275,0.34152348145079836,0
9614,0.3415020354597884,0
5248,0.341453968081595,0
9939,0.3414501532639263,0
5325,0.34135563146523906,0
6797,0.3413246770646871,0
2291,0.341268438124702,0
4925,0.34120644404073913,0
5034,0.3411832754404499,0
7111,0.34107125037571623,0
4842,0.3410181427050124,0
2096,0.3409844126603971,0
9950,0.3408281669669984,0
9868,0.34069611244049525,0
2309,0.34059718419038154,0
7436,0.3405905568994799,0
8704,0.34057463453139686,0
1723,0.34054174842523727,0
9320,0.3405083974064145,0
6504,0.3404035423480278,0
5652,0.34035283169573033,0
2283,0.34032310679842276,0
4887,0.3403217817383713,0
588,0.34026994411073647,0
1173,0.34024434896011435,0
2058,0.3401934132011212,0
5464,0.34019178501079467,0
1762,0.34016674311637596,0
5033,0.3401637927605045,0
7733,0.34008242020675183,0
4919,0.340006583785934,0
6651,0.34000368190302865,0
2361,0.33992741080033884,0
2263,0.3399087248107902,0
145,0.33981394889489874,0
9671,0.3398063346136292,0
8906,0.33977015697374935,0
1231,0.3397521552314769,0
4382,0.33972741761048386,0
6272,0.3396998277534698,0
4643,0.3396579675904957,0
361,0.3396224371991384,0
7832,0.33959248947182974,0
7984,0.33956797058358684,0
1648,0.3395216205058896,0
2442,0.3393723201425646,0
5278,0.3393605662914747,0
525,0.3393580355225149,0
389,0.339306909891411,0
3253,0.3392738026910354,0
8247,0.3392145574918163,0
6053,0.3391742390597955,0
4471,0.3391686621027537,0
9006,0.33914529731833254,0
3301,0.33911760891495635,0
8618,0.3391110208878758,0
5177,0.3390900016002489,0
754,0.3389647485290422,0
6882,0.33893863642745903,0
3840,0.33890750416202525,0
2525,0.33884849754807633,0
2263,0.3388462281900802,0
3920,0.33878748255798247,0
6724,0.33871772543238676,0
2004,0.3386983396781004,0
4165,0.33866754226748985,0
2722,0.33865759124280265,0
6882,0.3386034002800835,0
4249,0.3385076492293042,0
4713,0.3384629998791143,0
3385,0.33844345042681523,0
5455,0.3381484218919803,0
5845,0.33804566737974917,0
6060,0.3380357957349276,0
4505,0.33799239558788474,0
8018,0.3379810663297899,0
7369,0.3379409081162548,0
8565,0.33791751097025124,0
2576,0.3378122459859055,0
8795,0.3378107360686334,0
4375,0.3377845378919953,0
6232,0.33778223588370254,0
4887,0.33762996499169706,0
2060,0.3375992163707146,0
9758,0.3375974003871029,0
799,0.33758176806629364,0
1975,0.33746332742570606,0
74,0.3373067794815374,0
5173,0.33726583319549613,0
9164,0.33719949254230547,0
5215,0.3371866123572579,0
7745,0.33717962381201483,0
80,0.3371390340980873,0
2083,0.337022962153723,0
9366,0.3369381049858542,0
5948,0.3368752217187824,0
7824,0.3367260827652083,0
7993,0.3367181653145467,0
3824,0.3367096640650428,0
6294,0.33666654358850395,0
7986,0.3366607220729251,0
8843,0.3364936616825345,0
9395,0.3364534400228814,0
8918,0.33641709826533045,0
6644,0.3363848765598111,0
3248,0.3362620644259443,0
5943,0.3362472511188528,0
1672,0.3361583918920737,0
2738,0.3360708539951604,0
6846,0.33597062820908297,0
198,0.3358883931741331,0
3501,0.3358457970438476,0
5543,0.3358342246997168,0
3588,0.3356901310287184,0
6419,0.3356867934200833,0
9684,0.3356830937265832,0
2557,0.3355912890684256,0
2357,0.33558386113690825,0
7634,0.3354845465939927,0
1203,0.3354821778126902,0
1112,0.33545197978945035,0
6914,0.33543819114610557,0
7653,0.33543548141942947,0
5979,0.33542480881482595,0
1098,0.33532881603913506,0
9238,0.3352845267032858,0
2094,0.33517307237887756,0
9724,0.3350536978241319,0
6844,0.3350372809597245,0
3057,0.33500451278029814,0
4870,0.3350014679798597,0
2617,0.334978441925213,0
176,0.33495405736293693,0
9205,0.3348760478866438,0
3772,0.33485807897941383,0
6630,0.33485707193621894,0
7543,0.33485005795568284,0
9734,0.3348393461842117,0
3826,0.33480112059234396,0
5475,0.33469466199192843,0
9034,0.3346872128909825,0
4294,0.3346450542289814,0
1563,0.33462186259055127,0
8712,0.3345821536511426,0
1705,0.3345681110825894,0
756,0.33452620306997816,0
3399,0.3344611523536695,0
3399,0.33443734010871257,0
2004,0.33442484159118163,0
8212,0.3343603895747754,0
9214,0.3342369220869952,0
5765,0.33418112635460706,0
6756,0.334149785157049,0
8935,0.3341050616359927,0
4018,0.3341035768299164,0
6160,0.33406298407816726,0
7607,0.3340621580989733,0
3659,0.33403073538331607,0
2811,0.3340192076726719,0
8256,0.3339988022803373,0
506,0.3339656622271219,0
3721,0.33396426249660416,0
1184,0.33394995218498863,0
2536,0.3338549722886918,0
685,0.33384893560232004,0
4134,0.33359642006950296,0
8622,0.33359592964336016,0
3934,0.3335826246091708,0
3399,0.33351039755361445,0
761,0.33347000141538535,0
275,0.33344227037261853,0
4406,0.3334380811596324,0
7615,0.33336688766495987,0
1089,0.33325066577994944,0
8632,0.3332392712015178,0
7306,0.3331724394106579,0
7481,0.33313771198955583,0
1264,0.3331297263682523,0
9371,0.33307943150627595,0
7904,0.33298525773339116,0
2854,0.33278791705340266,0
4990,0.332770834729591,0
4620,0.3326046630381412,0
1800,0.33256929553009856,0
694,0.3325042038356531,0
9650,0.3324288799518363,0
1571,0.33238418518767293,0
6067,0.3323798195813592,0
5993,0.3323506233189775,0
2066,0.3323370762022001,0
2133,0.3322493770700512,0
6093,0.33221144496476185,0
7824,0.33220645974545887,0
4005,0.33213828017663094,0
1950,0.3321351630764568,0
222,0.3321166521660132,0
187,0.3320751936287601,0
5024,0.33203395838115896,0
2133,0.33202764798712514,0
2442,0.33179566074244493,0
9909,0.3317676751425068,0
3141,0.3317489106519244,0
6712,0.33164908872250304,0
4639,0.33163886022685213,0
2873,0.33162710007943963,0
4956,0.33159863823677566,0
6100,0.33157586143999634,0
7788,0.3315423377211133,0
1296,0.3314666939257421,0
2096,0.3313139273348491,0
2692,0.3313074197982015,0
5049,0.3312820813633936,0
6246,0.3311841619700346,0
3587,0.3311832903259252,0
6143,0.3311384631114989,0
1784,0.33107416672300743,0
9012,0.3310559142770381,0
6978,0.3310496222875792,0
3679,0.33099636143265543,0
5442,0.3309469296063175,0
8526,0.3309444976158592,0
1119,0.330901615857852,0
3282,0.33077608703982925,0
4136,0.33065430454283834,0
2961,0.3306032746239614,0
815,0.33058743826322484,0
5607,0.33056424913756965,0
7053,0.3305403696326743,0
7782,0.33048805978034684,0
7474,0.33045183438524384,0
6615,0.33042054426353146,0
284,0.330327834022367,0
4627,0.330324814031086,0
3044,0.3303241542851147,0
2619,0.33028942591361504,0
3820,0.33019456215475446,0
8582,0.3301564691989437,0
1387,0.3300944729749004,0
7057,0.3300792111471925,0
4685,0.32998425929754416,0
6651,0.32990924288068696,0
332,0.32989325002790154,0
1814,0.32979305782334145,0
1173,0.3297486006951885,0
7057,0.32966792311565113,0
3244,0.32966279804326054,0
1937,0.32963767882569023,0
6384,0.32962683135665166,0
5381,0.32961344103094353,0
3532,0.32942246792384583,0
8767,0.3293607843556111,0
6789,0.32932693026745785,0
1576,0.3291811741310144,0
7832,0.32916033385257326,0
8025,0.32914136868325106,0
2267,0.3290599802913898,0
5396,0.3290445154205914,0
4603,0.32904233050272486,0
1757,0.32900818363174156,0
6909,0.3289677487072527,0
8817,0.32879192996776624,0
5860,0.3287860009354821,0
3253,0.32877615985293496,0
2473,0.3287681183460082,0
3549,0.32876441674655665,0
3281,0.32868551972063387,0
9047,0.3286606037585511,0
1221,0.3286432071751276,0
1065,0.32859776633251825,0
211,0.32857837848683247,0
4656,0.3285629229777153,0
9843,0.32855604158018253,0
9056,0.3285467983956301,0
8270,0.3283685272769197,0
6868,0.32824536253431374,0
5894,0.3281722687448242,0
7252,0.32811152469379207,0
5193,0.3280964851279253,0
9459,0.3278390668513339,0
9023,0.32781866052583386,0
8848,0.32780283473122623,0
138,0.32776604306508433,0
8305,0.327708511770329,0
9749,0.32769997401827017,0
8918,0.32764844325910636,0
8886,0.327626701672037,0
7093,0.32755422139434337,0
3925,0.3274764879752559,0
9134,0.32744978590594004,0
3377,0.3272474683061246,0
2886,0.3272412612372984,0
5853,0.32720692692861,0
7948,0.32714206966071036,0
9758,0.327136236037803,0
1296,0.3271209599753647,0
7319,0.327021589275627,0
4330,0.32699091808966685,0
6681,0.3269564708953304,0
2062,0.3269514375252147,0
302,0.32687984718564655,0
3630,0.32685062823543165,0
3824,0.32683073829576204,0
5538,0.32681124937501954,0
6100,0.3267159930577204,0
5699,0.3267153572547583,0
8837,0.3267097248373541,0
8178,0.32663613339333925,0
8571,0.3266144506270127,0
9542,0.3266129368893891,0
4782,0.3264960061009154,0
1610,0.32644884227100196,0
1326,0.32644720779736486,0
6615,0.3264470520801169,0
4138,0.3263710942590543,0
7813,0.32631652457004234,0
8013,0.32629532420738144,0
5557,0.3260647895802263,0
9203,0.3259811769635745,0
3641,0.3259635223448514,0
162,0.3259516535997362,0
2811,0.3259076134836575,0
6053,0.3258908942021265,0
3820,0.32586296980491536,0
1096,0.32566051307768057,0
4851,0.3256049628309274,0
165,0.3255738899998672,0
5891,0.32548425765126276,0
1590,0.32538799649492645,0
9970,0.32532738894392327,0
4444,0.3252378341403976,0
8383,0.32519953720971106,0
9075,0.32507985521041005,0
4055,0.324944618605099,0
5256,0.3248111408210827,0
3740,0.3248054858909468,0
9827,0.32473000376863015,0
1307,0.3246875018332266,0
3616,0.3246470028231569,0
8183,0.32452807347621615,0
2582,0.324468961660455,0
4831,0.324410161902884,0
3662,0.3243695303015277,0
6310,0.32435940058857543,0
4667,0.3243532349544732,0
8900,0.32430708108228784,0
9172,0.3242952178682935,0
2232,0.3241875972343525,0
5101,0.3240306905710764,0
4395,0.3239699731918886,0
9252,0.3239258585860798,0
4209,0.32385416431212605,0
4198,0.323785455001843,0
9518,0.3237724584640846,0
3893,0.3236725574325243,0
770,0.3236703113228388,0
7119,0.3236426231987631,0
7719,0.3236052769470769,0
6738,0.3236006087649068,0
5891,0.3235975395773316,0
3593,0.32336745110548315,0
3017,0.3232991160828766,0
5101,0.3232969125254008,0
530,0.32325778666199073,0
694,0.323192204028039,0
7733,0.32315505592338156,0
584,0.3231386903393519,0
7817,0.323110805012024,0
4089,0.3231085929855328,0
2656,0.323106101665171,0
4385,0.32307799407191934,0
4867,0.32301031361031085,0
3601,0.3229992512003811,0
7635,0.3229987885189621,0
3734,0.3229946814927837,0
7980,0.32293277902437284,0
5453,0.3229176380208568,0
3845,0.32289507121795447,0
7563,0.32288431418310937,0
8356,0.32284519924682675,0
7993,0.3227366917115399,0
6861,0.32273457199166644,0
6166,0.3227143337455579,0
6916,0.32268997584955894,0
8084,0.3226612571960765,0
2485,0.3226388316016981,0
5666,0.3225927628766691,0
4138,0.3225490308210756,0
3616,0.32253305532476695,0
9965,0.32244056452999453,0
8879,0.3224148164633565,0
564,0.32240049727137704,0
8488,0.32236535437425423,0
5221,0.322245840122873,0
247,0.32215682061881257,0
1898,0.32210408109529665,0
1773,0.3220721888484565,0
1098,0.322026204935695,0
6540,0.32200133831294525,0
7989,0.3219523196605477,0
8544,0.321883673186324,0
4733,0.32165974681370785,0
4163,0.3216272304943512,0
3422,0.3216051326977325,0
4134,0.3216006073003035,0
7965,0.32157224945252527,0
4595,0.3215493919036715,0
3257,0.3215427723522748,0
573,0.32141909224969883,0
7300,0.3213331887046505,0
8450,0.321323088967002,0
242,0.32126596444331307,0
2485,0.3210641327765452,0
4236,0.32090137868265445,0
3601,0.32088473609251356,0
5698,0.32081870609209273,0
7194,0.3207852815892043,0
3317,0.320784191245588,0
1916,0.32073192804939,0
205,0.32048408555485614,0
8736,0.32043188507742587,0
5800,0.3204229748133613,0
8452,0.3204189064415689,0
4917,0.3203584778886774,0
9208,0.32023722137216065,0
198,0.3200699440624418,0
4251,0.3200453842877992,0
4213,0.32001897746205205,0
1861,0.3200046590644693,0
4096,0.31999893396401785,0
733,0.3199730033912355,0
9723,0.3199603584022038,0
3850,0.31994660471711045,0
2744,0.31993899725304037,0
9657,0.31986041056263637,0
4448,0.31978508954493895,0
8417,0.3197292395005312,0
4173,0.31972180524024,0
1112,0.3195109284073907,0
7108,0.3194902076688941,0
9380,0.31945286516639815,0
7055,0.3194087692370564,0
7538,0.319373979771345,0
3360,0.31927327654922294,0
2823,0.319270723001578,0
4788,0.3192628529541919,0
2835,0.31920247106086125,0
1687,0.319190503938867,0
6069,0.31916529911596114,0
8777,0.319150849502734,0
9062,0.3190851418974642,0
6098,0.3190711074084872,0
2610,0.319005351539581,0
1810,0.3189973557605524,0
4375,0.31898142343257757,0
3362,0.3189758225286663,0
1657,0.31890400932611507,0
854,0.31876245694240857,0
2705,0.3186044079092922,0
6698,0.3184176754561456,0
5281,0.3183811108610064,0
1110,0.31835144756213474,0
4619,0.3183199110012047,0
6403,0.3183135706970254,0
4584,0.318253118607282,0
1869,0.3181407916320352,0
5326,0.31813846965308634,0
6053,0.3181304387773047,0
2572,0.31811849517337026,0
4971,0.31807393018738833,0
4417,0.31803074579641055,0
4643,0.3179169542990879,0
3548,0.3178306671497175,0
6365,0.317806804275896,0
6931,0.31778369969344517,0
3601,0.3177580390852433,0
3151,0.3177139632459274,0
3603,0.31760007190261597,0
3377,0.3175793120969463,0
5413,0.31749641955581986,0
9594,0.31742060168221997,0
2734,0.317374183162503,0
4054,0.31734048845872564,0
9385,0.31730822846215473,0
5114,0.3171805415184703,0
5451,0.3171477506376939,0
7035,0.3170699256924904,0
8624,0.31706682866966585,0
8443,0.31702047946048556,0
7882,0.31701094561555576,0
5416,0.3170090655826851,0
7325,0.31699184358184257,0
227,0.31681366136288047,0
8061,0.31680789347516164,0
5806,0.31669966656548615,0
2443,0.31669379795266356,0
7289,0.31662303193759833,0
1863,0.31654576663824585,0
8476,0.3165337918801074,0
8513,0.31652417186383175,0
4793,0.3165166302785797,0
7691,0.3164101246587687,0
3700,0.3162920739383235,0
2074,0.316231838370878,0
9139,0.31623170409150886,0
7112,0.3161977633985594,0
6995,0.31618835401684353,0
4356,0.31614713761674784,0
6082,0.3161396590061427,0
4378,0.3159802604407081,0
3781,0.31590752546539175,0
1221,0.3158687098104963,0
945,0.3156860694096128,0
781,0.31564410856720787,0
9165,0.3154779761619469,0
9333,0.31546090668629073,0
8999,0.3153975989299218,0
2525,0.3153718073335485,0
2771,0.31528214167973223,0
8814,0.3152552546468318,0
2815,0.31524335947020254,0
849,0.3151710004367166,0
5760,0.3151273630305075,0
6693,0.3151065169030285,0
3868,0.3150995448017505,0
4471,0.31509758615650185,0
6398,0.315008587570835,0
9403,0.3149424650255625,0
8648,0.31493124177747917,0
8476,0.31491515902351735,0
9946,0.3148774439789902,0
5928,0.3147658480763559,0
9171,0.3147572540090795,0
8417,0.31475084336937253,0
602,0.3147321128946905,0
60,0.3147035759912786,0
7032,0.314667404750433,0
9056,0.314646663157363,0
9451,0.3146258126489666,0
3855,0.31461253698142694,0
6013,0.31459746361300267,0
72,0.3145383353743756,0
2949,0.31452624159277054,0
400,0.3144961940540576,0
5251,0.31449447051456175,0
1884,0.3144942113890792,0
7818,0.3144290865156965,0
5809,0.31437696817679733,0
429,0.3142725056905194,0
7921,0.3142620955823012,0
9712,0.31425504907715696,0
7761,0.31420620271213145,0
5784,0.31417608613904946,0
6539,0.3141153124062322,0
7100,0.31409010730313724,0
6492,0.3140205478287458,0
4819,0.31401792187784616,0
5649,0.3139944838933555,0
4463,0.3139585613579347,0
556,0.3139382279935681,0
4823,0.3139165177425563,0
9650,0.313906513689428,0
7390,0.31388615602782405,0
5043,0.3138528824639766,0
5651,0.3138386469255385,0
5423,0.313792257965442,0
5651,0.3137846184563947,0
7995,0.3137328615863791,0
4409,0.3137093606125464,0
2218,0.3136876475313862,0
4430,0.31364037737451184,0
1440,0.3136043585445327,0
1717,0.31357794894761304,0
8060,0.3135448931206596,0
1060,0.3134102724616427,0
8919,0.31338492618626357,0
7848,0.31338052357219454,0
8311,0.3132968226122319,0
1563,0.31328625555303463,0
1521,0.3131825131037308,0
3315,0.3131569570648701,0
3091,0.31313932094564695,0
3755,0.3131268065576072,0
2401,0.31305656841163576,0
2970,0.3129858459601389,0
241,0.31298184597022843,0
1000,0.312974705599205,0
3095,0.312970133151737,0
7744,0.3129593234771943,0
731,0.31288796190601753,0
589,0.3128352807201573,0
423,0.3128079747045788,0
962,0.31278729346049206,0
4055,0.31276517372430457,0
3340,0.3127616888755801,0
962,0.3126847689483677,0
1878,0.31268145650560003,0
7809,0.3126678317005561,0
6384,0.3125829732435977,0
5874,0.3125766494612672,0
389,0.3125628460420879,0
3630,0.31256049399254804,0
3592,0.3125115620541143,0
60,0.31245111873928577,0
2070,0.3124421267086533,0
411,0.31243125270091376,0
398,0.3123921983764423,0
9689,0.312363394898904,0
3905,0.31234194057561504,0
2026,0.31232820267272665,0
9254,0.3122364475900031,0
9758,0.31212877816694173,0
7042,0.3121104714177782,0
7053,0.31204491234528436,0
9914,0.31203264003411263,0
3593,0.3120231606096219,0
9172,0.31198733688924385,0
5538,0.3119123588849575,0
1245,0.31188270706726795,0
9829,0.3117519600562236,0
1242,0.3117391115451329,0
8452,0.3117322517781869,0
3403,0.3116989290369115,0
809,0.3116540275696661,0
3959,0.31162925202308706,0
9997,0.3116200747739553,0
1326,0.31161797186225476,0
1135,0.31157774364346197,0
4067,0.3115482720317556,0
9162,0.3114708091329487,0
2701,0.3114547648162244,0
5713,0.31145231452129074,0
1093,0.3114227924380543,0
1657,0.31135808236994467,0
7533,0.3113165480332394,0
4508,0.3113002967089713,0
3684,0.3112135227712138,0
5632,0.31118775150511535,0
2523,0.3111865621735102,0
2180,0.3111338628637706,0
55,0.3111026962822328,0
7214,0.3109993946322294,0
5637,0.31099072709109277,0
9914,0.31096589180984296,0
9221,0.3108738221888669,0
1284,0.31086632665226904,0
1032,0.31082770863912307,0
541,0.3108130374331437,0
8709,0.3107961241723189,0
6548,0.3107772560666824,0
151,0.3107591194460358,0
5423,0.31065315646850394,0
875,0.31042958009291916,0
7510,0.31037954427569975,0
2037,0.31027785879640907,0
8763,0.3102382701077807,0
6705,0.31021617886711256,0
2180,0.3101411648555997,0
4409,0.31013262132733443,0
6272,0.3100600165600289,0
439,0.31002320382219195,0
7496,0.30988358504570646,0
2094,0.30986310548334467,0
379,0.3098564860720754,0
2802,0.3098292754802626,0
7191,0.3097983396728489,0
7448,0.30978694004819013,0
7361,0.3097256481820498,0
7530,0.30966547951388085,0
3603,0.3096338087345209,0
9488,0.30959496119139235,0
7993,0.3095009050232906,0
4852,0.30936921388347444,0
2654,0.30936214868856365,0
3635,0.30934252159669395,0
4605,0.30931976476823764,0
3780,0.30922465028315727,0
4326,0.30908435889828195,0
7406,0.3090576544264676,0
4010,0.3090331611810844,0
2485,0.3089746273535321,0
7025,0.30896745708556356,0
4147,0.3089536717094346,0
6529,0.30886635701140835,0
7846,0.3088200602793949,0
1973,0.3087071232494208,0
8029,0.30867907373503445,0
9537,0.30858127835273685,0
6597,0.30857892907433493,0
1687,0.3085727351934257,0
6710,0.3085708671008025,0
2743,0.3085507150784538,0
5048,0.3085096571824132,0
2094,0.3084976534982013,0
3965,0.30845118416291495,0
4490,0.30832862922134896,0
169,0.3083142550772234,0
8467,0.30820296123163266,0
6754,0.30820171876679575,0
1719,0.3081378518110403,0
3973,0.30807811862386275,0
4656,0.30806452833624703,0
7760,0.30803647645712495,0
2859,0.30797885283672105,0
9470,0.30794205760658233,0
1418,0.30793095730876285,0
8807,0.30786076619559805,0
7760,0.3077548768767277,0
7170,0.3077219454462371,0
9189,0.30771436071332153,0
1919,0.30766638344007347,0
57,0.3076148739380771,0
3110,0.3075615797114958,0
469,0.30755138758012535,0
5114,0.30750459834489485,0
4244,0.30747820823526834,0
4031,0.3074715856640296,0
4096,0.3073857450171675,0
6911,0.3073836357110206,0
3838,0.30720995468953244,0
5326,0.30713017387690583,0
6517,0.30709563162930054,0
2990,0.3070736422944314,0
1060,0.3069759731031492,0
1756,0.3069716777651429,0
1544,0.3069593862125524,0
705,0.3068642512657097,0
7543,0.30684371768892504,0
2496,0.30681447012906066,0
5379,0.30680538108288635,0
9162,0.3067952405449695,0
573,0.3067651878867845,0
2727,0.3066555247079047,0
9204,0.30663696924842754,0
8605,0.30659066718636724,0
5404,0.30655486109429575,0
2525,0.3065199096476136,0
8349,0.30650933352684906,0
5534,0.30646684503016314,0
1033,0.30641311601464666,0
4012,0.30628227002751873,0
9452,0.30626530754056064,0
4643,0.3062343182552527,0
6762,0.30622350528406733,0
6584,0.30612942961361694,0
8013,0.3061057526315143,0
8697,0.30609542500667825,0
9631,0.30595398905127946,0
7025,0.3058097944693417,0
9438,0.3058045199493008,0
4403,0.3057984394254947,0
1566,0.3056442056401945,0
3493,0.3056240711714197,0
5489,0.30559866946766606,0
6329,0.30557487462221977,0
1797,0.30555845477815646,0
3407,0.3055326325251792,0
5568,0.30547933289373147,0
2659,0.30545756533986507,0
5326,0.3054288275758266,0
9670,0.30537617006212303,0
2957,0.30531282160028833,0
4733,0.30516006412451646,0
8794,0.3051219808589913,0
2117,0.3050930707994595,0
6844,0.30508209689970434,0
3066,0.3050338193415504,0
2485,0.30501641975251076,0
2495,0.304963833669753,0
7719,0.3049435935179842,0
6909,0.3049273243862154,0
7236,0.3049222922086128,0
2605,0.3049187618394755,0
1955,0.30489391588326514,0
6331,0.30485870508454027,0
616,0.3048541680667509,0
9775,0.3047966484446053,0
8714,0.30469338638075105,0
4378,0.30460816528383433,0
3882,0.3045939431848314,0
3002,0.3045565085096352,0
5538,0.30449817017926356,0
3594,0.3044606442312521,0
7215,0.30445967070253094,0
2958,0.30443983476073594,0
8153,0.30436438953337097,0
7684,0.3043609261275494,0
6682,0.3043013331046027,0
4236,0.3042728129967346,0
2481,0.3042678883396784,0
9107,0.30422353097115407,0
6166,0.3042028573212739,0
7855,0.30410281135712697,0
3151,0.30409995939463996,0
8358,0.3040727605361738,0
8452,0.30405897694746187,0
80,0.3040112720222192,0
8013,0.3039580781982712,0
206,0.30393039372069264,0
8892,0.3038945996011102,0
9540,0.3038636458132016,0
9630,0.30381388877102067,0
966,0.3037668262896066,0
7809,0.30361208448026894,0
6005,0.30357483415174663,0
170,0.303553076961395,0
5460,0.3034249735290872,0
8390,0.3033603422568229,0
9744,0.30329669395602354,0
660,0.3032743263910323,0
6945,0.3032529325640013,0
7846,0.3032349552535544,0
4465,0.3031484854612232,0
4084,0.3031109979424068,0
9956,0.3030510383027539,0
4416,0.3030311923515624,0
132,0.30302758847606026,0
7138,0.30300431377407144,0
2041,0.30296242378235727,0
8622,0.3029450932467913,0
3781,0.30289570786986797,0
5073,0.30289198239223514,0
1215,0.3028508260090944,0
1820,0.3028474391502131,0
429,0.3027507268690995,0
7144,0.3027161240605801,0
3095,0.302709158532204,0
7183,0.3026857295125605,0
3619,0.3026841887872214,0
6091,0.30267386538173935,0
1778,0.3026606831953281,0
6555,0.30263419783625234,0
7461,0.3026006797062015,0
9815,0.3025905217880378,0
6688,0.3025473877828161,0
8178,0.30244643873757737,0
4173,0.30242846266347423,0
9820,0.3023958539132245,0
6251,0.30231550205980356,0
9612,0.3022516333380593,0
1231,0.30218537187799693,0
1127,0.3021584478937298,0
559,0.30214459598056137,0
9929,0.30213155182632107,0
4251,0.3021241400442806,0
4409,0.30207785692953176,0
3232,0.3020542283735968,0
7918,0.30205364518753486,0
5011,0.3019793301276659,0
5570,0.3018777414968935,0
2232,0.3017887435457427,0
5308,0.30175065896781605,0
1705,0.30173193580335056,0
7809,0.3016847785448526,0
5487,0.30162149677419026,0
6144,0.3015948124731477,0
9511,0.3015350956532213,0
2345,0.3015106235265491,0
9099,0.30149337216206873,0
6607,0.30142262344957127,0
4523,0.30137053022670474,0
747,0.30132538341524456,0
2173,0.30127826247609535,0
2878,0.3012714825913174,0
9189,0.3012471993878292,0
1106,0.30122848060158763,0
3973,0.3012058922915882,0
5255,0.30120366473545285,0
7370,0.30109271466963594,0
8803,0.3010486899764607,0
7434,0.30094702976544574,0
8680,0.3009413926853408,0
5753,0.30086423225276,0
5838,0.30086123553101457,0
646,0.3008152679914561,0
5311,0.3007860278433634,0
4508,0.30073753534640596,0
2059,0.3007287704102821,0
6461,0.3007107305023324,0
2724,0.30069292520701085,0
5777,0.30068105265566586,0
7574,0.30064494205236053,0
6107,0.30064055253173994,0
9024,0.3005918056645448,0
8513,0.30059145844772994,0
2888,0.300572243417164,0
5585,0.3002484287928378,0
747,0.3002138841903735,0
145,0.30019267894136775,0
6909,0.3001772481505619,0
244,0.3001348694247361,0
8241,0.30006965971336974,0
9488,0.30000009352873386,0
920,0.29993692959680496,0
535,0.2999331284785377,0
1525,0.29990688954658484,0
8452,0.2997680006104625,0
8698,0.29973908117178266,0
9799,0.2995969024526372,0
1123,0.29959163064372424,0
9935,0.2995523933465931,0
4794,0.2995400687145154,0
6477,0.2995287829167771,0
2906,0.2994984108677259,0
4012,0.29944153821666425,0
9809,0.29940702438148664,0
9006,0.2994018484614756,0
3782,0.2993474313517895,0
1655,0.2992190011287918,0
5842,0.299189927593074,0
9875,0.2991722383683389,0
7890,0.29905856803332825,0
564,0.2990378053830377,0
6978,0.299034503052441,0
9936,0.2990029721956039,0
4652,0.2989721904932262,0
4320,0.29894885081787737,0
7111,0.2989157977923625,0
7370,0.29888814177642076,0
2300,0.29885655573426717,0
530,0.29880846987464826,0
7144,0.298769975471822,0
9809,0.29876218218740874,0
7323,0.29871005955849694,0
4597,0.29868859102136697,0
62,0.2986675362192473,0
1124,0.2986484583020476,0
7998,0.2986300192211732,0
97,0.2986208701506948,0
9107,0.29853594211682116,0
811,0.298436995092868,0
9260,0.29833012745601467,0
9204,0.29830783651625187,0
8705,0.2982682140553247,0
5352,0.29818328115458353,0
932,0.298126224843104,0
8698,0.29809702852571385,0
3747,0.2980342708543441,0
1712,0.2980093697709909,0
242,0.2980040721249728,0
5789,0.2979671744454151,0
9838,0.2979322412045069,0
4183,0.29780902622669575,0
5503,0.2978040050482638,0
4161,0.2977487026977758,0
8509,0.29761242384864683,0
4574,0.29758517754782327,0
5088,0.29753043505523086,0
7342,0.29752003249352277,0
2051,0.29749953220145237,0
3734,0.29749618932339,0
2943,0.2974961840027918,0
2931,0.29747149652115046,0
6139,0.297425090485597,0
6755,0.297414262359434,0
5570,0.29737837592393707,0
4670,0.29737569628232213,0
1935,0.2972703152180287,0
2768,0.2971485237548468,0
2194,0.2971071908206853,0
132,0.29704903166995517,0
9142,0.2970073132771869,0
548,0.2969808942628667,0
9173,0.29690390797657207,0
591,0.29686919713134885,0
4052,0.29682561150688075,0
2471,0.2967706981741009,0
8159,0.29676429495466167,0
4163,0.296757587730041,0
3576,0.2966695279088968,0
7921,0.296604287432117,0
1799,0.2965614373485597,0
1907,0.29651925623346426,0
7995,0.29648102052250225,0
1686,0.2964190543783588,0
3857,0.296400477898645,0
1909,0.296351654519435,0
3560,0.29634652371327425,0
7194,0.29632139504375515,0
5135,0.2963210059831931,0
3684,0.29631806304277275,0
3912,0.29625671262724373,0
7958,0.2961940345557603,0
2589,0.2960753590871456,0
3792,0.2960715960102913,0
3907,0.29590802563766144,0
5288,0.29585676940703615,0
3860,0.2958024619390381,0
3811,0.2957039937649906,0
5515,0.29569940208508366,0
4499,0.29566202591392604,0
937,0.2956095023730724,0
8935,0.2956063380796804,0
9815,0.2955650477777629,0
686,0.29556215105447087,0
9445,0.2955433995008737,0
8383,0.2955257206654197,0
646,0.2955182118973696,0
171,0.29548885461076296,0
5567,0.2954811133912689,0
7142,0.2953896114625086,0
934,0.2953748071296597,0
578,0.295308230520769,0
2726,0.2952720121665922,0
6933,0.2952717161162,0
5690,0.2952490548163627,0
170,0.29524765814642745,0
3362,0.29521796285212965,0
4668,0.29520157883635056,0
2037,0.2951926662284107,0
9184,0.29518765187790663,0
7893,0.2951625442244654,0
7659,0.29514383224905744,0
6989,0.2950219730669876,0
4460,0.29500317416304705,0
4490,0.2949983953693833,0
275,0.29493896888559923,0
2246,0.29491627974787693,0
4581,0.29490316032706,0
7021,0.2948356001886314,0
4412,0.29470521210320993,0
8116,0.2947011163003441,0
3411,0.29464551378874054,0
2770,0.29457109153371275,0
5853,0.29441432556368835,0
3227,0.2940554143896691,0
7354,0.29402823432854497,0
4242,0.2940130050758116,0
6692,0.2939940809740454,0
1722,0.29397098693858253,0
3489,0.2938898437167127,0
4833,0.2938825257750766,0
7506,0.2937695427094152,0
3254,0.2937385623039315,0
371,0.2936838492613974,0
7724,0.2936732168227298,0
7287,0.2936121557552975,0
2701,0.2935260513406508,0
3307,0.2934934604091857,0
4886,0.29339598176573695,0
9561,0.29323713308337457,0
6584,0.2932190418434371,0
8490,0.2931954007376847,0
8821,0.293163684660582,0
357,0.293146738924346,0
1477,0.2931457915215234,0
4884,0.29313395979084467,0
3207,0.2930947850564125,0
6209,0.29305746776326386,0
6469,0.2930337161614438,0
5504,0.29302576229420174,0
4064,0.2929890184222397,0
5720,0.2929767382965391,0
5416,0.29291726100652266,0
3155,0.29281993750502844,0
9961,0.2928189770193899,0
9710,0.2927885547854441,0
3381,0.29272806527334455,0
3921,0.2927192800349803,0
9270,0.2927177179717363,0
8621,0.2926842249416854,0
2417,0.29267209765969526,0
6727,0.29263310659443637,0
9388,0.29261847829875814,0
2973,0.29261195550401004,0
440,0.2925933666549827,0
4963,0.29245585152044584,0
8879,0.2924483271242326,0
7868,0.2924271744471017,0
1679,0.2923915446017546,0
4706,0.2923592462552075,0
1123,0.29233470002992634,0
9626,0.29218834429670976,0
7846,0.29217634524182673,0
4537,0.2920988458706174,0
7055,0.2920567158598098,0
1682,0.29204244774931837,0
1803,0.2920144500909148,0
3534,0.29198914465313575,0
1559,0.29198285626162057,0
5581,0.291946735125436,0
6594,0.2918579229197488,0
3530,0.29175112869538333,0
3296,0.29174248389478624,0
7021,0.29172892292239233,0
6023,0.2916540224308685,0
6826,0.2916454598882033,0
731,0.2914758260066157,0
5687,0.2914436236608493,0
62,0.2914007574798776,0
1908,0.2913154166174306,0
1721,0.2912522645778794,0
2084,0.2912392814322163,0
4396,0.2912095474569664,0
8744,0.2911865928960012,0
1081,0.29111989902599,0
6086,0.2911190324402759,0
6680,0.29097237333211595,0
4681,0.2909079463717981,0
4886,0.2907396034707348,0
1638,0.2907374430242472,0
4751,0.29073034515199386,0
9106,0.2906669137630434,0
7928,0.29063053312726256,0
9542,0.29058264278501156,0
6110,0.29051501761174364,0
181,0.2905099134447656,0
9457,0.2904625747141026,0
4249,0.29038233232209804,0
8276,0.29037242571567995,0
4709,0.2902836844538067,0
2760,0.2902565432271496,0
5145,0.2902409831416664,0
8578,0.29024089741714215,0
406,0.29018808444352956,0
5835,0.29016366374177116,0
2806,0.29013728223443225,0
9577,0.2901240129061036,0
973,0.2901046232070766,0
7724,0.29005764476077,0
556,0.2900252197066657,0
5173,0.29000829374359394,0
4765,0.289969720646799,0
6047,0.2899618366251159,0
6462,0.28992573728831583,0
4623,0.2899231939061141,0
8779,0.28988229065651705,0
6094,0.28985917129615024,0
8101,0.2898212178127334,0
5449,0.28977162272870954,0
3284,0.28976501290150886,0
4572,0.28973430368499964,0
3269,0.2897246800158722,0
4812,0.28969090499637634,0
1974,0.2896737368012737,0
7533,0.28962221883016,0
1026,0.2896086558273093,0
5846,0.2894924150231477,0
1135,0.2892929537457996,0
6964,0.289271707672301,0
5956,0.2892622173122717,0
7383,0.2892340906833016,0
2109,0.289111298773798,0
7274,0.28899825453468,0
3061,0.28891575972819583,0
511,0.28881316845723504,0
4537,0.28874661188604056,0
5037,0.2887449343754908,0
9421,0.2886800453006745,0
5600,0.28867991183459774,0
6128,0.2886593042854818,0
7677,0.2885662466845319,0
2436,0.2884621989976648,0
1871,0.28832593479103497,0
6184,0.2883126189376692,0
3445,0.28829576868990864,0
9713,0.2882575011349113,0
7623,0.2882131379487588,0
7433,0.28808853790342936,0
535,0.2880630781215199,0
5893,0.2880523948499433,0
4217,0.28789460034220665,0
5651,0.2878693487196608,0
2524,0.2878639431915407,0
6360,0.2878038363698554,0
4198,0.2877273769560636,0
8218,0.28772339009883824,0
2641,0.2876762655929685,0
4574,0.2876455531082575,0
4679,0.28762945793644407,0
5777,0.2876171223499974,0
8369,0.28743865066512014,0
1164,0.28741310570178713,0
4056,0.2873759306751995,0
5721,0.2873164440509345,0
2685,0.28730963965810574,0
2850,0.28727691830537067,0
4244,0.287169738685947,0
1449,0.2871394405781249,0
5412,0.2870986138943965,0
5040,0.28708268423153316,0
2966,0.2870813130912662,0
4768,0.2869977219754727,0
8893,0.2869155733488677,0
6951,0.28689857830779564,0
5001,0.28689139885120585,0
6853,0.28689057408579766,0
7942,0.2867333037553419,0
6688,0.2867162350088247,0
1214,0.2866644179063756,0
5367,0.2866470958616725,0
4042,0.28644880621026836,0
470,0.2863801149344395,0
9459,0.28633445872987034,0
9873,0.28632926820350907,0
2048,0.28627138802718466,0
7841,0.28616207105322833,0
8616,0.2861306184345763,0
5740,0.2861021329892541,0
5961,0.28601032346215227,0
3549,0.285978443500341,0
9024,0.2859650267923425,0
6358,0.28594273152595184,0
556,0.2859249647738578,0
6069,0.2859073599983799,0
3754,0.2858663112102302,0
7113,0.2857505431431275,0
4404,0.2857489944565076,0
9550,0.28572107257126816,0
3335,0.2856157277379874,0
6656,0.2855511070785825,0
3276,0.2855284762740396,0
2972,0.2854506415726474,0
7219,0.2854412936444218,0
929,0.28540217043773985,0
854,0.28536577530498985,0
7364,0.2853354879130524,0
8444,0.2853276093720741,0
7841,0.28532462501700995,0
4115,0.285213475752545,0
6550,0.28518847771472094,0
9303,0.2851241080230033,0
9961,0.2851134851777767,0
3745,0.28506637201830287,0
8797,0.2850650471445562,0
26,0.2850281773969151,0
8973,0.284964168993965,0
4547,0.28490217250087324,0
563,0.28489070595625277,0
8303,0.2848902195312045,0
875,0.2848563908656502,0
1470,0.28484163460290896,0
5489,0.2847869053781027,0
6826,0.2847046750785128,0
7205,0.2846925070594225,0
316,0.28465648195402865,0
9688,0.2844987066169811,0
4683,0.2844692144126537,0
4648,0.2843870066833671,0
7978,0.28433168803262543,0
133,0.2842590194791168,0
7352,0.2841495169750695,0
169,0.28408573644985485,0
8763,0.28402012825781636,0
548,0.2840153224180591,0
8216,0.2839918685680055,0
2141,0.28398266425416785,0
4681,0.28392700215705413,0
8177,0.28390618809507717,0
8243,0.2839020800352145,0
4784,0.28386581405411326,0
3362,0.2838063958977216,0
1504,0.28380357119906513,0
559,0.2837518854796285,0
4648,0.2837030743595933,0
8602,0.2836528349674656,0
9756,0.28361894880983973,0
2127,0.2835999611292953,0
3176,0.28345079472012735,0
6495,0.2834170229578077,0
4615,0.2834086708038959,0
4118,0.28331996856744696,0
3588,0.2832546422966504,0
6510,0.28321077887368856,0
1032,0.2830595751941678,0
3752,0.28293886196213736,0
6830,0.28292606118367164,0
8797,0.28282692219156885,0
1538,0.2828268335547565,0
4018,0.28270126873759277,0
5429,0.282640306898334,0
9855,0.2826159998451698,0
6444,0.282615557210411,0
8340,0.282606980022103,0
3460,0.28256535800407345,0
751,0.282491243364498,0
2171,0.2824428122441213,0
9499,0.2824395900583014,0
5095,0.28243876132655,0
3420,0.2824071170930529,0
1790,0.2823889432855292,0
8059,0.2822748104528391,0
7127,0.28226745523389957,0
1090,0.282174451594997,0
4917,0.28217434142714803,0
5997,0.28216434264447865,0
4763,0.2821534191511132,0
4768,0.28205495645344664,0
7364,0.28192806436829004,0
7255,0.2819251932857318,0
2964,0.2819108301514059,0
1150,0.28187227236429485,0
3223,0.2818454692680066,0
315,0.2818368615666491,0
5293,0.281823599645495,0
2599,0.28179441563040625,0
8425,0.2817887155316277,0
145,0.2817878178097457,0
5914,0.2817546247650318,0
1670,0.28174711685427495,0
8705,0.28172966411332884,0
9467,0.28169233833180146,0
3924,0.2816441212017593,0
6084,0.2816381902569803,0
3431,0.28162806278871316,0
7194,0.2816128226535208,0
1678,0.28154613903157355,0
3952,0.2814398836155673,0
9752,0.28141177309790927,0
3788,0.2813070899033515,0
2586,0.28114093580203164,0
3512,0.2811373748389461,0
2528,0.28109510196702936,0
4737,0.2810219311313843,0
6635,0.28091680618298454,0
3388,0.28087719799556343,0
3059,0.28082598803561093,0
1454,0.28080571865878307,0
9171,0.28079458787963324,0
3146,0.28078348893663796,0
7354,0.28074459613651886,0
4985,0.2806301509395918,0
2048,0.280614438164346,0
6176,0.28051042334860316,0
7862,0.28049415471814615,0
2209,0.2804504256145714,0
4778,0.28026179731232265,0
4610,0.28019531395178854,0
6886,0.28019376596434586,0
1650,0.2801495092793366,0
4147,0.2800261172297479,0
1820,0.27999980360246207,0
2632,0.2799633308983907,0
6193,0.2799337381290087,0
6050,0.27992081899068,0
4042,0.2799096474101385,0
6817,0.2798872866169799,0
3110,0.2798651889582723,0
2355,0.2798225231312025,0
1053,0.2798031692478977,0
5661,0.2797993806124942,0
4513,0.2797635680417195,0
4061,0.2797084496854071,0
3264,0.27967710935222934,0
9316,0.2796659718381912,0
9331,0.27963119335687947,0
2605,0.27958728471715333,0
4295,0.27956696893887734,0
2819,0.2795510034554737,0
7025,0.2795295383668539,0
4054,0.2794841082366866,0
6246,0.27945088996964573,0
101,0.27944663797942104,0
7191,0.27943751159215796,0
1207,0.27939050244479685,0
6755,0.2793898642863967,0
9077,0.2793392555167315,0
6811,0.2793250141448898,0
8343,0.2793140246217478,0
3563,0.2793073066143473,0
9752,0.2792659180086856,0
5994,0.279210338072538,0
6083,0.2791937758440253,0
2124,0.2791367139429163,0
9330,0.27912692364140146,0
7097,0.2791204716438551,0
3253,0.2791196255244673,0
3854,0.2791127693825412,0
2864,0.27904291238123713,0
1566,0.2790399903970659,0
2080,0.2789459460476598,0
4330,0.2789285157604579,0
909,0.2789133697383876,0
5215,0.27886059347638004,0
6161,0.27880085457761283,0
8274,0.27877320211241136,0
1955,0.27872814666148366,0
4942,0.2787191482485363,0
8288,0.2787031076865793,0
4108,0.2786956434176992,0
4011,0.2786466237554602,0
5518,0.27864293605676016,0
3517,0.27861151204092627,0
4067,0.27860836180315524,0
8788,0.2786020529931602,0
1497,0.27857468127915996,0
1285,0.2785679610528817,0
5102,0.27845546366054974,0
4981,0.2784061691658909,0
6281,0.27835304933576627,0
1092,0.27833465877935565,0
5661,0.27827353844662334,0
2453,0.27826618164020617,0
9333,0.27824509750177323,0
5006,0.2782171813886469,0
838,0.27816767889649346,0
6082,0.2781501078708544,0
3594,0.27798700416923544,0
7931,0.2779695536268794,0
1234,0.27795785439539616,0
8080,0.2779053365731159,0
2436,0.277862778472867,0
7149,0.27785224683012116,0
6549,0.27784474761905353,0
6646,0.2778206295467328,0
1337,0.2778010872058678,0
2734,0.27779140012862436,0
4819,0.2777140600868294,0
5034,0.27766520898457814,0
5795,0.27752897177157515,0
6690,0.27751046620236963,0
9765,0.27749247444999897,0
5139,0.27737391127665745,0
8727,0.27730162047248713,0
7366,0.2772907001823524,0
2234,0.27727368263830426,0
3951,0.27725275227631796,0
3991,0.2771739831037156,0
9765,0.2771229085528916,0
8101,0.27709816919260594,0
6419,0.27696319576026124,0
1164,0.2769428124471355,0
6079,0.276936210245836,0
619,0.2768977855794682,0
6058,0.27687444148814444,0
5345,0.27684404661153617,0
560,0.27678457299999,0
3071,0.276774635196977,0
2339,0.27671982062546924,0
8515,0.2766491734829402,0
6799,0.2765983448036759,0
8186,0.27655340649527377,0
3420,0.2765332718293607,0
8083,0.27651415638513077,0
5241,0.27649405306411134,0
371,0.27646823169907825,0
5914,0.2763666156103034,0
8690,0.2763610228322289,0
8485,0.27631385172063866,0
7958,0.27630543057309415,0
3142,0.27629440225152774,0
2155,0.2762513659467845,0
7097,0.276235922365801,0
742,0.2761833338638434,0
4096,0.2761585159608325,0
4981,0.27609348653786087,0
6304,0.2760639594486885,0
2990,0.27605906275191494,0
4064,0.27603448211892834,0
1353,0.2760094522446531,0
222,0.27599908948191626,0
3395,0.27599227657268743,0
7364,0.2759664751692962,0
1918,0.27593621071947266,0
7178,0.2759241277375064,0
2707,0.2758955390576496,0
7800,0.27585085781373314,0
6911,0.2758432155050549,0
5116,0.2758245315569701,0
6404,0.27582232948178936,0
5679,0.275803007757747,0
8153,0.2756941292555202,0
9966,0.27568256476671604,0
7178,0.27564264699357205,0
3903,0.27564222123050924,0
1344,0.27562583704145877,0
6467,0.275623551128772,0
6181,0.27557885914521596,0
4680,0.27555480365142526,0
240,0.2755256002179736,0
8301,0.2754452706667787,0
2019,0.2753998899248611,0
6431,0.27528105891796084,0
28,0.27519972513239743,0
406,0.2751725605614887,0
9808,0.2751708595256778,0
6608,0.27512453482392846,0
3826,0.2750963615765328,0
910,0.27500341623555047,0
1576,0.27499531847614395,0
3973,0.2749815370805166,0
8567,0.27498015382856283,0
3934,0.27495038888863266,0
4857,0.27491128232894424,0
9967,0.2748822402825387,0
5272,0.2747803385464468,0
7464,0.2745188908993449,0
3634,0.2745071747955987,0
9571,0.2745059681622589,0
9812,0.27447421937069216,0
5484,0.2744616138970455,0
8825,0.2744469136279433,0
6849,0.27437491343106374,0
255,0.27435943450559125,0
8409,0.274342699816015,0
8185,0.2742316978657835,0
4916,0.2742187488062944,0
6531,0.2741461522837902,0
4704,0.27413753584064116,0
4084,0.2740393532001229,0
6027,0.2739893998866215,0
6718,0.2738986537179419,0
1980,0.2738699096980551,0
8564,0.2738234044743666,0
9707,0.2737209574261352,0
401,0.2737102192908847,0
1131,0.27366327288168113,0
649,0.273549463276397,0
8568,0.2735277609839939,0
9546,0.27350348563356264,0
5888,0.2734180947288171,0
3549,0.2733396320593989,0
6608,0.27331723720932716,0
9713,0.2732678472444423,0
4782,0.2732522658678949,0
9511,0.2731893719675549,0
698,0.27316653558440934,0
5530,0.27305827058278365,0
5960,0.27303809960771164,0
7803,0.2730345160258535,0
3745,0.27300913766454604,0
2464,0.2729272121034329,0
4818,0.2728864626265894,0
4891,0.27287224091735895,0
5441,0.27286840883055974,0
4326,0.27286830970755177,0
9022,0.272844040986915,0
6398,0.27274720604232566,0
9416,0.2727380042977018,0
8935,0.27273433508805767,0
2298,0.27273114400631854,0
6336,0.2727111884568529,0
131,0.2725921782467939,0
255,0.27256046520196103,0
4240,0.2725467550514018,0
1559,0.27244961725231787,0
1655,0.2723345869304466,0
9331,0.2723203757723849,0
4770,0.27231881531188357,0
6312,0.27231523193189,0
7887,0.27230519091508787,0
9401,0.27220979692007363,0
7019,0.2722029393715563,0
8591,0.27211109339520634,0
9698,0.2721084727635107,0
1378,0.27206328048725686,0
7497,0.27204076544439293,0
6325,0.2720024428008652,0
2133,0.27191621912786884,0
7270,0.2717215424965522,0
7169,0.2716611213319484,0
9568,0.27165450844320344,0
2144,0.27163768524161297,0
1127,0.2715567581615164,0
631,0.27153199049885,0
3687,0.2715223972510671,0
2050,0.2714823901479901,0
2446,0.2714591313477476,0
5299,0.27139402540181023,0
5088,0.27139286847373334,0
9022,0.27135423221948834,0
874,0.2713105063275907,0
5415,0.271273694168233,0
4990,0.27116285126904527,0
856,0.2711392045472788,0
4751,0.2710663260831497,0
4888,0.2710647800379599,0
808,0.2710034517526575,0
7702,0.2709718605521989,0
614,0.2708889006816717,0
4539,0.2708616178913953,0
8197,0.2707922747367712,0
8779,0.270664961076793,0
7887,0.27064372913209817,0
7108,0.2704306255187909,0
4266,0.2704092234774693,0
3992,0.2703836719738307,0
3852,0.27036807986367883,0
9166,0.27036758496605307,0
964,0.2703387331103836,0
9566,0.270273209806396,0
1337,0.2702246329539925,0
132,0.2702193676322217,0
4303,0.27011662632005534,0
4981,0.2701007056425661,0
9084,0.2700825955537883,0
1380,0.27003390291791846,0
5623,0.2699531651710565,0
1522,0.26992612522131987,0
4359,0.26991006470332163,0
6310,0.2699083749083678,0
1918,0.2698977494133869,0
5006,0.269886298805182,0
4593,0.2698427272862118,0
5788,0.2697952243070329,0
2500,0.26978875584874235,0
863,0.2697665183177329,0
5582,0.26974903150469676,0
1680,0.26974681721968435,0
4687,0.26967362807479145,0
8788,0.2696574430396695,0
7478,0.26965188561448256,0
5205,0.2695885326805583,0
8482,0.2695669687337541,0
4844,0.2695165268398394,0
8254,0.2695127609747931,0
5200,0.2695090743441498,0
5208,0.26949454065865286,0
8102,0.26948027762770727,0
3045,0.26947146825942025,0
5241,0.2694519375088144,0
3550,0.2694357017357933,0
8978,0.26941435658908647,0
5377,0.2693771011728999,0
9961,0.2693174422029505,0
6550,0.26930926438205494,0
6621,0.26926487247553665,0
2897,0.2692569557459526,0
5301,0.269221033916552,0
8744,0.26921465661373406,0
5760,0.26917156071368825,0
363,0.269131113212135,0
2548,0.2691199328395228,0
651,0.26910393111297937,0
1364,0.2690922286543788,0
3404,0.2690353087526096,0
248,0.2689892040984631,0
3923,0.26897413809538767,0
5109,0.2688923021017419,0
138,0.2688381818802817,0
2762,0.268807427369178,0
6632,0.26879621007959187,0
789,0.268786444638311,0
9857,0.26876478890967,0
1634,0.2687576800102758,0
6545,0.2686829320768195,0
453,0.26867723541427907,0
7079,0.26867632226893506,0
9832,0.2685966558176903,0
4959,0.2685900216746624,0
3792,0.2685698202838586,0
7645,0.2685622946837815,0
5567,0.2685271483549542,0
9421,0.26852336325644816,0
9670,0.2685014709586342,0
9420,0.2684992046412513,0
7296,0.2684591785499769,0
9752,0.2684496256181605,0
5534,0.268415888628364,0
4648,0.26838704435805494,0
2760,0.2682455080270135,0
1322,0.2682408064206388,0
9665,0.26823465976418404,0
562,0.2682101884217989,0
548,0.2682010649097171,0
4577,0.26816398417417475,0
1014,0.2681638549714311,0
8603,0.26814118260738196,0
7219,0.2681097179513502,0
1327,0.26809275320572623,0
7369,0.2680216527099892,0
4174,0.2680024029435153,0
6023,0.26797948627334783,0
4004,0.26797822185004994,0
7796,0.2679224550628429,0
5443,0.2679181891173452,0
1790,0.2678986910484409,0
2206,0.2678757776725344,0
3847,0.2678411117293349,0
5299,0.267835511317241,0
1650,0.26781728470612,0
2039,0.2678113334640726,0
2065,0.26780052132106585,0
5994,0.26773132049458487,0
7557,0.2677277406244554,0
2750,0.26771133208569103,0
4884,0.2677074841403987,0
5752,0.2676603236650216,0
375,0.2675690052550188,0
1807,0.2675664223488311,0
4357,0.2675242810173346,0
7387,0.26745632426279903,0
1171,0.2673728782016927,0
2048,0.26728261998624636,0
3990,0.26725521135372005,0
7274,0.26723943698446073,0
9237,0.2672390323670062,0
9136,0.267213455572911,0
3659,0.26720981494077795,0
8717,0.2672061503580739,0
4175,0.26719361727660895,0
6058,0.26711056574543124,0
2604,0.26706540550543306,0
7843,0.26695759601331137,0
7100,0.26693882691059656,0
8793,0.2668981246233008,0
1627,0.26683401730547435,0
6356,0.26679301793688304,0
2080,0.26677712056149877,0
4938,0.26675167143722583,0
6551,0.2667086385642398,0
4690,0.2666221943057686,0
3687,0.26655156273983405,0
3769,0.2665425704354943,0
7570,0.2664623258599537,0
6992,0.26645028753354016,0
6260,0.26638407118389396,0
3905,0.2663460642760143,0
5071,0.26633312388669744,0
3769,0.2663312045409455,0
3941,0.26631505583671805,0
6693,0.26627275790680205,0
1522,0.26627108211730655,0
7342,0.2662384463642531,0
4683,0.266232906999348,0
4055,0.2661892963127387,0
5779,0.2661445414230988,0
5095,0.2661337668801361,0
5522,0.26609731811635384,0
5283,0.2660425969798664,0
7522,0.26603493703407133,0
3,0.26600384909638897,0
6079,0.26582181998381904,0
8727,0.2658149340052569,0
6469,0.2657957118255467,0
602,0.2657671863416478,0
3231,0.26572298308255515,0
2397,0.26571381880857015,0
1353,0.2657095167796757,0
2978,0.26569692148982405,0
8429,0.26564640348743873,0
5042,0.2656088102052389,0
5905,0.2654749358151262,0
1712,0.2654520934777896,0
5044,0.26544870214216887,0
507,0.265433162134989,0
5299,0.2654114137151339,0
5901,0.26534993658936734,0
3720,0.26524048361441754,0
8081,0.26513075953688975,0
9832,0.2651216995468451,0
5024,0.26511507918743094,0
9787,0.2650723653817023,0
2110,0.26497887481760973,0
4765,0.26497629584867105,0
2839,0.26487566135594365,0
5852,0.2648241413062865,0
7457,0.2647547875319767,0
1656,0.26475462572928593,0
3126,0.2647068630616164,0
2056,0.2645569180643266,0
2080,0.26450903444826734,0
2207,0.26446988356496987,0
3,0.2644610303334509,0
681,0.2644474333769638,0
8080,0.26443447548099847,0
616,0.2644091482212414,0
4849,0.2642954440122961,0
7530,0.26424467632074794,0
1747,0.2642186978874603,0
9308,0.2641944338108302,0
209,0.26417532567286295,0
6260,0.26415654833013785,0
3847,0.26410999696291326,0
1371,0.26408132874372486,0
6047,0.26387878629234435,0
7775,0.26387117717340897,0
7567,0.26386425699407917,0
6049,0.2638482826944324,0
6690,0.26378861680532684,0
9984,0.2637021887231238,0
3210,0.2636948704458367,0
5713,0.26361408498803013,0
9889,0.26352401636044953,0
5849,0.26338225018644507,0
966,0.2633574312605745,0
9752,0.26319740174704004,0
6151,0.26317627760619783,0
3171,0.26310250709788185,0
211,0.2630079723676342,0
9712,0.2630068816080991,0
8377,0.2629675536627828,0
1175,0.26293368788487254,0
2582,0.26286037845249566,0
8736,0.2627994249714085,0
7817,0.2627830324378074,0
4022,0.26276412558719886,0
7019,0.26275925046886095,0
2744,0.2627424488563284,0
2881,0.2626673460755001,0
5472,0.262578732129873,0
6003,0.2625678599023761,0
717,0.2624888059576419,0
6448,0.26248858694448673,0
4046,0.26240534027997664,0
7693,0.2623859731689827,0
7320,0.26238594851316643,0
3592,0.2623364192818119,0
5195,0.26229688063142254,0
4780,0.26229078125786653,0
5922,0.26227019345533503,0
2124,0.26224610037357293,0
7259,0.2622234602062433,0
3094,0.26222221721506467,0
1863,0.26220294134593425,0
5552,0.26217022785682226,0
2968,0.26216950748844614,0
5180,0.26215518563249146,0
9324,0.26212976536940596,0
4748,0.26211170961143065,0
2721,0.2620700183783435,0
5377,0.2618861183485696,0
3865,0.26187770409242617,0
1832,0.2618448390070686,0
1009,0.26176296973110547,0
942,0.26173866247411537,0
6529,0.26172850107721607,0
5567,0.2617205032337225,0
8780,0.2617157293517087,0
1566,0.26166650462217894,0
5034,0.261579314093449,0
1778,0.2613516466858307,0
1935,0.2613450920220551,0
1391,0.261340421496401,0
3171,0.2613264041101806,0
7956,0.2613226678560146,0
7073,0.26129873325334513,0
304,0.26127701173995843,0
9351,0.26127622391471217,0
6456,0.26127347176799587,0
5516,0.26124136504933954,0
5135,0.2612400067336221,0
2316,0.26122890190679,0
5747,0.2612192693301641,0
8680,0.261206286952431,0
5102,0.26118796233906394,0
4164,0.261064740953847,0
5235,0.26105260669984176,0
5900,0.26095405228933677,0
6027,0.26095177615491594,0
3014,0.2609337376528423,0
2038,0.260933182223392,0
7328,0.2609150452138782,0
8575,0.26088122414347015,0
5283,0.26084276322774896,0
3300,0.2608222163704757,0
24,0.26081672541151046,0
1136,0.2607897114154128,0
909,0.2607666872269497,0
45,0.26073325646013307,0
3570,0.2607057730548963,0
6484,0.2606840010005951,0
685,0.2606791902666957,0
2797,0.26065613757275924,0
8069,0.2606441064394014,0
2206,0.2605417454561163,0
3284,0.2604846757201626,0
6929,0.26044805920402875,0
9085,0.26036920173633477,0
2548,0.2603418582519578,0
1015,0.2603163908091266,0
2855,0.2602539806514631,0
8482,0.26020203826103955,0
3551,0.26016191931500643,0
7944,0.2601590455079591,0
2456,0.2601461711755071,0
2599,0.2601309416715571,0
845,0.2600929262459058,0
6718,0.26008600593626413,0
1920,0.2600648472285509,0
2996,0.26002730363749754,0
8254,0.26000543273464577,0
2495,0.25997712872293854,0
1655,0.2599269606168049,0
1268,0.2598607079102322,0
5445,0.2597645301999599,0
3228,0.2596938887001288,0
7782,0.25969233956748683,0
8477,0.2596524552093449,0
7856,0.25954681356288706,0
6490,0.2595211966767949,0
730,0.25949410289780067,0
5444,0.2594184020955911,0
4915,0.2593867692556325,0
7724,0.25934493971494266,0
6431,0.2593323945045347,0
414,0.25919213405882,0
4910,0.25916027502149874,0
661,0.2591295790476458,0
4883,0.25907956777216606,0
2193,0.2590261644765967,0
9467,0.25899821732114303,0
4709,0.2589437416586559,0
6854,0.25886174072832596,0
1059,0.2588243124332147,0
4593,0.2587909469614771,0
3517,0.25875415946137503,0
7982,0.25873083967590427,0
1790,0.25870570245864744,0
6281,0.2586738535997343,0
5400,0.25863375621451234,0
2230,0.2585664651883586,0
3702,0.25845358686999026,0
9673,0.25843141864420566,0
9568,0.25841262691600075,0
4886,0.2584003999623234,0
8788,0.25837139545195714,0
4259,0.2582945165793808,0
6158,0.2582110112225917,0
4915,0.25809068875135033,0
7013,0.25806100076374017,0
9077,0.25801576617566885,0
4412,0.25799748447424686,0
441,0.25799032712917774,0
2722,0.25795470255521796,0
966,0.25794971575587794,0
7467,0.25787405893800247,0
4583,0.25779239881159044,0
2345,0.257781707949427,0
8321,0.2577743728674667,0
563,0.2577638390490396,0
189,0.2576977159708161,0
4206,0.25769317247922485,0
8691,0.2575479930193048,0
8767,0.2575385947914273,0
6622,0.2574517696113282,0
507,0.257373689951674,0
6592,0.25733439709472467,0
1680,0.2573285978593114,0
3292,0.25728360736454337,0
4326,0.2572535440780479,0
6769,0.2570363591505559,0
8035,0.25699913680092185,0
865,0.2569900458615612,0
4634,0.2569892551432637,0
3526,0.2568429656550675,0
9914,0.25675056871378954,0
910,0.25673499388637117,0
4231,0.2566791892564077,0
6817,0.25666646859258635,0
1986,0.2566617282841671,0
101,0.25663405186967536,0
2306,0.2564441895973679,0
8390,0.25639646761862284,0
2760,0.2563808439454703,0
7568,0.2563699571622056,0
1261,0.2563664408809865,0
6257,0.25631242997086834,0
7715,0.25625172200665963,0
3146,0.25624983298083925,0
5799,0.2562488737818364,0
4095,0.25622811628862036,0
9061,0.2562134069566575,0
8881,0.25618179511251854,0
7881,0.25608855615636544,0
942,0.2560642874799993,0
300,0.2560606200483166,0
7575,0.2560065082640088,0
8875,0.2559642321872974,0
5729,0.2559614424969432,0
3514,0.25595442896678006,0
6077,0.2559101654242046,0
1131,0.2558983906656403,0
2858,0.25585705428588035,0
1979,0.25579884048277984,0
9004,0.25579023046192206,0
2300,0.2557601542289701,0
1711,0.25568924879592936,0
8512,0.25567308366774405,0
7280,0.25562224781137627,0
1462,0.2555922643404927,0
8230,0.25555054482427764,0
9323,0.25541159919663775,0
3333,0.2553637521168807,0
1274,0.2553348775056179,0
7172,0.25529481452835756,0
1325,0.2552506870393197,0
6431,0.2552235426027965,0
3151,0.25517940810940115,0
6256,0.2551643368793228,0
3459,0.2551136345189391,0
4627,0.2551043231606867,0
8899,0.2550925741608068,0
7507,0.25504160809282944,0
9610,0.2549804385009509,0
6679,0.25497011482976084,0
6911,0.25496807974461155,0
8482,0.25495405205641714,0
9318,0.25494419517261413,0
6951,0.25486802084535987,0
3129,0.25484904857543017,0
5858,0.25481155922252335,0
5893,0.25474287636933046,0
1832,0.25470161444013145,0
31,0.25467056667401733,0
3669,0.25464656842937744,0
4679,0.25460658248677714,0
2041,0.25458140914649746,0
8274,0.2545577921097348,0
1127,0.2544674570925424,0
6189,0.25446461206798565,0
6568,0.25444468521215247,0
7148,0.2542277231576944,0
2080,0.2541746294788979,0
1245,0.2541684717793031,0
2146,0.25407023516757493,0
9730,0.254044114173058,0
6820,0.25400075057816685,0
4709,0.25377637035539835,0
8789,0.253746207365799,0
9805,0.2537378869183279,0
2888,0.25370682263353267,0
4930,0.25369714635899654,0
253,0.2536750448861106,0
9302,0.2535565717825685,0
2707,0.25353590695037864,0
34,0.2534926568012141,0
4634,0.2534892575100848,0
4574,0.2534861899811036,0
8439,0.2534118057923489,0
6089,0.25340183783567066,0
2345,0.2533640093274771,0
4589,0.2533350513883765,0
9301,0.25320345165525027,0
5618,0.2531166476757766,0
8070,0.25307450782987434,0
9912,0.2530010344169322,0
5558,0.2529506241211443,0
9361,0.2529209211093395,0
4327,0.2529199294017884,0
4316,0.25287297427192607,0
2599,0.2528726369732501,0
7790,0.25280544216710504,0
6467,0.2527789079314995,0
303,0.25276630787020843,0
6693,0.25275650505820835,0
2957,0.25273374194658527,0
1363,0.2526549456737316,0
2808,0.25256124957939863,0
3769,0.2525522410310819,0
2102,0.25237729694171196,0
9115,0.2523317079788553,0
4919,0.25227184119035756,0
8444,0.25221511374294964,0
6120,0.25219905309498664,0
2762,0.25218862204750353,0
9851,0.2520707424476814,0
350,0.2520305068668704,0
1170,0.2520131244151663,0
2228,0.2519977297013124,0
5587,0.2519856961667033,0
5028,0.25186802829289046,0
3171,0.2518658964871842,0
7657,0.25182641418263085,0
6047,0.25182393862370706,0
539,0.251752234100707,0
4154,0.25170113984911074,0
8542,0.25166696267027877,0
3920,0.2516475828830729,0
778,0.2516305843996341,0
3941,0.251594003838305,0
2351,0.2515604748544443,0
2425,0.25155421536865535,0
2206,0.25155215520990604,0
4714,0.2514162379354902,0
7115,0.2513785363991578,0
8552,0.2513130649713013,0
1754,0.251270570608711,0
2345,0.2511676720434761,0
3756,0.25116161774812473,0
1986,0.25114636077562913,0
7404,0.25112364602745196,0
3791,0.25096159660904105,0
3680,0.25095315937597323,0
8130,0.25093037855559525,0
6769,0.2508803741174191,0
2966,0.25084942570886504,0
9358,0.2508168744953259,0
7643,0.25081264569411893,0
8703,0.25079640291583477,0
5116,0.2506291937446056,0
5340,0.2506151624131353,0
3468,0.25060801655320636,0
3300,0.25053792123040985,0
9618,0.2504899694848908,0
6502,0.2504620323384988,0
2489,0.2504497241830866,0
8621,0.2504495199433539,0
2154,0.25042881443460574,0
6963,0.25040617411753857,0
350,0.25034875356753356,0
4780,0.25033874584407817,0
5037,0.25030003169567816,0
7841,0.250298024497365,0
2142,0.2502874529175585,0
69,0.2502676363600032,0
1175,0.2501953813149771,0
637,0.2501891244846369,0
6203,0.2501765229535847,0
4589,0.25015739597750913,0
1886,0.25013373608443984,0
142,0.25011767053542,0
8200,0.25007055976305903,0
9002,0.2500297232507077,0
2643,0.24999595524397428,0
6104,0.2499703166914594,0
4701,0.24993720260621494,0
1530,0.24990569874186333,0
7165,0.24984660233274467,0
6001,0.24981560515057327,0
6213,0.24979671333702852,0
9469,0.24971829438920168,0
1436,0.2497002153364275,0
6832,0.2496783884369835,0
1707,0.24962097233338848,0
3521,0.24956689614159502,0
6095,0.2495528864102011,0
7107,0.249549733987231,0
2202,0.24950178332262052,0
9906,0.24945704495864737,0
3375,0.2494536496275316,0
5344,0.24942021827049843,0
4560,0.2494114145690677,0
2853,0.24932592497695064,0
3091,0.2492684144223706,0
1728,0.24923629664471927,0
7817,0.2492059037559837,0
4375,0.2491486484609982,0
390,0.24913733649690706,0
3550,0.2491191378887317,0
6664,0.24910791825303438,0
2006,0.24909197027221086,0
414,0.24903534150100012,0
9181,0.24902363723765225,0
7806,0.24896823782234068,0
8752,0.24895797432126407,0
3937,0.2489062124926989,0
4015,0.24888436430132233,0
961,0.2488574304530428,0
2819,0.24882655385652122,0
9794,0.2487635027034945,0
9323,0.24871772998126565,0
3888,0.2486776612984782,0
7087,0.24859545140264383,0
4259,0.24856661052752863,0
8806,0.24851946721752413,0
1738,0.24848485706054063,0
7529,0.24847747085888205,0
1334,0.24846276150226287,0
7570,0.2484148076509004,0
3796,0.24841439650126812,0
7479,0.24827562534947645,0
4589,0.24826295107889104,0
6351,0.24823209086432077,0
1852,0.24817334630837876,0
5433,0.24815418582244245,0
9534,0.2480250147081163,0
5428,0.2479890034015597,0
4709,0.24787088578735267,0
224,0.2478591094756239,0
4472,0.24783135823713792,0
9156,0.24778339396236962,0
6105,0.2477109897494051,0
9657,0.24768896757900263,0
5450,0.24767461120503287,0
1602,0.2475839122030431,0
3838,0.24756991178045412,0
4408,0.24755331907469014,0
2773,0.24754693056636115,0
600,0.24750384829648464,0
7013,0.2474380112169499,0
7539,0.2474366021445202,0
8501,0.24741241929841376,0
2176,0.24739740468419913,0
7451,0.24739230573356483,0
1579,0.24737655374757306,0
1521,0.24732360813505783,0
8773,0.24731311223558608,0
7294,0.2472559706235286,0
8241,0.24724347773812239,0
6517,0.2472216674277341,0
1247,0.24721367053976837,0
6359,0.2472098343869218,0
494,0.24720912815406743,0
9600,0.2471890397191261,0
1602,0.24714389906072992,0
5411,0.24709068588644034,0
9407,0.24707694429967447,0
4331,0.2470740574423857,0
1787,0.2470114649591789,0
8715,0.24697803340246932,0
2002,0.24694609158509628,0
4394,0.2469278895521021,0
5901,0.24692377938403393,0
2882,0.24683700272516795,0
3526,0.2468241647915326,0
8705,0.2467876062870009,0
8241,0.24673452161206016,0
3250,0.24660188050724677,0
545,0.24658752999357164,0
2213,0.24651113973205954,0
3998,0.24649123658851047,0
3030,0.24644955010262323,0
5462,0.24644184532012095,0
545,0.2464240189579204,0
2193,0.24634469053336777,0
1105,0.24628112977142935,0
8303,0.24626893497821853,0
7760,0.2462198926181716,0
6462,0.24619294777216064,0
2353,0.24613203556687704,0
2522,0.2461223809471018,0
1475,0.24606720675111063,0
1949,0.24592536615500973,0
7396,0.24587507419458188,0
6090,0.24587240499053556,0
8935,0.24586703377131824,0
5434,0.24586096426797838,0
1999,0.24584420756882405,0
539,0.24577987800030715,0
1456,0.2457201917341,0
8546,0.24568667555237383,0
29,0.24562681517857815,0
396,0.2454601816314464,0
2368,0.2454410655536984,0
5411,0.24539058926356325,0
4260,0.2453502641382426,0
6681,0.24534769603313664,0
4872,0.24532062558370343,0
4636,0.24525058274173483,0
7908,0.24523809637326094,0
4985,0.2452311789801564,0
1322,0.24519484400161273,0
7390,0.2451720162310571,0
1337,0.24514812360204233,0
3782,0.24514767689096567,0
6870,0.2451277054098432,0
7326,0.24507414840648592,0
7539,0.24506927567529121,0
5925,0.24506766034806235,0
4412,0.24503245176845934,0
4074,0.2450213998718069,0
9093,0.24499170092681818,0
3296,0.24483257877912037,0
3627,0.24475259974744565,0
804,0.24474942224435223,0
2667,0.2447425041933016,0
2091,0.24469362322342383,0
9046,0.24468962195110058,0
1483,0.2446749580244448,0
9415,0.24465302636186037,0
1868,0.2445805050918864,0
9166,0.2445348564862767,0
5983,0.24440484022958028,0
2631,0.24435605815983785,0
4772,0.2443385379267381,0
8429,0.2442894468061299,0
1778,0.24422727302315922,0
1347,0.244170698008492,0
8899,0.2440221806045622,0
1424,0.24396617155164751,0
9458,0.24391681015904185,0
2823,0.24387881962472277,0
4240,0.24382078564332563,0
2489,0.24381777600924115,0
3738,0.24376109846098318,0
8728,0.24375576786794553,0
5116,0.2437074773594788,0
8419,0.24370404077351474,0
4180,0.24368943109138388,0
3326,0.24351981501847425,0
8738,0.24351622078571672,0
3747,0.2435107533103425,0
9917,0.24347886071898686,0
4373,0.24345925058533022,0
7918,0.24339892544724945,0
7597,0.24328741494110923,0
6074,0.24326350785878703,0
1863,0.24324214930619015,0
8905,0.24322422883460995,0
1147,0.24319181445803673,0
2742,0.2431698987445295,0
4714,0.24315551657699455,0
2404,0.24313429960968286,0
77,0.2431196694530103,0
887,0.24311447814566664,0
3462,0.24306434501590748,0
1674,0.24300771563164925,0
8149,0.2430048745144246,0
2957,0.24295628125551688,0
7083,0.24284845568818625,0
8455,0.24284487903459528,0
6001,0.24277835239698242,0
753,0.24274734578919546,0
7396,0.24274405057348056,0
933,0.2427407011725331,0
1364,0.2427359481687863,0
7052,0.24273284860743027,0
7900,0.24266879013538417,0
5532,0.24264381706758403,0
1424,0.2426187470994076,0
6369,0.24259000055852337,0
6043,0.242571025352762,0
3076,0.24254233530791428,0
9778,0.2425183701855743,0
9907,0.24251590627992306,0
2230,0.24250074785172068,0
6533,0.24249744039550233,0
1987,0.2424939562895654,0
1256,0.24249101864344447,0
7987,0.24249070457064537,0
1408,0.24242363930351396,0
7979,0.2424178100675817,0
6329,0.24240721067738932,0
6350,0.24236706892166557,0
8799,0.2423665528158777,0
3279,0.24235505078703581,0
9199,0.24234771893456583,0
6260,0.24231482524951825,0
3769,0.242300389076794,0
5888,0.24228125132280762,0
7758,0.24227674351784503,0
326,0.24220925157237888,0
4431,0.24214312760574977,0
5956,0.24207983050612705,0
1973,0.24206348510072626,0
5401,0.24204940096275915,0
2552,0.2420383486279831,0
7758,0.24202244266563402,0
992,0.24184118611834832,0
1171,0.24179526425456296,0
3185,0.24178995635326025,0
7059,0.24176899637039,0
411,0.2417499702522383,0
7717,0.2415705734139838,0
2522,0.2415674585294088,0
2213,0.24142398483734512,0
1064,0.24141222231763917,0
4086,0.2413932546282868,0
4046,0.24131361655551686,0
5098,0.24129994682422512,0
7479,0.2412273991839307,0
5852,0.24115292638981947,0
6136,0.2411367512280699,0
4523,0.24113003540512168,0
8829,0.24108851395438438,0
113,0.24108844406412194,0
2995,0.2410847793085952,0
8804,0.24106374671824443,0
4785,0.24103599250597188,0
7052,0.24103533466916358,0
3827,0.24101201546725473,0
3919,0.24099901267752755,0
1754,0.2409699208389086,0
3145,0.24090623026979213,0
1721,0.24088748407624577,0
7546,0.2408704740101663,0
2146,0.24086916900361766,0
6642,0.24085601768945997,0
3685,0.24081392175640282,0
9889,0.2408062706736455,0
8546,0.24080298588132582,0
8287,0.24071150522346355,0
8728,0.24071115247874628,0
9546,0.2406252238932682,0
304,0.2405623430093622,0
3756,0.24055337529553855,0
8437,0.2405217894160843,0
8715,0.24035279371798637,0
7888,0.24031129601056078,0
9042,0.24021962496466379,0
3671,0.24010139137520778,0
5462,0.24009084916108145,0
1308,0.24006921259676411,0
7740,0.2400517022876931,0
9600,0.24000880080081924,0
6257,0.23999383467778296,0
4708,0.23995794416164845,0
3090,0.23990468278542068,0
1396,0.23980376563146452,0
8550,0.23973571509115776,0
2410,0.23971920034014832,0
7213,0.23968765271305548,0
2615,0.23967781735791174,0
9522,0.23966520900108632,0
1935,0.23964413601133222,0
2016,0.23962578673336535,0
2742,0.23961668105554476,0
209,0.23946242743039695,0
9441,0.23941530626464255,0
8200,0.23935934097857225,0
9667,0.23934975386390425,0
3445,0.2393441044439848,0
7286,0.23927368646367222,0
766,0.23924488770702024,0
5400,0.2391824271975885,0
6245,0.23918179044580526,0
7815,0.23906609648066132,0
8373,0.23898408242228497,0
6563,0.23890002920674475,0
7733,0.23886047607872288,0
2742,0.2388245566929287,0
8373,0.2387884727171584,0
1763,0.2387515607082146,0
10,0.2387213838083181,0
7513,0.23861307833336173,0
8806,0.23852998923966418,0
7160,0.2385248081944311,0
2879,0.2385145604223716,0
5164,0.23836203427845884,0
1263,0.23831739898245108,0
9518,0.2383022010445168,0
3807,0.23825954003207167,0
77,0.23802371173119077,0
181,0.23800460809423407,0
923,0.23799172787132092,0
9684,0.23798946250417877,0
9086,0.23795134369062915,0
4085,0.23779543308864076,0
3352,0.23759799375046634,0
6070,0.23741241969368712,0
4886,0.23733089715577516,0
3841,0.23723996507499504,0
5376,0.23716334085815405,0
8702,0.23715731015680816,0
8814,0.23714556909299167,0
6834,0.237119183034481,0
1311,0.23705526884186234,0
8456,0.2370092890800633,0
5257,0.2369472655541966,0
1499,0.23682681344026363,0
620,0.2368239318793869,0
5786,0.23680887335630335,0
665,0.2367837839291043,0
3965,0.23674498845400482,0
7918,0.2366611739988233,0
400,0.23659227519036585,0
4183,0.23659206873411393,0
4544,0.23650722158686818,0
481,0.23647622165050744,0
829,0.2364682320705053,0
5995,0.23641847942336747,0
7854,0.23634283947521897,0
7813,0.23633500112267147,0
6822,0.2363342044358421,0
42,0.23627881599290387,0
4211,0.2362665906947292,0
6303,0.23622275165772183,0
7073,0.2362092592423523,0
8016,0.23617933611709518,0
256,0.2361637004083108,0
1307,0.23612051933667497,0
342,0.23609320484444585,0
2633,0.23596509680373237,0
875,0.2359589245373528,0
5661,0.23593638583014176,0
3990,0.23592561498468376,0
3949,0.2358767357577316,0
7320,0.23586897168758872,0
3096,0.23584069603763097,0
5139,0.2357991355818283,0
4780,0.2357958645468204,0
6334,0.23573208933920725,0
4004,0.23569269417176628,0
7495,0.23568185260921803,0
9570,0.23565388600985063,0
6929,0.23565126441864342,0
5445,0.23564850952557748,0
4932,0.23563472979402042,0
4123,0.23560178067616697,0
5316,0.23555571993826743,0
9091,0.23550080441946733,0
5186,0.23544170817235574,0
8899,0.2354003527586123,0
5532,0.23536307015831412,0
4501,0.23535918693705993,0
3344,0.23529921298834225,0
7702,0.23529597757530807,0
7380,0.23525528118276676,0
869,0.23521816729049178,0
4772,0.2352109125708828,0
6835,0.2351513871656301,0
3426,0.23503758604642414,0
1699,0.23502989263836932,0
2236,0.23501118325870043,0
7565,0.2349911445099929,0
4591,0.23491846103649636,0
8918,0.23489928859445863,0
9179,0.2348515865460424,0
8734,0.23484974881681667,0
6958,0.23483238226636988,0
5291,0.23475239902417555,0
5300,0.23474983011263842,0
8780,0.23473646224670763,0
222,0.2347099579223846,0
3997,0.23470639324595746,0
4772,0.23465687993948572,0
5013,0.23461388240182252,0
3417,0.2346115328543,0
8127,0.2346041907640409,0
1281,0.23457486130271724,0
5754,0.2345229298925562,0
4092,0.23449717578393317,0
4316,0.23448932695318825,0
7642,0.2343814042831759,0
6426,0.23432095384018953,0
7628,0.23429941899821552,0
4565,0.2341856185652864,0
5036,0.23408802160385606,0
7966,0.23402812872005005,0
2759,0.23396245732365784,0
5564,0.23388358864702447,0
6083,0.2338521668882503,0
8176,0.23381074731092075,0
31,0.23375874927937917,0
7120,0.23367803061829154,0
6359,0.2336654047247284,0
3079,0.23363589116313271,0
4259,0.23363208991610812,0
315,0.23361378989757683,0
6082,0.23353748789871723,0
8822,0.23352514974374783,0
504,0.233521271041383,0
2978,0.23351553613464127,0
7753,0.23349923010019477,0
9663,0.2334274174342172,0
3424,0.23324656669312632,0
5429,0.23320212236715024,0
6592,0.2331792950058748,0
28,0.23308834384193067,0
2038,0.23293327796288124,0
8063,0.23291484030983844,0
3462,0.23291175116479518,0
6928,0.2328236942618492,0
8750,0.23278662280990267,0
8270,0.232722399687386,0
2843,0.23265603658657308,0
3627,0.23263368540330084,0
1074,0.23262521737006875,0
8346,0.2326154896601081,0
3038,0.23239274141868574,0
7083,0.2323912712666659,0
4362,0.2323451311019669,0
4362,0.2322621025553787,0
1212,0.23225494721719553,0
8972,0.23224459759833416,0
7578,0.23219112876191866,0
4955,0.23211052559644435,0
2808,0.23210090065183142,0
635,0.23209752874069503,0
1390,0.2320578121983411,0
9381,0.23201641338015117,0
1371,0.2319264270627869,0
8246,0.23189077211812129,0
9862,0.23186718122630387,0
3090,0.23179466079679897,0
1100,0.23177961802810956,0
4777,0.23175089454064424,0
4995,0.23168851294597456,0
6789,0.23168552816356372,0
6290,0.23166713219012705,0
7401,0.23166154348821602,0
9546,0.23165782462325124,0
5116,0.23164862868440578,0
2595,0.23158300967116796,0
9799,0.23157004307835424,0
5708,0.23156331853945344,0
7609,0.23154772788353808,0
3827,0.23144303003022149,0
6692,0.23128788577564124,0
3410,0.23120789476902373,0
5005,0.2310674183660468,0
3680,0.2309797452287165,0
9117,0.23097105627558634,0
920,0.23093356707401214,0
1149,0.23090984703467493,0
620,0.2308481471109172,0
373,0.2308336713935951,0
3476,0.23082260919518582,0
7597,0.23076890167961223,0
7327,0.23066785649921068,0
5609,0.23064806472779453,0
9983,0.23061776348835272,0
8790,0.23060855879286218,0
1398,0.2306072416519106,0
6726,0.23056828595446566,0
5180,0.2305161942404754,0
7495,0.23041019594087608,0
6847,0.23037865335479685,0
8923,0.23037327916896946,0
213,0.23037020317055037,0
4428,0.2303360097122005,0
4537,0.23031838040137162,0
8034,0.2302032739150156,0
7059,0.23017853363588123,0
9091,0.23014428046449323,0
328,0.22998377056371055,0
1416,0.2299623346121143,0
8304,0.2299446634805066,0
4799,0.22991395443726043,0
293,0.2298975096117373,0
2560,0.22987906211508957,0
3101,0.22985288386242636,0
7168,0.229803962472632,0
2473,0.22976519862783318,0
3137,0.22974501787615725,0
5518,0.22966799594738987,0
9538,0.22966453715843982,0
3600,0.22960592728266993,0
6620,0.2296020195385675,0
991,0.22957883442709062,0
6791,0.22956666546071644,0
7062,0.2295624651049235,0
6826,0.2295582118273097,0
2297,0.22948760179870914,0
2242,0.22943097226616543,0
7318,0.22942690269567814,0
3344,0.2293304537814693,0
7718,0.22932545053350908,0
9497,0.22928676526410152,0
4945,0.22927024987622602,0
2563,0.22926775163246846,0
1104,0.22924050116928307,0
9664,0.22923762005526907,0
8853,0.22921438035533717,0
1614,0.2291857745539531,0
2970,0.22911975203299847,0
4785,0.228983196762522,0
6048,0.22884710621234777,0
2104,0.22878793278700474,0
4820,0.2287782650776222,0
1751,0.22876859838742072,0
182,0.22871116038414618,0
8208,0.22870063082479236,0
5292,0.2286900537563471,0
9059,0.22868545424850445,0
3420,0.22865323225371398,0
6709,0.22858930493189877,0
1322,0.2285543972481144,0
6896,0.22835050103723364,0
3933,0.22833729208010894,0
5592,0.22833362825126838,0
680,0.2283249969466905,0
2226,0.2282967879764823,0
7168,0.22825470643402884,0
2958,0.2282528178943787,0
8358,0.22811800399192841,0
3292,0.22807056778083326,0
9452,0.22807039746480604,0
6372,0.22806979683996995,0
3163,0.22793477785517044,0
4475,0.22783783806795727,0
5063,0.22783706236585602,0
213,0.22778218030521377,0
886,0.22775972262354588,0
4585,0.2277521623884912,0
4627,0.22769753030563689,0
9684,0.2276640993899448,0
1683,0.22763121525961622,0
1588,0.22750406336692303,0
9565,0.22742051817751113,0
7575,0.22741115642815232,0
182,0.22740069813456795,0
1675,0.22739673462873014,0
3699,0.2273868675324898,0
3957,0.22735796776007308,0
4690,0.22735183646642634,0
4095,0.22722620768108487,0
3410,0.22716618614463527,0
3185,0.22712711981822697,0
2394,0.22709388386786827,0
6963,0.2270100095354488,0
7148,0.22700053770133405,0
1615,0.22698629660233707,0
4747,0.22692696376094784,0
5190,0.22687067671013278,0
6460,0.22668840128614354,0
1886,0.22667012067367437,0
3509,0.226619601805893,0
4714,0.22659270852772553,0
863,0.2265878289119335,0
2377,0.22650349157857133,0
892,0.22645293016963638,0
6001,0.22643945551392322,0
3925,0.22641129308793698,0
2733,0.22640299597661098,0
8793,0.22636543532535605,0
8793,0.2263185992336106,0
2101,0.22631439494108957,0
5376,0.22629593226131994,0
3222,0.22628907328817333,0
5316,0.22616809236531163,0
8951,0.22609567804533656,0
9091,0.2260504087278331,0
9636,0.22604088491176996,0
9881,0.22603495689322328,0
7603,0.22602507470089153,0
4582,0.22587452670693983,0
4269,0.22571898393652554,0
4934,0.22570755482682908,0
6027,0.2256857888938241,0
6594,0.22568447456541732,0
2433,0.22567983333498468,0
139,0.2255140450279049,0
3079,0.2253949534964122,0
4556,0.22538195515771145,0
4841,0.22531201933704872,0
8554,0.22530670074848702,0
4932,0.22530519317994294,0
7432,0.22529085546288977,0
6250,0.22527374234186123,0
3037,0.2252311553317361,0
553,0.22511222424568172,0
5779,0.22510421391595523,0
9589,0.22501552774105585,0
1751,0.2249982210373908,0
9889,0.22499161265958742,0
4695,0.22498276874199974,0
4002,0.22494203188282708,0
2560,0.2248826875316318,0
8224,0.22485368869505562,0
5011,0.22482128851604027,0
9983,0.2247896169812181,0
4627,0.22478626606783153,0
3784,0.2247603862938686,0
1874,0.2247298325995925,0
6252,0.22472894616588068,0
3782,0.22467833928488384,0
5136,0.2244974553637304,0
3096,0.2244843931734195,0
1859,0.22448149059538722,0
5441,0.22447254700475527,0
342,0.22446178112953807,0
5276,0.2244414610481982,0
1638,0.22437768687954915,0
2556,0.22437076835122774,0
2405,0.22432630743560558,0
70,0.22423499570879,0
2446,0.22417722722485078,0
8276,0.22416865958397225,0
6640,0.22408542834944303,0
5715,0.22408489383011668,0
3910,0.22401278211292375,0
6427,0.22399462811930815,0
1590,0.22391625921510291,0
4961,0.22389127950604615,0
4767,0.22388466426430656,0
933,0.22385336420496615,0
923,0.22383475705261235,0
22,0.22379398471933887,0
6791,0.22378495853060126,0
7854,0.22377911089128402,0
8444,0.2237350770915011,0
5005,0.22371279837511668,0
9462,0.22370828192836867,0
5661,0.22366491523087736,0
9714,0.22364490682493804,0
1920,0.22363225042688864,0
3986,0.22360360018702713,0
6250,0.22354179471134863,0
2142,0.22351873378318265,0
9794,0.22347567256683726,0
6828,0.22346690463843857,0
1244,0.22342388710473976,0
5291,0.22342079805598422,0
9466,0.2233562935370069,0
1344,0.2233244971553036,0
2633,0.22321885399774186,0
8634,0.22320205487815067,0
6630,0.22319590701347855,0
473,0.22307658997039095,0
1936,0.22302331437347314,0
2142,0.2229902579551191,0
7907,0.22299015461136804,0
5338,0.22297733159679006,0
8380,0.22286202243601136,0
3483,0.222790212508662,0
8657,0.22278268613835292,0
8535,0.22277233886215073,0
6833,0.22266300794018246,0
5485,0.22260278269655653,0
6592,0.2224594187662845,0
5719,0.2224233573154073,0
4582,0.22231836008667413,0
9401,0.2222806306131495,0
2405,0.2222613339720296,0
6019,0.22225048189437893,0
4986,0.22212883740658296,0
8750,0.22208596526532615,0
7975,0.22193129792180222,0
1750,0.22190358842272007,0
5104,0.22189102445367626,0
5097,0.22184875320812153,0
8926,0.22182495545067862,0
3563,0.2217404416377221,0
6647,0.22169216290766294,0
1330,0.22168557012941362,0
1380,0.22167983882120676,0
6081,0.22164195840252746,0
5609,0.22160245479953733,0
1056,0.22160028755196684,0
7307,0.221512877525107,0
7376,0.22146195650032183,0
4156,0.2214522982415617,0
9518,0.2214464678956845,0
5466,0.22144520086810257,0
3991,0.22139453957234448,0
9059,0.221348324351635,0
5871,0.2213263429984397,0
5462,0.2212762709245408,0
98,0.2212447388765205,0
4255,0.22124291449152267,0
4747,0.2212233635154718,0
1896,0.22118768567420066,0
2377,0.22116567057184175,0
4902,0.22089792392609608,0
2411,0.22089193848924207,0
9234,0.22087945473266524,0
9952,0.22070655091461186,0
7299,0.2206088330044673,0
568,0.22057750756165204,0
5608,0.2205766019928184,0
9828,0.22055563382726115,0
9712,0.22055143922077824,0
6197,0.22052964049841023,0
5661,0.2205234538044875,0
7956,0.22052129412484928,0
4695,0.22048682287749172,0
6927,0.22047703047729064,0
6969,0.22047579828009248,0
2367,0.22039908238126993,0
133,0.22036804497028223,0
2496,0.220366072989235,0
3853,0.22031796628962863,0
8853,0.22026946795909375,0
256,0.22026653035548854,0
710,0.22023309102525218,0
8423,0.22018519852311325,0
7434,0.220134295477564,0
7730,0.22003274137291232,0
8242,0.22001498192000857,0
330,0.21997218745560765,0
6828,0.21996985374996228,0
9087,0.21994452362965375,0
8923,0.21993777344996215,0
6500,0.21983860632884686,0
829,0.219764382500371,0
8798,0.2197133767718966,0
8962,0.21968734336263834,0
6620,0.2196489001503103,0
8249,0.21962164209903867,0
5668,0.2195354608120812,0
1501,0.2195345627232742,0
4532,0.2194410386853899,0
5325,0.21942730900893587,0
4357,0.21941435509040083,0
804,0.2193514347108834,0
5135,0.2193129892696357,0
5840,0.21926797835793105,0
6772,0.21922613779338943,0
1025,0.21920149978735218,0
1041,0.21919969012504856,0
2137,0.21910940424848938,0
5654,0.21910208312321883,0
6753,0.21907145545817314,0
3222,0.21902725131994416,0
9317,0.21900696731801456,0
2954,0.21899963471523184,0
3932,0.21898761914645387,0
8738,0.218984913845905,0
8757,0.21893199248601983,0
4496,0.2189249218522464,0
730,0.21888753714178064,0
8102,0.2188607364762236,0
2038,0.21884012177143572,0
3691,0.21883998178459638,0
4745,0.21883508161510556,0
3916,0.21882780426804635,0
6622,0.2187535872815087,0
1000,0.21862090905725445,0
8453,0.21859670357664227,0
5485,0.21859661519540066,0
5758,0.21856192674819655,0
6539,0.21853797360031554,0
1306,0.2185155308182721,0
3332,0.21849626677751768,0
7004,0.21849435010548857,0
1786,0.2183726179498448,0
2865,0.21836444094030774,0
9753,0.21832105293812015,0
5715,0.21831449564461788,0
3795,0.21830396655675768,0
8576,0.2182785367504487,0
1884,0.21818319695070995,0
4362,0.21816735992388095,0
6081,0.2181144252924417,0
4582,0.21809275970123962,0
1747,0.2180875912900561,0
7975,0.2180633794376371,0
2978,0.21802356267996015,0
3548,0.21799988516256277,0
2443,0.21797646253296532,0
7213,0.21797509466952758,0
7160,0.21791739023210924,0
2618,0.2179155783124441,0
6781,0.2178946879167097,0
4194,0.2177344078001371,0
7685,0.2177072091660936,0
6394,0.21769177990135127,0
3872,0.21765501203640109,0
1786,0.21760152529390833,0
6791,0.21759402153326485,0
1244,0.21754742917782838,0
8494,0.21750596672708472,0
1345,0.21749573623937649,0
7387,0.21740131798670856,0
2045,0.2173577173867414,0
8480,0.2173497031571116,0
9349,0.2172644323074173,0
3972,0.2172612867080582,0
9509,0.2172604496609098,0
6363,0.21725594167508872,0
6657,0.2171399576627422,0
1280,0.21709172264543378,0
1059,0.21689068135719514,0
154,0.21687379158184938,0
6840,0.21687271764471522,0
7643,0.21685146199172223,0
3642,0.21684177699894067,0
5366,0.2168326432943132,0
4816,0.21682594925835447,0
8132,0.2167624357526829,0
4140,0.2167020862040207,0
7258,0.21669696203909788,0
2020,0.21668856998564717,0
9862,0.2166090414423943,0
5715,0.21660748492035517,0
9996,0.21659150875549052,0
2039,0.21658720382179147,0
1344,0.21655615460631167,0
9407,0.21648981172763918,0
213,0.21648111230338984,0
9870,0.2164808723699153,0
730,0.2163255791981077,0
3998,0.2163051796788047,0
221,0.21629620716923442,0
4695,0.21627130930112348,0
3881,0.21625987689878529,0
4677,0.2162436694032836,0
4916,0.2162395580646118,0
5768,0.21623225955129166,0
2378,0.21622075120740814,0
8016,0.21620429039476527,0
2101,0.2161627889643362,0
773,0.21605777728530778,0
5511,0.21593602906084686,0
1884,0.21593596979521304,0
661,0.21590935726736252,0
3944,0.21586824123758483,0
2618,0.21573223774947875,0
1322,0.21572602216995876,0
9505,0.21568813689760225,0
8689,0.21562539987313617,0
4521,0.21562022043492524,0
991,0.21560507761850967,0
7524,0.21557823548001065,0
9522,0.21553174875767167,0
1338,0.21552980474815156,0
9295,0.21552769985425144,0
3844,0.2154697688938271,0
7168,0.21537932691349515,0
2179,0.21530794335210796,0
9080,0.21527786087160106,0
1280,0.21524367905114744,0
4156,0.21516963677069137,0
490,0.21514632318452578,0
3174,0.21512155253736415,0
6840,0.2151195764867595,0
630,0.21505471339702373,0
1614,0.21501696803115228,0
7603,0.21500087828532635,0
8210,0.21499956022686287,0
3615,0.21496327913738364,0
1937,0.21494520150961954,0
6883,0.21491027275731547,0
9518,0.21481303005369765,0
4255,0.21473626711686125,0
9606,0.2147264156685879,0
5883,0.21472285291680734,0
4454,0.21466891762793422,0
9450,0.21460202524488065,0
741,0.21456747130994402,0
4952,0.21456322983578618,0
3432,0.21455975775704972,0
6203,0.21447456860158262,0
5785,0.21444247395407487,0
8923,0.21443226097720305,0
3702,0.214397589190138,0
3332,0.21431479848026494,0
8798,0.21427798762222208,0
1598,0.21419705754139406,0
7660,0.21413856663700523,0
7168,0.21412129590376525,0
9234,0.2141149312826707,0
1338,0.21406833196792097,0
8416,0.21399714474261064,0
1993,0.21390766738054023,0
7643,0.21388702709841803,0
304,0.2138851262642516,0
8990,0.2138814520504562,0
7698,0.21387028151412407,0
1285,0.21385672094804015,0
1285,0.21384247501397707,0
3175,0.21382607508185428,0
1901,0.21381967698680074,0
6228,0.2137905900115065,0
6633,0.21375694374103987,0
9451,0.2137529904449478,0
7095,0.2137487290366496,0
9042,0.21366340138583964,0
2658,0.21362438890511087,0
1081,0.21356710108504912,0
29,0.21356049060026924,0
3188,0.21354187789702167,0
2762,0.21349922869257243,0
4710,0.2134941848901394,0
1793,0.2134833557052904,0
9040,0.21347708335862609,0
960,0.2134346336853435,0
8196,0.21337678691521342,0
9490,0.21335611141731256,0
1311,0.21332670182005603,0
8469,0.2133193600642013,0
3919,0.21331254847189524,0
1750,0.2133045311684236,0
1025,0.21323093867793075,0
2176,0.21323013037795435,0
6316,0.21320311620733906,0
3022,0.2132019489943835,0
6679,0.21316972111887447,0
8099,0.2131350636566985,0
6781,0.21312881493036367,0
6757,0.21309195243239223,0
2072,0.21300997340914693,0
1674,0.21293347862157797,0
716,0.21288743413142172,0
4006,0.21288263813760225,0
4912,0.21281585911125528,0
8255,0.21276520921095246,0
2925,0.21275756445103366,0
4767,0.212655336700202,0
2054,0.21253612830429094,0
9518,0.21248433246289536,0
9565,0.212410832001294,0
6873,0.21239715451413663,0
3185,0.21238749628833584,0
321,0.21234316114555837,0
943,0.2123373757066907,0
2353,0.2123369453237499,0
3513,0.21230495372570796,0
8108,0.21221881439673618,0
1438,0.21219303213451302,0
7943,0.21215662559825604,0
1107,0.21212406087358526,0
4849,0.2120909919861886,0
31,0.2120907187682435,0
552,0.2119682966395706,0
8951,0.21193367874028443,0
1134,0.21184566501312793,0
871,0.21180174386379408,0
2352,0.21176222555432386,0
8750,0.2117096024758123,0
8423,0.2116157705174477,0
2084,0.2116039784631631,0
7767,0.2115061802375644,0
111,0.2114814456125483,0
2736,0.21144975129197682,0
4582,0.2113961213266169,0
833,0.21133020942367114,0
8063,0.21122906895800986,0
8200,0.21117760972749836,0
7900,0.2111646050136414,0
3291,0.211154281098318,0
2552,0.2111344742083281,0
8928,0.21105417994090656,0
3462,0.21104732734644982,0
4835,0.2110329696602435,0
3407,0.2110328847265416,0
6819,0.21100027599608953,0
7347,0.21099888696582633,0
6090,0.2109795507096899,0
1209,0.21096258073810664,0
4106,0.21080045268839787,0
2433,0.2106878216425864,0
708,0.21068531405633237,0
8410,0.21068169835286432,0
9103,0.21063900817296646,0
7206,0.2105538963809265,0
3222,0.21047407982841204,0
6841,0.21046601106330126,0
9794,0.2104513246468783,0
2236,0.21040778388784784,0
4893,0.21038518948944415,0
6661,0.2103165752443398,0
4334,0.2103112287608439,0
9800,0.21018458104644486,0
2618,0.21013186176675216,0
21,0.21011005795289373,0
870,0.20998666295454974,0
3339,0.2099684818029828,0
1930,0.2098575088292621,0
4969,0.209804897127094,0
996,0.20974776657592678,0
4583,0.20974101750809457,0
5109,0.20970858902536385,0
9498,0.20966318588203417,0
1857,0.20961773437387668,0
6991,0.2095384582172638,0
9954,0.20953030242760326,0
2673,0.20948215867715886,0
9290,0.20944579416398995,0
7449,0.20944005562144316,0
649,0.20940994548379596,0
288,0.20938394082574413,0
7387,0.20935180268881165,0
9475,0.20934314818463395,0
7309,0.20933748665904328,0
6506,0.2093252247305481,0
6458,0.20929207461167962,0
155,0.20919481846472054,0
6463,0.20912117458646076,0
4227,0.20906516664015795,0
7954,0.20902187633411407,0
7693,0.2090190798399175,0
130,0.20893204971556567,0
9917,0.20890682361282426,0
4387,0.20879006425267455,0
5005,0.20876155770991164,0
9351,0.20869403353239818,0
9293,0.2086840150262527,0
1081,0.20865978347273648,0
6883,0.20859843397629174,0
4538,0.20857230596679446,0
4327,0.20856157314460763,0
7864,0.2085155468819898,0
3452,0.2084842672076674,0
5508,0.2084575422375392,0
996,0.20843415010072977,0
6074,0.20837710065893317,0
6242,0.20837409846614072,0
9481,0.2083489098569386,0
2723,0.20834299018558705,0
4085,0.20834044724634404,0
7326,0.20833329341122628,0
630,0.20833054377251567,0
9119,0.20831925850390093,0
4501,0.2083092290571507,0
4164,0.2082446863252351,0
8427,0.20820612622272355,0
6410,0.2081695206787668,0
2405,0.2081492021552057,0
1665,0.20805174990101297,0
7445,0.20802916040170158,0
5553,0.20802219033531252,0
6833,0.20800331283818435,0
6203,0.20794555215260574,0
7408,0.2079423813146539,0
5668,0.2079381625304911,0
8255,0.20792354266709098,0
6628,0.20792036522046634,0
8734,0.20789442442899997,0
9760,0.20789038987440978,0
2157,0.20781976944995034,0
6622,0.2078043450216836,0
7373,0.20772987476456084,0
397,0.2077273998370829,0
5437,0.20770357248599347,0
5063,0.2076820847186619,0
6474,0.20767605307589798,0
9451,0.20765922893744157,0
9104,0.20764555828043285,0
1917,0.2076437748329279,0
3193,0.20760524256203813,0
9450,0.20759968328576434,0
5612,0.20754309724247985,0
5766,0.20754033909165706,0
5309,0.20753887714071118,0
7705,0.20752310542378416,0
8255,0.20751281458454224,0
155,0.20750687605211954,0
996,0.20750223258175707,0
411,0.20747461158493383,0
8954,0.207446761650259,0
5751,0.20741995968551294,0
3949,0.207387077680664,0
3427,0.20736588493871666,0
4085,0.20736169239982216,0
3899,0.20734216697098834,0
1857,0.20734028489552386,0
8978,0.20732357221093337,0
8691,0.20730523207046392,0
5741,0.20726784795453349,0
4608,0.20721714469014416,0
7609,0.2071744616812549,0
4754,0.20710996308523835,0
199,0.2070470998968551,0
785,0.20701440078929004,0
2609,0.20700464173287594,0
5368,0.20699012762704044,0
1787,0.206978391504877,0
7667,0.2069483291257258,0
2137,0.20693181993571305,0
785,0.20684540073293425,0
4928,0.2068021195312278,0
741,0.20680140541474706,0
4243,0.2067609383525406,0
1396,0.20676021934401162,0
155,0.20673718916220282,0
8056,0.20671560443559628,0
9718,0.20669674272025204,0
2718,0.20668775721637658,0
7328,0.20667670737264865,0
2197,0.20666537847105207,0
3375,0.20664397413263574,0
8584,0.2066432100829679,0
1023,0.20653683748255727,0
5659,0.20642707476824024,0
4150,0.20641667033148367,0
1501,0.2063885522161894,0
9753,0.20637073914227833,0
3550,0.2063324633597275,0
1265,0.2063188939019406,0
1104,0.20629639843354355,0
9440,0.2062723453326934,0
4894,0.2062525629839093,0
830,0.2062362973455121,0
3313,0.2062362824015189,0
6049,0.20620630485685693,0
3350,0.20618061521841055,0
5276,0.20600735418826735,0
9157,0.2060057170873873,0
5682,0.20599271979959993,0
635,0.2059842604526435,0
9905,0.2059264205472569,0
7208,0.20584723064595575,0
7208,0.20583737621819478,0
6620,0.20577081051388368,0
2473,0.20575290715966993,0
8050,0.2057357346713715,0
1428,0.20572525190497037,0
6512,0.2056017336251732,0
2486,0.20558916469591876,0
6363,0.20555694416872877,0
9753,0.20550872838944143,0
6081,0.20547061414289636,0
96,0.2054703887537682,0
7728,0.20544008881423362,0
457,0.20535819105070618,0
3475,0.20531218404656545,0
2020,0.20527288274925043,0
9534,0.20515959233529063,0
1307,0.20511059312466393,0
1209,0.20500495583019435,0
8801,0.20497575618006317,0
2759,0.20495801120005383,0
3918,0.2048347079732421,0
1244,0.2048266543130728,0
6622,0.20482645062184993,0
226,0.204774327061145,0
961,0.20466424895533278,0
1557,0.2046512479013275,0
708,0.2046137943434725,0
1263,0.20447520979508496,0
1901,0.20441700148707795,0
2895,0.2044100455371066,0
9166,0.20436680157070108,0
5991,0.20429172466167506,0
6709,0.204198368232426,0
5557,0.204173230637628,0
102,0.2041295088901962,0
2633,0.20410265593726962,0
7412,0.20409554391032006,0
4232,0.2040216688893859,0
6474,0.204011016532963,0
8691,0.2039563421570395,0
4889,0.2038973594919705,0
6756,0.2038942812199558,0
5787,0.20387070558835763,0
346,0.20386679806749733,0
9582,0.20386376578602441,0
2438,0.2038567962082315,0
4715,0.20385655094703367,0
8248,0.2038548164137784,0
3398,0.2038137366662438,0
5310,0.20381353467746546,0
1305,0.20379080175936093,0
7780,0.20375736956618126,0
7135,0.20375667907711054,0
3429,0.2037280449351349,0
3739,0.20372452404341423,0
6739,0.20354111680589385,0
7461,0.20351506785559825,0
7335,0.20351043577023817,0
3154,0.20349319878467664,0
9238,0.2034692103850532,0
3218,0.2034395239494621,0
4862,0.20339683076318088,0
5556,0.20339278052958584,0
2202,0.20338356346703082,0
5768,0.20333485162545575,0
6074,0.20333136973199686,0
8703,0.20329082933308731,0
4793,0.2032596919224243,0
4007,0.20311921701788893,0
5067,0.20311416941250776,0
7620,0.20304066632472714,0
741,0.20293125125313757,0
9983,0.2029269285819713,0
228,0.2028908245714139,0
4269,0.20277309303505642,0
3286,0.2027377464798627,0
8112,0.2027217598071974,0
1911,0.20270107887695013,0
3360,0.20269423221941718,0
4904,0.20263950662998967,0
3456,0.2025969577979196,0
1949,0.20258962280630557,0
16,0.2025882559889462,0
4557,0.20251277077702692,0
8830,0.20251198215742872,0
4958,0.20244907377056573,0
7405,0.20236882430890743,0
1957,0.20234963498645042,0
5564,0.2022700047301114,0
4518,0.2021547492313687,0
8798,0.20212699978850673,0
2750,0.20209944805022131,0
9088,0.20202044076084974,0
3389,0.20199401207150305,0
3407,0.20198394075731105,0
1168,0.20196358516629664,0
295,0.2018387857707758,0
7940,0.20182253430076114,0
3548,0.20176105028865043,0
9498,0.20174426504335002,0
3844,0.20165998661457607,0
323,0.2016413706277649,0
2394,0.20158434321774726,0
809,0.20157443809015824,0
2856,0.20152458934929143,0
9315,0.20149218818557937,0
3286,0.20136253569661697,0
2438,0.2013560562132894,0
7971,0.2013130277571024,0
9835,0.20130440154874446,0
8369,0.20123635806343784,0
2631,0.20117628094342907,0
5134,0.2010665757427072,0
6772,0.20106634847381638,0
7334,0.20096466289967346,0
5881,0.2009603932877585,0
2236,0.2009257738411223,0
6674,0.2008504732928724,0
1892,0.20079042615359977,0
7335,0.2007639133633002,0
8599,0.2007349632629567,0
1530,0.2006944787510956,0
5011,0.20068155465143706,0
5445,0.2006772861015453,0
2238,0.20063330695664802,0
3285,0.20059176041748752,0
4950,0.20056431781273326,0
1660,0.200536557537285,0
347,0.20040071098013237,0
5526,0.20036585326695186,0
6365,0.20033370987024815,0
3077,0.20022202801681163,0
6136,0.20016273179498728,0
3483,0.20013894040703192,0
1151,0.20012526692035318,0
7309,0.20010860915912407,0
7912,0.2000883810303584,0
1412,0.2000747694650751,0
5116,0.20007348758666835,0
8964,0.20004853588456678,0
3131,0.20002298837831833,0
4195,0.2000017056930698,0
2830,0.1999693605588019,0
6657,0.1999587058232505,0
4950,0.19994556746710065,0
6776,0.19992870182939082,0
3756,0.19985983642548516,0
5787,0.19985744804868197,0
5188,0.19980489990592587,0
5892,0.19975902615667546,0
1150,0.1997447604452927,0
4017,0.1997030163569192,0
6500,0.19963639276750525,0
270,0.1995090051967008,0
3715,0.1994572852322049,0
9037,0.1994365605035782,0
6034,0.19940664369908592,0
695,0.19939726232547184,0
9761,0.19939511290392165,0
8494,0.19937547074550857,0
5508,0.19936796780634336,0
3529,0.19935427228270453,0
913,0.19933973197193997,0
5267,0.19924073686042124,0
1085,0.19922091323193872,0
6856,0.1991835310483317,0
6590,0.19916640120364928,0
5555,0.1990601903978306,0
45,0.19903691513451713,0
5220,0.19899741433761706,0
653,0.19894338365249886,0
3523,0.19891878914924602,0
8938,0.19889001839144382,0
4920,0.19887393284973562,0
991,0.19884255912882762,0
4485,0.1988111594265865,0
6078,0.19880116689239863,0
7524,0.1986835615276846,0
7910,0.19866090947179804,0
7410,0.1986480017177992,0
4402,0.19858678754542125,0
6691,0.19850763623000106,0
4210,0.19846849178260417,0
9001,0.19843662585727748,0
4934,0.19843593978425098,0
3457,0.19827144734981667,0
4754,0.198228769670383,0
4928,0.1981519919210812,0
5860,0.1981245019179012,0
1937,0.19807806356969954,0
8059,0.19807366471090918,0
8502,0.1980712221279445,0
481,0.1980184148022927,0
6840,0.19801070707786594,0
487,0.19800674665266038,0
719,0.19795624950516463,0
4962,0.19795065068348014,0
9714,0.19794574371994605,0
1306,0.19788424645259794,0
2895,0.19784097096670294,0
7667,0.19783109002713878,0
3971,0.1977829561366748,0
9697,0.1977627820447788,0
4781,0.19763986515812043,0
1960,0.1976313350845221,0
8554,0.19751608487544642,0
5912,0.19745520614213524,0
7603,0.19742055225856,0
461,0.19738126581150042,0
8962,0.19729013144800245,0
1763,0.19728766938447367,0
1169,0.19728690739776872,0
1903,0.19728207159287656,0
7361,0.19725764056009246,0
5958,0.19724723258759957,0
6490,0.1972200147166773,0
5592,0.19716219081673048,0
7781,0.19712826458372162,0
4740,0.1970761078772335,0
3998,0.1970353858498844,0
8542,0.19703417591909594,0
8534,0.19702230413069668,0
8535,0.19700777241456302,0
73,0.1970076689173558,0
6810,0.1969853687643466,0
8449,0.19694247518395847,0
2639,0.19691096295873836,0
1398,0.19690390128592547,0
3761,0.19681324804579076,0
3468,0.19673361379752116,0
122,0.19670644489038178,0
913,0.19664595867784684,0
9302,0.19659273914986983,0
5214,0.1965445293574241,0
6424,0.19640870784169348,0
1281,0.19639933086338288,0
466,0.19639631305489424,0
5804,0.19626346954188748,0
8516,0.19617267132439736,0
5768,0.19613008502348034,0
383,0.1960635156476329,0
8596,0.19606146038859995,0
9282,0.1960511078590114,0
3374,0.19603861958392416,0
6034,0.19595212655505923,0
6078,0.19594998921941462,0
822,0.19594845973953628,0
4882,0.19594212857602658,0
948,0.19588774529875158,0
4048,0.19584258082074651,0
3832,0.19577642486875682,0
490,0.19576307230155854,0
6074,0.1957182403927352,0
695,0.19567790102477028,0
4628,0.1956347795419467,0
4630,0.1956200225704188,0
9885,0.19559868929884924,0
7685,0.19559743983560968,0
2102,0.19558729911301978,0
4085,0.1955842700573145,0
4814,0.19557517613116018,0
8352,0.19552607086416654,0
154,0.19552545543246058,0
2042,0.19547236477327185,0
6065,0.1954537442393134,0
6261,0.19521619865007303,0
6721,0.19521173208531573,0
9761,0.19515338811170088,0
3957,0.19513965067033073,0
8112,0.19513444459000884,0
862,0.1951265651789772,0
6625,0.19508225959480133,0
6557,0.19507311848086575,0
5349,0.1950477971875773,0
8361,0.19504086929595538,0
653,0.19503097515245943,0
4754,0.19500747269766197,0
2219,0.1949974680585125,0
4889,0.1949829497841415,0
8764,0.19496949020138274,0
2827,0.1949669688271099,0
1257,0.19496671234066526,0
7282,0.19496197265928158,0
7401,0.19490337834165922,0
8189,0.19487213106151377,0
6840,0.19486858348539823,0
8723,0.19481971099006304,0
1905,0.1948039598689221,0
5398,0.19479557387994054,0
5985,0.19472947627349046,0
8200,0.19469892560982496,0
562,0.1946166026213831,0
4899,0.19460758283736604,0
7309,0.19458744511437656,0
1334,0.19452036825003785,0
6588,0.19450998468522282,0
8910,0.1944399563933248,0
7736,0.1943718047552306,0
4593,0.1943694853802914,0
8905,0.1942734345458725,0
1660,0.19426823060636886,0
4948,0.19421772805735704,0
2792,0.1942130679799407,0
524,0.19420613140928059,0
8985,0.1941398595041801,0
1861,0.19409412151250277,0
6834,0.19405186346160994,0
6033,0.19404152079855744,0
5216,0.19403415098471952,0
1335,0.19402569003807538,0
5343,0.19398236875001465,0
232,0.1937763206671105,0
3398,0.19372369478619467,0
9142,0.19368594947850987,0
6778,0.1935550469430529,0
4086,0.19353815443010988,0
362,0.19353392965252786,0
3398,0.1935318357546358,0
3373,0.193518955622665,0
3563,0.1934839362039552,0
9026,0.19336941118027315,0
6856,0.19325645590808493,0
4642,0.19325329384544043,0
1281,0.19324754685568077,0
2865,0.19321338537102564,0
5662,0.19312517151722236,0
5992,0.19311514915781278,0
4020,0.1930994805182782,0
6731,0.19299865814837883,0
1738,0.1929715262519734,0
8044,0.19293103858994426,0
4658,0.19285695942140293,0
433,0.1928071927391065,0
3947,0.1926966300381117,0
1010,0.19247646132253346,0
6652,0.19247016227385563,0
3689,0.1923856637062435,0
1335,0.1923491594147759,0
6371,0.19234616177204159,0
2684,0.19231421809240132,0
9429,0.1922704652755769,0
131,0.19226463008320072,0
4852,0.1922447097197771,0
7603,0.1922420517667262,0
3878,0.19221123415868177,0
2733,0.19220662179368747,0
7971,0.1922024617202167,0
4657,0.1921887736780524,0
4950,0.1921622715626029,0
5134,0.19212239976197884,0
7350,0.1919578954063661,0
4402,0.1919262988529098,0
2822,0.1918462992711012,0
8439,0.19174944718352052,0
73,0.19173356734486935,0
3891,0.19169501053962396,0
1263,0.191681038103104,0
5646,0.19157443123956103,0
1128,0.19156686755705907,0
124,0.19148833069980076,0
2827,0.1914666793722379,0
9202,0.19141336830493993,0
3496,0.1913586623492797,0
8985,0.19122021034302616,0
5980,0.19121755168808557,0
8469,0.19119886659171703,0
2450,0.19117058580486218,0
6369,0.19111017723035253,0
8221,0.19107715010296078,0
710,0.19105675184228324,0
73,0.1910550497116467,0
5474,0.19101348214516223,0
5053,0.19095116090775593,0
81,0.19092400865434578,0
6261,0.1909096981426908,0
270,0.1908761593650617,0
4735,0.190862728001718,0
9742,0.19086129017645304,0
6077,0.19084122556292846,0
6771,0.19072000872255165,0
3508,0.19064116514369475,0
7161,0.19057796451716041,0
4171,0.19054757423215907,0
3497,0.19046002909756474,0
8912,0.19045715944133074,0
5210,0.19037497807476828,0
5187,0.19036037994287278,0
3497,0.19033959697329708,0
7496,0.1903042166981134,0
4437,0.19026311771131768,0
6472,0.19017729875576164,0
1,0.19014994562521534,0
6896,0.19013147517535858,0
9479,0.19009100768031184,0
8798,0.18999577000049586,0
1638,0.18993529165051212,0
9163,0.189931366420499,0
3342,0.18990085187978442,0
5190,0.18989326135078177,0
6657,0.1898243938248703,0
2792,0.189810445647259,0
232,0.1897873116241508,0
1939,0.189780144171111,0
8369,0.1896001655379542,0
9384,0.18959609749927778,0
1241,0.1895090201910874,0
1025,0.18949410432109606,0
6314,0.18946746358605565,0
9170,0.18932156403789843,0
7844,0.18928496038247858,0
6827,0.18928466989745407,0
3389,0.1892706336195869,0
2116,0.18924018240831883,0
6839,0.18918011533133816,0
3182,0.18913717182398027,0
7307,0.18913645710344257,0
5469,0.189129864581014,0
5144,0.18909469623385353,0
7674,0.18909047011115973,0
4635,0.18902321779283318,0
172,0.1889784265435511,0
3391,0.18888333746945102,0
2236,0.18888052677013675,0
4146,0.18870248904624923,0
1598,0.18864733724274865,0
5953,0.18863409797036365,0
397,0.1886262810796282,0
8584,0.188622573495059,0
2301,0.18859961029599187,0
8114,0.1885401264756612,0
904,0.1885153900268058,0
1901,0.1885131715350162,0
6879,0.18849822975897834,0
5074,0.18841671087261044,0
4715,0.18832254206322685,0
403,0.188280222464143,0
7930,0.1882789272310102,0
6674,0.18822571866543822,0
856,0.18818911554935525,0
6297,0.18817656707272665,0
3798,0.18817246820313765,0
2812,0.18815521301159388,0
2292,0.1881308732300232,0
2759,0.18812388294324603,0
424,0.18811981817796006,0
6827,0.1880878719874144,0
5216,0.18807273791497292,0
7416,0.1880724291780494,0
7129,0.18800853436023032,0
6848,0.18799527872454827,0
2115,0.1879255249734018,0
6858,0.18778848901998674,0
6743,0.1877751654586814,0
3470,0.1877566826096855,0
4269,0.1877480949944491,0
321,0.18773025963926498,0
1813,0.18769781924731688,0
8249,0.1876805729825144,0
397,0.18766781631376722,0
7767,0.1875357876527017,0
4439,0.1875101198477427,0
3506,0.18732965841231417,0
4962,0.18729536762419655,0
2867,0.18726372590711543,0
7623,0.18721979723377016,0
7679,0.18721516692234577,0
2363,0.1871037831701993,0
9183,0.18709235558166765,0
8778,0.18707556365332728,0
1987,0.18705502192595233,0
2792,0.18698418926499727,0
414,0.18692665327441188,0
4232,0.18677890824892326,0
3168,0.18675449665033433,0
3440,0.1867411366008185,0
4628,0.18662193559920104,0
4195,0.1866135872227963,0
9763,0.186602858227231,0
4734,0.18659517790667862,0
5754,0.18657031080710157,0
5639,0.18655815018898003,0
3600,0.186536828964048,0
2611,0.18652754765458385,0
1128,0.18650803340913377,0
5214,0.18647960661217478,0
5958,0.18645909834447127,0
7196,0.18642921364264484,0
675,0.18638160191884962,0
187,0.18637544205798964,0
8474,0.1863401545569531,0
7376,0.18631319791809178,0
1383,0.1862900422202381,0
4773,0.18628418721738418,0
9003,0.18624151188804247,0
692,0.18616372827965988,0
38,0.18612927037164612,0
4402,0.18609583058071294,0
303,0.18604218483529766,0
9545,0.1859528397596257,0
1128,0.1859374854659275,0
3918,0.185903645014502,0
5074,0.18589839985602882,0
9338,0.18588418717768812,0
5810,0.1858082347289328,0
9725,0.18570183651636918,0
9916,0.18569632150432047,0
9073,0.18562454298455328,0
6211,0.18559771903681507,0
3940,0.18555093404150627,0
2200,0.1854501386058718,0
9528,0.1854215729463375,0
2856,0.18537646640987018,0
8217,0.1852615441925098,0
8379,0.18519725612918403,0
2618,0.18519398168545737,0
3381,0.18514929107854763,0
9761,0.18513796952661526,0
6835,0.18509196045283516,0
5084,0.18503711954787852,0
8775,0.18494511157220836,0
577,0.18493798278162987,0
7731,0.18491773563559744,0
1176,0.18488927799732913,0
3040,0.18485267034719632,0
4871,0.18481939351978308,0
5087,0.18477174279490322,0
9753,0.18474250300251682,0
9479,0.18472013542264348,0
5869,0.18471925806503578,0
8762,0.18464498027528087,0
5297,0.18455575733050997,0
4804,0.18450800599541634,0
645,0.18450545308139327,0
5216,0.18446922018975973,0
6667,0.1844125447265544,0
1445,0.18436802543357322,0
5864,0.1842847096179913,0
1062,0.18426104432630944,0
619,0.18425480907806713,0
5273,0.1842472281796571,0
1407,0.18423110720797492,0
4336,0.18415532496095688,0
9701,0.18414735149328768,0
8177,0.18410444144814406,0
7416,0.1840705836450945,0
1543,0.1840424027829675,0
490,0.18403140399049817,0
1028,0.1840198896506403,0
1166,0.18398746913777486,0
5953,0.18392750396577473,0
1654,0.18391424588174654,0
5801,0.18390849505021717,0
8758,0.18384133935385624,0
4342,0.18377718397733453,0
9742,0.18376572221822904,0
960,0.18372679546460946,0
3311,0.1837058828687778,0
7674,0.18367111927899213,0
3726,0.18366950265347368,0
5794,0.18366728255011985,0
4336,0.18365958018490697,0
841,0.18349759962247023,0
1050,0.18339963701731427,0
8529,0.18339768847908722,0
3472,0.18338462612602788,0
5659,0.18335927810503128,0
7376,0.18332114360918386,0
3835,0.18329709741913355,0
3844,0.18327937392742932,0
8132,0.18325522410650552,0
1623,0.18324340856051052,0
3964,0.18318796165784415,0
709,0.18316255236105358,0
3547,0.1831542775803433,0
9920,0.18305008078829085,0
3497,0.18297244583207045,0
3875,0.18295165990816994,0
8718,0.1827931138635456,0
7789,0.1827495236626942,0
9554,0.1827464441029047,0
4964,0.1826813840986996,0
6796,0.18267370293613408,0
4489,0.18260353888926945,0
1668,0.18258863561156596,0
7628,0.18256300089977304,0
4912,0.1824700954101377,0
5279,0.1824599562009527,0
1668,0.1824457392237026,0
2406,0.18241157034580907,0
1580,0.18236254512116243,0
5032,0.1823346946774451,0
8099,0.18226001813500217,0
6171,0.18223638586140678,0
1854,0.18217163741860729,0
3878,0.18212029858741213,0
904,0.18209955023854316,0
4779,0.18207449542106655,0
8557,0.18204757027792054,0
5253,0.1820196778179911,0
7183,0.18201475188636335,0
254,0.18201275806884415,0
8142,0.18198519624420947,0
2162,0.1819291009142994,0
3099,0.18188789171590375,0
2002,0.18188137081616337,0
1169,0.18183590180163986,0
3470,0.1818109657294814,0
3459,0.18181035195719125,0
4529,0.18179057296197743,0
484,0.18178423490190637,0
8703,0.1817832372966255,0
1849,0.18177955410495628,0
4307,0.1816923546460416,0
6545,0.18169000195743126,0
6908,0.18164384559698346,0
7429,0.18161735619814867,0
7674,0.18160218474135567,0
9384,0.181601020918918,0
7690,0.18155079791525663,0
9585,0.18154256920258252,0
4292,0.18153402476978006,0
6156,0.18150783639654808,0
9061,0.18144111085967168,0
3397,0.18140691935797726,0
6982,0.18139407553995493,0
9789,0.18135722838951585,0
6933,0.1813234065619514,0
5804,0.18132265665452557,0
8815,0.18131286994015328,0
4618,0.1812680052143011,0
6448,0.181187802324014,0
7129,0.1811701332523233,0
7544,0.18115678532972182,0
2189,0.18112731825346287,0
2187,0.1810873023862227,0
4618,0.18100503584571415,0
3223,0.18097239232265064,0
781,0.1809664607882979,0
9971,0.18093571457867294,0
8695,0.18092756641681518,0
2064,0.18091900218329368,0
5508,0.1808600447861912,0
6437,0.18071211163744125,0
4476,0.1807106192560443,0
6647,0.18065525411830213,0
3583,0.1806440746307052,0
143,0.18057215692495784,0
8878,0.1805088992398899,0
7075,0.18050496283766648,0
7279,0.1804979319322089,0
3131,0.18048021652885443,0
7450,0.18047254473689395,0
7341,0.18046152398718832,0
2100,0.18045288926393602,0
6602,0.18043775662220746,0
1763,0.1804368053630732,0
8540,0.18042823213905804,0
5529,0.18036667929114364,0
1276,0.18032729767690484,0
7910,0.18027904121782132,0
8695,0.1802487356773981,0
2955,0.18024639343111698,0
8428,0.18017289559451952,0
221,0.1801281657495825,0
6472,0.18011220875257813,0
5936,0.18007318591094532,0
1423,0.18001714892435003,0
3529,0.1799571033922766,0
6871,0.17993635952978584,0
508,0.1799058124951161,0
5253,0.17981744757364965,0
5958,0.179803621705556,0
6254,0.17976788429756055,0
9841,0.1796673631969983,0
3324,0.1795936993908982,0
4871,0.1795661448234101,0
9894,0.179543727625011,0
6675,0.17952546447510473,0
6767,0.179515493241975,0
2547,0.17947223418884578,0
6032,0.17946155222178806,0
1931,0.17943858036255084,0
8469,0.17937925365245116,0
7228,0.1793603364276866,0
6288,0.17933639118408265,0
3632,0.17933446603216707,0
2982,0.17930024263295025,0
1676,0.17928041125897667,0
5425,0.17927480344642174,0
8723,0.1792649346048009,0
1597,0.1792638575314028,0
8529,0.17924084575231117,0
5786,0.17924018333378006,0
5425,0.17919862283560595,0
5564,0.17917396320905796,0
8130,0.17916412088952122,0
2941,0.1790394758397158,0
5776,0.17902923621202294,0
2219,0.17898267659468894,0
6331,0.17897508746719384,0
8249,0.17887560429748703,0
5741,0.1788071672094056,0
954,0.17880284185731313,0
7261,0.1787867571050966,0
9946,0.17873027172468856,0
1244,0.17869325337313546,0
3982,0.17849805671074373,0
5253,0.17847352698078744,0
1300,0.17839770325088156,0
9636,0.17837978019820033,0
3703,0.17832936854702244,0
7401,0.17827543739552,0
6788,0.17822468067191644,0
3101,0.1782070646688523,0
7514,0.17818840565982394,0
98,0.17818702573379963,0
6314,0.17813043921103075,0
7659,0.1779323146524374,0
3221,0.1778880820458029,0
9954,0.17787241518900138,0
6829,0.1778598021239716,0
3108,0.17785806065370421,0
5393,0.17784901929989938,0
6804,0.17782720612579528,0
9902,0.1778210958004067,0
9481,0.17781937766544811,0
9981,0.1776969305850498,0
1676,0.1776873867687583,0
4283,0.17768089166151782,0
8667,0.17766779955244938,0
4436,0.17762377634253657,0
3691,0.17758468930399543,0
4032,0.17758404207016296,0
8608,0.17758066153797067,0
8367,0.1775555765173266,0
3158,0.1775272287427686,0
1565,0.17741009822911427,0
2162,0.17737332753192417,0
2011,0.1771306774445182,0
9313,0.1771296139437727,0
7332,0.17711977830737036,0
3921,0.1771015696662475,0
882,0.17708531164440494,0
11,0.17708381032020093,0
7628,0.17707107120428675,0
5626,0.17704488323312187,0
5563,0.1770335332469932,0
8629,0.1770036510720851,0
5050,0.17698782160557802,0
1108,0.1769740391892169,0
6410,0.17694124928054353,0
3226,0.1769317322911487,0
4745,0.17690952973168353,0
7779,0.1768859356744132,0
5840,0.17680835800542194,0
3101,0.17680356908013523,0
3723,0.1767166908772973,0
8445,0.17670229561494538,0
2292,0.17665725980827157,0
5087,0.17657584271608112,0
3122,0.17654714564429644,0
9003,0.17652279765234197,0
5564,0.17639945276018595,0
1325,0.17639802528411372,0
9432,0.17634587686106445,0
8902,0.1763091200519699,0
13,0.17630713918041993,0
8818,0.17623378322855823,0
9705,0.17620901416210108,0
1062,0.1761469875873005,0
9412,0.1761130389550601,0
9242,0.17609353767664285,0
7936,0.17604936273147181,0
2941,0.17604227005978537,0
3702,0.17581813937212423,0
7866,0.17578754534676097,0
9429,0.17576278556074204,0
2100,0.17567018837914594,0
5319,0.17562283329769282,0
1964,0.17556154996082213,0
8342,0.17555535652351567,0
9293,0.17555271507230236,0
6972,0.1754734068812819,0
841,0.17546169210076693,0
2350,0.17544030907101832,0
8428,0.17533812940065432,0
7554,0.17528989204399423,0
254,0.17527983703400066,0
6835,0.17525451205514803,0
6748,0.1751407282766117,0
7625,0.17512964305647416,0
4252,0.17510899744729821,0
7688,0.17509842039791143,0
1817,0.17507353089098987,0
2200,0.17504995247895544,0
8099,0.17504233355930163,0
9406,0.17503555817312602,0
8885,0.17496549765656008,0
5125,0.17490676213904646,0
3604,0.1748563396905938,0
5751,0.1746034016380114,0
1379,0.17454606006282403,0
3459,0.1744151524419383,0
4187,0.17438585333987117,0
6796,0.17434037301791613,0
8635,0.17424018412658246,0
8407,0.17422095737449408,0
134,0.17419815873373654,0
4552,0.17418468020677827,0
4088,0.1741262356376853,0
9485,0.17403275089887976,0
3226,0.1740284068382561,0
8229,0.17399955212366458,0
4203,0.17378879895068464,0
7962,0.17378568402988837,0
6941,0.17364755801450024,0
4063,0.17363559595668948,0
2376,0.17363130457387543,0
9710,0.17362482225233333,0
5517,0.17362129004355797,0
3155,0.1735685262995565,0
6965,0.1735572300415776,0
3027,0.17354882995453783,0
9086,0.17348946642018245,0
8355,0.17348886637848177,0
1463,0.17345906909182163,0
2410,0.17345064699109264,0
5363,0.17344576410795834,0
4442,0.17338854531807638,0
3251,0.1733698692719341,0
5786,0.17320149570363325,0
9229,0.17319826402402794,0
321,0.17316511093486947,0
3656,0.1729452601877047,0
5402,0.172940786358259,0
2199,0.17290529126653897,0
8928,0.17288823261177058,0
3567,0.17288641474708527,0
1673,0.17283196048310645,0
6536,0.1728314931642205,0
8112,0.17277225574198332,0
6908,0.1727496112143354,0
9636,0.17273282405537918,0
19,0.1726893633846995,0
1834,0.1726371030632306,0
4694,0.17261194832017732,0
6602,0.17246945937493885,0
4528,0.1724171567518821,0
166,0.17239568069664712,0
2551,0.17233778616237141,0
6213,0.17232165336286204,0
7500,0.17232132987645285,0
7688,0.17230502312455112,0
1673,0.17221826270078652,0
8407,0.1722031123283295,0
3500,0.17216714812599773,0
4489,0.1721608936954313,0
5980,0.17205779633253843,0
2930,0.1720300331009498,0
6024,0.17201165851474273,0
7668,0.1719871871057375,0
4394,0.171892134781024,0
349,0.17185265487610601,0
9142,0.17183259919088756,0
9277,0.17179950799381283,0
9697,0.17175897920307487,0
384,0.17172584959946535,0
817,0.17167271448457133,0
1968,0.17166302978706727,0
802,0.17165562927742517,0
8229,0.17162962829743547,0
4081,0.17160614686362263,0
5249,0.17156670890799278,0
2684,0.171544932667707,0
8290,0.17144154277913265,0
1300,0.17142667837057765,0
9432,0.17140773540155874,0
2393,0.17139086221398633,0
8005,0.17137711314762688,0
4032,0.1713498173763712,0
6215,0.17127370717222884,0
3418,0.1712468214637559,0
904,0.17123664776348532,0
3940,0.1712033169369629,0
3557,0.17119909113836845,0
4032,0.17113390240246215,0
203,0.17111436881094563,0
9261,0.17109791505676034,0
5363,0.1710657852180708,0
8404,0.17105790919298192,0
5295,0.17105767842460995,0
3350,0.17101348728888544,0
4179,0.1709579086353192,0
6675,0.17087005604741629,0
5053,0.1708491236217506,0
2447,0.17079582626709636,0
4151,0.17074593298714177,0
9490,0.17068679672994372,0
4630,0.17065660182555076,0
9481,0.17064998104021134,0
8678,0.17053580247139866,0
7240,0.17047713399890627,0
3665,0.17030787125831984,0
583,0.17029193918272922,0
6472,0.17027218545596254,0
7447,0.17019144883700632,0
7220,0.17015039233653884,0
3835,0.17011676310293414,0
7347,0.17005625107471345,0
691,0.17002328018590468,0
5144,0.16992315082943202,0
5117,0.1698486130364926,0
9185,0.16983851667819652,0
1463,0.16979118146116018,0
7165,0.16968998952649472,0
5169,0.16967028982706878,0
2694,0.1696697303800715,0
7349,0.1696594359035113,0
2921,0.16959023741578888,0
8151,0.16958035315967981,0
3027,0.16950805818611236,0
7447,0.1695001854664416,0
4920,0.16944195123119848,0
9894,0.16927910081785572,0
8695,0.16920353216500578,0
3040,0.16915659299552213,0
7074,0.16901050090949732,0
3835,0.16896031908559153,0
5053,0.16893691973398234,0
1951,0.16890620855266306,0
8438,0.16886653850015176,0
9938,0.16885673922864347,0
6799,0.16885307172500777,0
8089,0.1687756808263124,0
4745,0.16877290439374118,0
9358,0.16873167241202233,0
7137,0.1687077945683122,0
800,0.16868827146938556,0
1806,0.1686879209072033,0
1597,0.16863868079968966,0
7301,0.16862934125735993,0
5264,0.1685949576137432,0
512,0.16855504752310696,0
9471,0.16853445741652773,0
1560,0.16850793347273352,0
8258,0.16850693961014906,0
899,0.1684719766870536,0
3557,0.16846227679446327,0
3221,0.16842303384875337,0
8512,0.1683864737505714,0
7688,0.1683399231189337,0
8056,0.16822636060368976,0
6948,0.1682043558809963,0
7259,0.16818936656382424,0
3118,0.1681772524277084,0
3355,0.16817657571152014,0
7007,0.16814867593846225,0
908,0.16813216321439245,0
2200,0.16812596842517544,0
9699,0.1678888309557503,0
303,0.16788412076290488,0
8385,0.16785823350397086,0
3118,0.16785646472164834,0
5225,0.167842732718032,0
3944,0.1678102074469336,0
7412,0.16773712272826405,0
9040,0.16767847033504613,0
395,0.16758959105700458,0
3844,0.167582005494682,0
368,0.16740304914446394,0
5517,0.16739205674770946,0
1710,0.16737348090052806,0
2867,0.16732830422600536,0
3108,0.16728006560945877,0
775,0.1672293879845427,0
3411,0.16722414953310594,0
262,0.16719213124684607,0
9612,0.16710254814116046,0
2695,0.1670177124571431,0
3992,0.16701242042181494,0
8326,0.1670108999489974,0
7415,0.16697932695019851,0
6033,0.166942677326958,0
5771,0.16693760941896826,0
3014,0.16683285441506576,0
5901,0.16679520462095218,0
7438,0.16672761066411668,0
7045,0.1667147777139069,0
9538,0.16669771294352032,0
5780,0.1666888751820235,0
5179,0.16667439554763794,0
8634,0.16661647384494818,0
5022,0.16660963471452603,0
613,0.1665829789674528,0
1491,0.1665791099918663,0
4814,0.16654897382699987,0
155,0.16654328733158885,0
8005,0.16649622784149412,0
5476,0.1664558344217066,0
5807,0.1663674387536478,0
5040,0.166345367684075,0
2832,0.16621853279396318,0
4264,0.16619325905124274,0
9636,0.16614354449416321,0
6011,0.16611231106254448,0
4187,0.16609715059355945,0
7608,0.16606408216485877,0
5638,0.1660034628923549,0
7227,0.165946237116886,0
327,0.16591560637693714,0
4234,0.165853305453412,0
2935,0.1658268131568166,0
4586,0.16573790289894721,0
5363,0.16567829239556867,0
3957,0.1656690389541143,0
4381,0.16563381562471854,0
7844,0.16561449399484926,0
7259,0.16558850970183542,0
3698,0.16557434823631617,0
1428,0.16551351572002843,0
7368,0.1654531102432491,0
2606,0.16536419150091966,0
7183,0.16532796505114958,0
8975,0.1652656097757688,0
5564,0.16521004442818205,0
5737,0.16520960747594418,0
4264,0.16517237559834297,0
8243,0.16515249945737498,0
3402,0.1651135282524002,0
9841,0.16510243703451513,0
2826,0.16508176171889585,0
9394,0.1650530592376117,0
4642,0.16503920741791997,0
2733,0.16502496808131434,0
9229,0.16494161269116708,0
7220,0.1648563692617066,0
2398,0.16484112693333106,0
6215,0.16480756327267992,0
3491,0.16471606581707154,0
2664,0.16469840015015622,0
4772,0.16467832746852296,0
9463,0.16466200152639168,0
3898,0.1645533815205887,0
7906,0.16448731643583397,0
8570,0.16448187513852822,0
9083,0.16445719259741312,0
8896,0.1644027252863295,0
883,0.16435614164724383,0
143,0.16433724112734677,0
2115,0.16425889178779124,0
2295,0.16425652225490042,0
7260,0.16422741986305042,0
2935,0.16418898637732432,0
1283,0.16411915980026306,0
2292,0.1640744121221274,0
4032,0.1640613942133775,0
6943,0.16405435743252011,0
5067,0.1640419863005239,0
6028,0.1639174882078243,0
2376,0.16381116694126463,0
8189,0.16380681506570396,0
5074,0.16377976096318103,0
4662,0.16374768289049227,0
9730,0.16365124338639114,0
8614,0.16360365123647663,0
3417,0.1635945695410537,0
9612,0.16359447124208024,0
1714,0.1634667054973713,0
7311,0.16342854736103582,0
7003,0.1633628300448554,0
8221,0.1633415628828687,0
2995,0.16332406230089644,0
9232,0.163165819492064,0
948,0.16306997024814598,0
3952,0.1630521294426236,0
3228,0.1630518761913383,0
3014,0.16304022950553718,0
2523,0.1629516623456829,0
5225,0.16289445155407425,0
2714,0.1628898922083916,0
1619,0.16287763388906892,0
2002,0.16277080640734423,0
1438,0.16275927215618005,0
1298,0.16274277565030237,0
541,0.16273383325478175,0
2585,0.1627221292816726,0
2693,0.16270153635280535,0
7718,0.16269703450601775,0
5307,0.1626625185858861,0
8591,0.16246538986665565,0
4493,0.16244156415808722,0
9365,0.16237566573469145,0
613,0.16234991735597845,0
2585,0.16229607241867494,0
2294,0.16227749847444473,0
2693,0.16227286341288497,0
1336,0.16216702597175112,0
4016,0.1621062901854611,0
4742,0.16199458560453903,0
6510,0.1619793067224696,0
6856,0.1619665460298095,0
8020,0.16190687179438426,0
8934,0.16186591704138042,0
6041,0.16178311174163357,0
1539,0.16170504170314245,0
2923,0.16168936957609784,0
3910,0.16166787642922098,0
8928,0.16165083506193972,0
5638,0.1616347312770035,0
6110,0.1615972816784547,0
2635,0.16157941817951588,0
6443,0.16155224008729022,0
3557,0.1615375921916619,0
2921,0.1614861612458673,0
7478,0.16145918924438865,0
2695,0.16135924077883584,0
5169,0.16132618881795663,0
2930,0.16121225754634216,0
980,0.1611993657350083,0
9800,0.16119769991157784,0
9841,0.16116712686758433,0
7565,0.1611223677495077,0
1676,0.16111143017614243,0
1438,0.16109974762257548,0
143,0.16097231474268398,0
5336,0.16095538926656064,0
7563,0.16091827787522153,0
8005,0.1609173640177214,0
1542,0.160902717658056,0
4636,0.16081954831657624,0
6347,0.16081041568671472,0
3957,0.16077771318856385,0
368,0.16071450687632152,0
276,0.160693862838928,0
7938,0.16053632361007714,0
5703,0.16045959390480277,0
8635,0.16045774079143169,0
2288,0.16043760396279141,0
9860,0.16036362991793388,0
2340,0.16033569410653634,0
4903,0.16026936698297314,0
7132,0.16023362906654479,0
2140,0.16021009296174119,0
1438,0.1602057985133523,0
786,0.16020167257170345,0
5866,0.16018495099084631,0
3261,0.1601580454209447,0
4264,0.16013455881914687,0
5507,0.16011621262256343,0
4065,0.16008431141009552,0
8689,0.16008059777270933,0
1313,0.16006987934595376,0
3111,0.160054706961673,0
3715,0.1599343344866681,0
5681,0.15989932655782052,0
5286,0.15984568471866606,0
6897,0.1597951580504404,0
1121,0.15972179511307352,0
908,0.15969838661580016,0
9705,0.15967209674194305,0
3423,0.15966225176136994,0
786,0.15962540828041252,0
7711,0.15953808175989423,0
4252,0.159510606393746,0
3108,0.15948594857423806,0
707,0.1594740646915062,0
7728,0.15946761710989932,0
6452,0.15934915628957833,0
1118,0.15933224048769604,0
1094,0.1591963884110691,0
3261,0.15918428253448433,0
585,0.15917368964961154,0
3398,0.15917063152115224,0
5843,0.159012642987404,0
1623,0.15897087868779156,0
2087,0.1588924283310075,0
4305,0.15878627054867547,0
4127,0.15874451284953994,0
1512,0.15874126368307942,0
5802,0.15861565551479076,0
860,0.15857162962318888,0
4985,0.1585519876070681,0
9049,0.1585350607932738,0
9481,0.15849184191770335,0
1761,0.15847151061684958,0
5387,0.15838454580252198,0
5290,0.15836240658896295,0
4166,0.15828192524937248,0
5703,0.15826668828087617,0
9521,0.15823115075944952,0
7438,0.15820933961851846,0
9237,0.1582055335461444,0
5598,0.15809433225760386,0
4252,0.15799306641322117,0
3974,0.15798076610746709,0
9183,0.15789723331551855,0
5437,0.15785429816493365,0
9028,0.1577453651932383,0
1980,0.15773266938680408,0
8558,0.15769100907713232,0
5062,0.15765230997259952,0
149,0.1575386429639822,0
1274,0.15753126714872465,0
1654,0.15749667238344112,0
5802,0.15748623330972958,0
6794,0.1574856441844789,0
1586,0.15746193468974887,0
5187,0.1574602674432716,0
9325,0.15735900762672944,0
5801,0.15734402564773217,0
7670,0.15733513282979952,0
4187,0.15729650593155095,0
2480,0.1572751699831529,0
9523,0.15725828654561455,0
8221,0.15725063664156178,0
4264,0.15722382529795292,0
2087,0.1572053910730471,0
6829,0.157172927746521,0
8543,0.15702769512686215,0
2655,0.15698343053782413,0
8227,0.1569478236242454,0
3697,0.15694020851266346,0
1463,0.1568859663579118,0
318,0.15677066861453398,0
1580,0.15676105262002335,0
8132,0.15669730231735665,0
887,0.15663180884260883,0
7957,0.15657977322083583,0
8910,0.1565027246984929,0
3870,0.15647494739544862,0
3808,0.1562557456249802,0
7050,0.15619220174658216,0
4181,0.15611666827980442,0
1731,0.1561130470471777,0
7541,0.15604722523535308,0
4864,0.15600966387820256,0
1493,0.15599056117611962,0
8127,0.15594265814473138,0
4778,0.1559377742033084,0
8756,0.15589855771128333,0
7398,0.15583465125710827,0
908,0.1558087337300917,0
7332,0.15576968970115562,0
4273,0.15576058010426702,0
8975,0.1557564071541135,0
3122,0.1557093157008094,0
2830,0.15570385028078465,0
6805,0.15569836996080302,0
5185,0.1556104571488015,0
2640,0.1555245603755337,0
7351,0.1555229071386049,0
7279,0.15550711917543988,0
9803,0.15549861116376903,0
1156,0.15542118366222796,0
6547,0.15541574205261227,0
1234,0.15533985558845717,0
1894,0.15533336544152399,0
5638,0.15527232523575565,0
5187,0.1552571171866407,0
8368,0.15524351825724422,0
8402,0.15519916562408567,0
3862,0.15515911402841104,0
3304,0.15515625903918961,0
8523,0.15513059871030127,0
1913,0.15511541787710775,0
1083,0.15510846800079348,0
3226,0.15509423350788762,0
1729,0.15506315172404456,0
3804,0.1550456104118165,0
7885,0.15500740974528507,0
9269,0.15498539342654669,0
9439,0.15496946382671087,0
5142,0.15495607458337488,0
6818,0.1548497643153683,0
7756,0.15484817325819653,0
8151,0.15483793676632673,0
6436,0.15482474197282395,0
1621,0.1548247152549661,0
4697,0.1547817933039126,0
6924,0.15473353457771102,0
5633,0.15470448915737273,0
2799,0.15467821782009641,0
8801,0.15466230349858312,0
3412,0.15457872018382127,0
8833,0.15455819536732435,0
5989,0.15453779363342737,0
1736,0.1545261622263873,0
5575,0.15450974632605577,0
8290,0.1544677587774856,0
172,0.1543619240280214,0
7414,0.1543218190305984,0
954,0.1542804524644675,0
8833,0.15412914910261205,0
1267,0.1540921622822109,0
1315,0.15408673352789065,0
2700,0.1540566991184801,0
1595,0.1540487984460266,0
6767,0.15401974892700196,0
840,0.15401808766036176,0
5285,0.15399862422173935,0
4299,0.15398883287394363,0
6851,0.15397475879164596,0
5681,0.15388086438958834,0
9860,0.15382960445801971,0
1066,0.15382414197099614,0
2420,0.15382335317326556,0
1649,0.15371450871170672,0
2336,0.15370644407877596,0
1393,0.153680836188092,0
6944,0.153636229753393,0
7332,0.15348791703161083,0
3415,0.15341703515540828,0
9159,0.15340493570136698,0
4155,0.15335640288499472,0
9291,0.1533495176390543,0
5896,0.1532752289902776,0
2791,0.15326250708719338,0
6071,0.15320304607474436,0
2336,0.15318135167361993,0
5801,0.15314081465906096,0
6676,0.15310005016649106,0
6624,0.15309654199996645,0
9940,0.15303027974038444,0
1107,0.15300271587618225,0
2090,0.15297704832216424,0
4805,0.15294371213056482,0
5387,0.1529212878071428,0
8321,0.15288012735430337,0
6790,0.15283695660950158,0
6749,0.1526898222988032,0
5333,0.1526639810822738,0
4476,0.15264976137122496,0
8258,0.15264058062429162,0
8370,0.1525921008196585,0
5616,0.15257881304272225,0
3604,0.15257182014433554,0
7799,0.15255017551123462,0
6943,0.15244469319946882,0
9992,0.15239348155241284,0
3255,0.15233500517995094,0
5678,0.15231482323851128,0
2237,0.15213299075499342,0
3118,0.1521154926123078,0
318,0.15207137989447242,0
7402,0.15206314932830248,0
9845,0.15204505400957288,0
1889,0.1520296712326047,0
8278,0.15202903466503612,0
3536,0.15193562347148346,0
5725,0.15189150880039137,0
4203,0.15185164444301533,0
3808,0.1518239135324108,0
1463,0.15179900710061336,0
3697,0.15178832285808688,0
8672,0.15176761405420977,0
1241,0.15173777037951314,0
7260,0.15173444793782237,0
1925,0.1516634649285269,0
3605,0.15144628791471096,0
8801,0.15143802555269648,0
1270,0.15143137884981345,0
6278,0.1514186998409504,0
4607,0.1514101718126109,0
5909,0.1513617707465531,0
8543,0.15131909972215207,0
9159,0.15118657352325737,0
2776,0.151179360798137,0
3607,0.1511761839386016,0
5271,0.1511656041946565,0
4119,0.1511507438428274,0
3760,0.15112057038130466,0
1595,0.15110075630972797,0
3786,0.15101614131540844,0
1954,0.1510001067182997,0
7350,0.15089602064786856,0
9099,0.15087158948576498,0
1834,0.1508713669605158,0
7599,0.15086134434476783,0
1491,0.15082788226515131,0
4016,0.15080334471437803,0
4890,0.15078864722832067,0
4748,0.15077467469991068,0
7692,0.15065533094005648,0
3411,0.15064719506665505,0
8543,0.15056767020642645,0
9236,0.15054538713561513,0
2013,0.15052818085254605,0
180,0.15050620085350924,0
4487,0.15048604350246517,0
2516,0.1504468215521658,0
9825,0.15044146009037995,0
2995,0.1503972285825824,0
1332,0.15038958334460126,0
432,0.1503591256785146,0
6152,0.15032517312675675,0
9274,0.15027985324911117,0
2294,0.15027402646857782,0
9496,0.15023165690484816,0
2799,0.15018101697558114,0
2516,0.15017524162943344,0
4010,0.15007897086985109,0
5145,0.15003602318316273,0
5909,0.1500347269970551,0
2443,0.14998861697599444,0
1458,0.14989810024122088,0
2416,0.1498238701939528,0
5621,0.1497974495735413,0
9722,0.14973016630143143,0
957,0.14972265235176122,0
617,0.14970562759356756,0
8522,0.14969734807887697,0
3503,0.14962061492742057,0
8815,0.14954295041839963,0
8321,0.14950596888216344,0
4053,0.1494887776976659,0
1270,0.14948437443263088,0
8960,0.14947595756759463,0
9009,0.1494630091448486,0
8603,0.14941620826500684,0
6353,0.1493989739807695,0
3371,0.14934873864837286,0
1337,0.1492326241240175,0
5184,0.14918251412252462,0
7692,0.14915750081642096,0
743,0.14913513318038407,0
9790,0.1491282616810942,0
5695,0.14908561126998812,0
9555,0.1489750858312796,0
2607,0.1489101891202714,0
8105,0.14885043566569084,0
492,0.14879540656887535,0
5178,0.14878388592775021,0
9061,0.14877748316471728,0
8007,0.14874354211121874,0
8351,0.14871433256667316,0
466,0.14857033904161399,0
5236,0.14852437064999965,0
8522,0.1484263466469107,0
673,0.14836331111868395,0
6676,0.14829605174324714,0
5432,0.14826894790224412,0
5866,0.14821948278830874,0
3540,0.1482047812636943,0
5678,0.14817170464332394,0
8570,0.14816798309994558,0
1402,0.1481412255829049,0
4070,0.14810112344389312,0
2341,0.14807920963990415,0
8910,0.148065912496177,0
9955,0.14801952346441036,0
1047,0.14800699235953485,0
5866,0.14789006619685469,0
2516,0.14788500622648618,0
5590,0.14784877630337193,0
2166,0.14781454183738293,0
7075,0.14775356949811425,0
3134,0.14773148534058447,0
737,0.14771998048958757,0
9236,0.14768445504754876,0
8066,0.14764642132535372,0
3341,0.1475718895076772,0
262,0.14755817374293925,0
9291,0.14754157670885434,0
3481,0.14752708934319794,0
2685,0.14748867738513355,0
1473,0.1474518124279081,0
5507,0.1474244009296176,0
8904,0.14736590309504372,0
2514,0.14731918758081244,0
4792,0.14724551893943089,0
7159,0.14721801543004673,0
3813,0.14718663193967638,0
9652,0.1471508193588022,0
5917,0.14712023658673712,0
5375,0.1471076627251474,0
7819,0.14701521740983783,0
9392,0.14701246486132666,0
6210,0.14698638516961154,0
3114,0.14693834578813883,0
2032,0.14691785416044353,0
6503,0.14679969596151568,0
9347,0.14679740650469358,0
6012,0.14679320991351605,0
3928,0.14677192462665006,0
1755,0.14675334353554123,0
8483,0.146709298784502,0
9083,0.14668833305637152,0
701,0.14665561006179528,0
7232,0.1466484691119575,0
9747,0.1466208415093184,0
2215,0.14646480704019205,0
8903,0.1463860764931434,0
4816,0.14635089936424617,0
9609,0.1463042534060349,0
9871,0.14629914352508147,0
1172,0.14624879419252582,0
3891,0.14623677337288382,0
4419,0.14621119421230427,0
6349,0.14621047813117893,0
7553,0.1461512657983246,0
7756,0.1460424258426306,0
3557,0.14600605785593404,0
9848,0.14599771896799218,0
3735,0.14594006760212597,0
5370,0.14590592717674228,0
6706,0.14588948070423782,0
7284,0.14586441677696854,0
2295,0.1457694153420214,0
5916,0.14574148097554512,0
7536,0.1456834826892966,0
4011,0.14552460526972247,0
5754,0.14546167603932103,0
837,0.1453868652314588,0
5801,0.14536193253328647,0
1588,0.14533824346019372,0
9484,0.14529022701226507,0
5039,0.14512374948656473,0
2851,0.1449343583563958,0
3228,0.1448516511982508,0
3412,0.14484665552211493,0
6788,0.14484316798138028,0
617,0.1448381755692248,0
9951,0.14483499598192348,0
9490,0.1447932729875747,0
6922,0.14476053514001522,0
4419,0.14474716555278946,0
810,0.14473363038061943,0
9622,0.1447304562471437,0
5603,0.14468250729587334,0
1095,0.14448705859792918,0
4632,0.14444167071463931,0
5731,0.14438598718909942,0
8073,0.14434286833275717,0
270,0.14430120385793305,0
1859,0.1442937429980366,0
1859,0.14428756279095004,0
5271,0.14422244567856238,0
6020,0.14379278831031447,0
2199,0.1437660238796402,0
6580,0.14368106576087344,0
6848,0.1436577881579751,0
9816,0.14365710175100307,0
1560,0.14353952622331684,0
4048,0.143538093229369,0
9710,0.1435206017853437,0
9458,0.1434833652003626,0
6955,0.14344083503916796,0
3134,0.14341708544512025,0
7605,0.1434129830823785,0
8242,0.14341250943557615,0
883,0.14335349834510092,0
432,0.14334852988403687,0
6862,0.14334037638148284,0
980,0.14332969068176726,0
3963,0.14329226881887203,0
1377,0.1432909499043866,0
9769,0.1432279680755545,0
737,0.14319147507505942,0
1366,0.14318108395970516,0
6944,0.14317206923674042,0
7445,0.14305484412178018,0
8603,0.14296723586321164,0
6353,0.14296445638833258,0
5737,0.14293244236294825,0
5788,0.142897148417026,0
1198,0.14286546571487935,0
970,0.14285015624708353,0
3963,0.1428256768073403,0
5202,0.14277480231592812,0
8234,0.1427455632656241,0
9881,0.1426968414528223,0
1915,0.14268161530149553,0
737,0.14261666944402981,0
5285,0.14247896005839258,0
4222,0.14244004075180905,0
3890,0.14241057703863846,0
3624,0.1424052589226188,0
3034,0.14238131989958172,0
384,0.14235664977034948,0
4228,0.14235201117567842,0
7819,0.14233691560144532,0
8056,0.14232731030375653,0
5387,0.14226949384456355,0
1200,0.1422428861821904,0
9942,0.1421818913764416,0
276,0.14204955882239437,0
7011,0.1419638457763044,0
6436,0.14195865911342137,0
5873,0.14186287440166084,0
1532,0.14184884863307393,0
2551,0.14184261536233003,0
7801,0.14178040561355326,0
5598,0.14148978217532127,0
4588,0.14139497315825977,0
3928,0.14138427004476758,0
1889,0.14132012805431093,0
5595,0.1412537413553282,0
5970,0.14124876253755878,0
5098,0.14121022561046756,0
2545,0.14116856117037105,0
288,0.1411537049986344,0
3911,0.14105414356406598,0
7844,0.14103860882240357,0
37,0.14099475094208683,0
3195,0.1409894875471278,0
5849,0.14096721042387325,0
1095,0.14094495712626606,0
7500,0.14081495426010082,0
9049,0.14078360813800847,0
4805,0.14075165632685827,0
2577,0.14073188951877702,0
9942,0.14071951015893716,0
8543,0.1407059763721376,0
4431,0.1406834982986284,0
388,0.14064592450809024,0
3692,0.14061080381422197,0
3033,0.1404491849038011,0
9944,0.14037737880460016,0
9816,0.14037365067789465,0
270,0.14036625598948987,0
648,0.1401795023690028,0
8242,0.1401230512427177,0
9608,0.14012055405069657,0
4283,0.14010974109409413,0
2890,0.140096251609937,0
5924,0.1400479571194214,0
7692,0.1399770022819919,0
2149,0.13995465469819188,0
5306,0.13993439316511253,0
8193,0.13992890569266947,0
4178,0.13985284447634055,0
6320,0.13976076965112993,0
4805,0.13971503506029148,0
7075,0.13970798410710622,0
1200,0.139697891209761,0
6347,0.139617463604846,0
4945,0.13959657355393562,0
3050,0.13952934173036993,0
4472,0.13952560579972242,0
7402,0.13952379286189112,0
5313,0.13940605160114994,0
8193,0.13934938306519426,0
4250,0.1392600327585807,0
3031,0.1392138919254247,0
4117,0.13920699798321567,0
1834,0.1391413929657501,0
2664,0.13904967415539293,0
1011,0.13894987306473666,0
9468,0.13894382374474523,0
6288,0.13892488235617007,0
3347,0.13885838298969333,0
9856,0.1387746959461447,0
37,0.13876957143571875,0
9547,0.13868777549225816,0
9437,0.1385779242677279,0
5197,0.1385203071610847,0
9856,0.13843749460286014,0
2032,0.13842288442145453,0
778,0.1384006404279757,0
9848,0.13837674619185808,0
925,0.1383648242127791,0
2420,0.13831768895746857,0
6476,0.13830812645997353,0
2225,0.1382810287331286,0
4070,0.13823827529240795,0
9652,0.13823658396391514,0
5452,0.13822372670941294,0
1915,0.1381501672740947,0
8192,0.13813597399507704,0
8693,0.1380340033206727,0
7843,0.13799195301146075,0
2237,0.13792672263908456,0
8801,0.13789161928304342,0
8006,0.13783297620850102,0
1730,0.13782362067617043,0
6659,0.13776463644553713,0
1754,0.1376719154870587,0
6443,0.13766811844138047,0
5402,0.13758879459428341,0
9922,0.13752061644617533,0
6922,0.13751281579247,0
7316,0.1374853948360943,0
4588,0.1374548994446142,0
3789,0.13740319150533892,0
3605,0.1373915372516593,0
1588,0.13714700479537065,0
5681,0.13712013114228325,0
9190,0.1370570825205512,0
8117,0.13696258186737337,0
8438,0.13688735595076063,0
6729,0.13679805074728668,0
4598,0.13674907522200402,0
8215,0.13662174365936322,0
2466,0.13658563333178503,0
7876,0.13658164559440553,0
3831,0.13650818611935062,0
755,0.1363753833513133,0
4775,0.1363493864144276,0
173,0.13633368816321764,0
2466,0.13629326741948322,0
8585,0.1362487426664802,0
7703,0.13624539410120426,0
3341,0.13609504608415005,0
2832,0.1360175704985848,0
7511,0.13590873982385288,0
1402,0.135904978667628,0
9136,0.13589975939847684,0
6786,0.13586444634835781,0
6824,0.13585505784765722,0
7511,0.135811255811702,0
4588,0.13579554762890228,0
5982,0.13578392246564297,0
2182,0.13573857203760745,0
4065,0.13561608338894646,0
6223,0.13558510932067014,0
3150,0.13551410019286556,0
8924,0.13549389105295298,0
9944,0.13545000797590218,0
5371,0.1354383556807175,0
4358,0.135434117415214,0
2809,0.1354129761662885,0
5961,0.1354069297921565,0
6897,0.13537097364449216,0
5843,0.1353056282208938,0
7159,0.1352729345124792,0
1835,0.13525014937581578,0
2317,0.1352010298314037,0
4292,0.13517297417153454,0
1542,0.13516484160202238,0
8050,0.1351236810261248,0
9941,0.13510563703473025,0
8960,0.1350294038270391,0
2838,0.1350190708731268,0
2592,0.13500563485356773,0
6786,0.13495672504355585,0
6460,0.1348148127480583,0
4827,0.1348124688942864,0
9942,0.134773510265204,0
7269,0.13477324537356009,0
8129,0.13470521256901735,0
5452,0.1346922092349164,0
7825,0.13466264367256986,0
9392,0.1345787832459002,0
6475,0.13455557465702897,0
6326,0.13454246691098773,0
4741,0.13451441988672755,0
2288,0.134498544667344,0
4456,0.13437033113509675,0
3064,0.13434696624121756,0
2225,0.13433580612613524,0
5998,0.13431169268161908,0
594,0.13425930126931895,0
5598,0.1342485037495005,0
4116,0.13423922895411108,0
2422,0.1340983752865679,0
5142,0.13396213504526494,0
8748,0.1338693423554815,0
8151,0.13383737086826078,0
2756,0.13380524775582484,0
3963,0.1337985193015763,0
3911,0.1337904727042859,0
5293,0.13371234431738402,0
4110,0.13369033526183163,0
7311,0.13364327709247514,0
2215,0.13354979637928643,0
9228,0.13341974700506506,0
1763,0.13341757992375214,0
5062,0.13339892433075895,0
7440,0.1333607177374164,0
1715,0.13326790469870395,0
8079,0.13325974996600037,0
8129,0.13324643168578285,0
4016,0.13317300754219416,0
3127,0.13306407854545774,0
1200,0.1330505953096101,0
4711,0.1329173129403341,0
8321,0.1327962546222645,0
8682,0.13279494228821426,0
6780,0.13277441435381973,0
8365,0.13274727678093406,0
735,0.13268664750689924,0
3124,0.13267252760102455,0
8756,0.13266330456043368,0
551,0.13260386629990106,0
285,0.13259728215775474,0
2710,0.13256897379006863,0
9959,0.13252883409570707,0
2516,0.13247486053786328,0
6933,0.13245334464886543,0
3673,0.13245303951781354,0
110,0.1323444338620007,0
9955,0.13234107924670324,0
5526,0.1322802407230992,0
8815,0.1322197453781568,0
2444,0.1322179095570193,0
7541,0.13208125788161232,0
7017,0.13202266223232584,0
988,0.13196143593306653,0
7284,0.13194257422302247,0
4053,0.13191832422044117,0
2891,0.13185903385550363,0
2294,0.131848958493476,0
4429,0.13179295853986736,0
6664,0.13161813173532294,0
9418,0.1315958555293895,0
5430,0.13158791977926781,0
5109,0.13149494473295623,0
612,0.13134781906949328,0
7402,0.13134158184730158,0
6907,0.13131245073917688,0
4293,0.13129881960286288,0
9925,0.13126982952943533,0
1402,0.1312600869572941,0
8341,0.1312274829913398,0
3195,0.1311593883079158,0
5171,0.13115276910444784,0
8792,0.13109119464255317,0
9906,0.13100244705835903,0
1229,0.13091051902461995,0
3582,0.13090563991285215,0
5128,0.1308578314502654,0
5091,0.1308129499400009,0
7945,0.13081060589915822,0
9443,0.13071198811012855,0
1082,0.13067487067457154,0
6389,0.1305692683288543,0
9871,0.1305609835596011,0
3413,0.1304918182161339,0
8105,0.13048275351765223,0
8770,0.1304571802251412,0
4945,0.13042515303257834,0
4116,0.13039697963191285,0
5464,0.13039031723216285,0
4788,0.13036635286205212,0
5309,0.1302811363510125,0
8927,0.1302583731772447,0
8414,0.13023775035890653,0
970,0.13016721608432236,0
7605,0.13011138044511814,0
3298,0.13008701293270666,0
6379,0.13003674680586955,0
5982,0.1300226198271487,0
4640,0.12999712864034654,0
9523,0.12996065955901298,0
1508,0.12987598914027224,0
2480,0.1297769876663677,0
9319,0.1296435777853848,0
9156,0.12960770521235887,0
9474,0.12958423292679427,0
5665,0.1295666795339718,0
9228,0.12955834546261824,0
6503,0.1295498155232476,0
6729,0.12954795475698996,0
9945,0.12944984672703927,0
1366,0.12943486078217767,0
8975,0.12942241120895323,0
6432,0.12931807790452246,0
8746,0.12915129000067735,0
3963,0.12897311761935565,0
5924,0.1289628293811915,0
3705,0.1289150107041802,0
6214,0.1288407270218547,0
3503,0.1287894958148684,0
9955,0.12876115490804305,0
5965,0.12875322469409375,0
5771,0.12866007257946707,0
5178,0.12857466569885512,0
1455,0.12856316401029907,0
5417,0.1285582656201676,0
2998,0.12836356778884628,0
6096,0.128352029969448,0
5595,0.12833521709855933,0
2182,0.12829443212254504,0
1859,0.12817065727209132,0
1356,0.12802086165894008,0
5573,0.1280007915531017,0
2215,0.12796457160736466,0
2237,0.12790810867014732,0
3733,0.12778808700145003,0
983,0.12774240350180566,0
123,0.12773977636164424,0
7017,0.12763141677733725,0
1834,0.12762106613782329,0
9845,0.12760203420055174,0
7472,0.12759587889479995,0
2840,0.12749074800280022,0
3127,0.12746640027632278,0
9747,0.1274359062976649,0
3962,0.12740423817585278,0
7094,0.12734553911003177,0
3605,0.12733932060263894,0
8833,0.1273297005690752,0
110,0.12729540018962734,0
1334,0.12727251274430582,0
338,0.1272399360032038,0
1509,0.12723488676295674,0
4,0.12723056064292654,0
3963,0.1272246044489446,0
5612,0.12714387069976554,0
6547,0.1271184556807543,0
707,0.12709432535063392,0
1932,0.12704852402803657,0
2294,0.12702905805987683,0
1588,0.12702657328273567,0
648,0.12695253180920216,0
5942,0.12694141213169455,0
9680,0.12693206940555343,0
1648,0.12679382592021735,0
6541,0.12676519286066837,0
3848,0.1267169487715704,0
1532,0.12670657246250897,0
5540,0.12663689354134325,0
8612,0.12660650671980886,0
8587,0.12659502806144748,0
1036,0.12652877466301052,0
2499,0.1264785331645836,0
4557,0.12638769630563648,0
7471,0.1263582536826933,0
2383,0.1263566194637086,0
1374,0.1262720094711298,0
4456,0.12622436789894156,0
1731,0.12612194482248484,0
3789,0.12609309281594155,0
3785,0.12602900465021524,0
1608,0.12601741774538178,0
6455,0.12601104865178345,0
8368,0.12601016643555202,0
319,0.1258648865184102,0
900,0.1257864903941938,0
9856,0.12577613797142626,0
3789,0.12573157843097052,0
1374,0.1257105635015731,0
1744,0.12568744004359717,0
821,0.1254202191502678,0
4301,0.125392530585465,0
1715,0.12517116398768435,0
7675,0.12512557247831216,0
2333,0.12508353426183874,0
9506,0.12487122400979449,0
5731,0.12478267306860544,0
9418,0.12477213808396503,0
8947,0.12470947877494488,0
5496,0.12457119469765007,0
8947,0.12456083867601675,0
4110,0.12439808496744371,0
791,0.12430113979348531,0
2007,0.12418075014983455,0
8257,0.12415627385103296,0
534,0.12410103004500977,0
2102,0.12405833592641848,0
5808,0.12404360671814334,0
412,0.1239566999342051,0
6824,0.12393918553452823,0
5350,0.12391135746267624,0
6707,0.12386528408767286,0
8758,0.12383639910940011,0
3150,0.1238276172343557,0
7051,0.12369663454515178,0
6195,0.12364544040156457,0
7322,0.1236327435412319,0
2516,0.12358387306835902,0
9945,0.12355569784525466,0
8227,0.12353657875900852,0
3723,0.12346373686747787,0
2221,0.12342103134402976,0
5876,0.12328880005051696,0
4840,0.12322483181559415,0
1374,0.12316340458729752,0
5876,0.12313340136094927,0
3363,0.12312786461328475,0
5916,0.12310082038749391,0
6280,0.12309518726588853,0
233,0.1229751447896364,0
9776,0.12288530629380513,0
8768,0.12288002770966218,0
7290,0.12284466973226063,0
4028,0.1228223711751247,0
4795,0.12270247302646997,0
8020,0.12269999034136787,0
2818,0.12268625698639829,0
2287,0.1226774711868896,0
356,0.12265743040232926,0
8257,0.1226067158855171,0
2378,0.12252519445182555,0
3673,0.12229380316258667,0
4456,0.12217429183717814,0
7319,0.12216930273366555,0
1725,0.12215591461826861,0
7316,0.12211055760889335,0
2225,0.12210442752273966,0
3444,0.12207595785355461,0
9313,0.12204788506433688,0
1365,0.1220035501199079,0
9000,0.12198979863978834,0
3454,0.12192727547105996,0
9776,0.12177352648294205,0
3315,0.12171169309578192,0
5749,0.12167205006542198,0
3785,0.1216664349944317,0
1332,0.12165064796445335,0
6862,0.12160895387246859,0
3621,0.12160117834130255,0
89,0.1215420254021378,0
630,0.12147390023781938,0
2514,0.12132425421021492,0
8523,0.12125764973152399,0
3127,0.12123071054241734,0
5234,0.12122702480971739,0
9918,0.12121468058312718,0
2551,0.12113968584172266,0
8433,0.12111300181643846,0
2150,0.12103288425385574,0
4117,0.12097699497668175,0
2225,0.12092008649946588,0
7394,0.12076442608929411,0
6298,0.12073227823324414,0
8713,0.1207000327593097,0
2987,0.12040464116401094,0
6298,0.12034947402336005,0
2998,0.1203491041234967,0
219,0.12031555257173249,0
2480,0.1202819478647064,0
9313,0.12016934120963658,0
3914,0.12014669060821817,0
1251,0.12008102710003313,0
4000,0.11982014570284572,0
2475,0.11950364226682424,0
9547,0.11946187370702754,0
7189,0.11940436099938173,0
6764,0.11928328250985296,0
3170,0.11925476860099814,0
6862,0.11924880168298067,0
4557,0.11923771837098611,0
7682,0.11909207468413224,0
6534,0.11909108596879138,0
798,0.11906421446914035,0
1725,0.1190420523238814,0
5054,0.11902635257017778,0
6927,0.11895936277741426,0
3789,0.11880297272858248,0
851,0.11861946986699994,0
1621,0.11849020736126956,0
2905,0.11847926401287365,0
1608,0.11847138538142356,0
5873,0.1184676160646769,0
1229,0.11837134279431867,0
9410,0.11831078459698145,0
598,0.11825568603829732,0
8077,0.1182519567562258,0
5749,0.11815332519707884,0
9295,0.11814815257337656,0
1710,0.11811709679638253,0
988,0.11810498497542342,0
4455,0.1179485436530747,0
8108,0.11783985980812045,0
533,0.11770767207112298,0
5417,0.11769569333462125,0
5808,0.11765542023332287,0
1932,0.11754532952162841,0
2999,0.11753119443434662,0
5496,0.11748312493893685,0
9225,0.11742008066993362,0
4986,0.11727749190000929,0
8520,0.11724588141900949,0
7262,0.11719659864567925,0
2329,0.1171949916258339,0
5915,0.11694748103848894,0
4738,0.11690877648458851,0
8075,0.1168453160234167,0
8387,0.11679906627015789,0
1095,0.11676337776905459,0
6475,0.11674616914914118,0
793,0.11669843720705902,0
9776,0.11668666510250039,0
8592,0.116676967677516,0
8816,0.11657616759021716,0
8020,0.11651335140094313,0
7440,0.11649391322804732,0
968,0.11636162027387885,0
763,0.1162250858798919,0
8760,0.11619321632056029,0
2776,0.11611745895772443,0
1932,0.11607739864975057,0
7866,0.11607455328178845,0
5148,0.11606182513189583,0
5540,0.11598208900540362,0
3689,0.11592315511290932,0
3438,0.1158951630448649,0
2818,0.11583093298584932,0
768,0.11576629999343578,0
6190,0.11570796924168551,0
7080,0.115591256678173,0
6510,0.11558129539949773,0
5978,0.11557805728513991,0
3191,0.11550438645112471,0
7863,0.11540697683732762,0
1662,0.11540199340915888,0
5676,0.11537466239546595,0
1355,0.11533764228271941,0
2027,0.11531315237455121,0
3899,0.11514521240304804,0
8391,0.11512919340834245,0
9616,0.11507035976160658,0
3789,0.11489251807151894,0
678,0.11476390322108772,0
9313,0.11475793810901443,0
1689,0.11462942226771812,0
1377,0.11449532948156263,0
7960,0.11444796964797094,0
2974,0.11428350784280088,0
4306,0.11427925364632198,0
5594,0.11424056106960664,0
6148,0.1141332965975345,0
7360,0.11409252027373115,0
9347,0.11402491700771174,0
6332,0.11401892882559869,0
2281,0.11401697722364373,0
7414,0.11400300357104463,0
7941,0.11390651803074098,0
7941,0.1138514318464785,0
3436,0.11384710075012194,0
5900,0.11378654535369942,0
3971,0.11366752813489144,0
5004,0.11365788715752234,0
9325,0.1136304424454767,0
5828,0.11357164451037119,0
9885,0.11335436881937043,0
6066,0.11323831909614725,0
6541,0.11319282045491608,0
9035,0.11318759444279061,0
2779,0.11299746775157188,0
8652,0.11297093382894015,0
8646,0.11295690752921474,0
9071,0.11293207222975693,0
4455,0.11282003612666697,0
6299,0.11277710264104221,0
4738,0.11272926757167025,0
763,0.11266264966394093,0
6779,0.11264508453060139,0
3944,0.11263498546912787,0
9155,0.11261673470395568,0
7960,0.11257277634860119,0
1621,0.11249621968700567,0
4840,0.11231964210856307,0
9471,0.11229303929335699,0
3554,0.11228866926124961,0
667,0.11225541303406036,0
4110,0.11217035890190473,0
5915,0.11207263565595008,0
1708,0.11184537134237352,0
5680,0.11166720141002855,0
2891,0.1116467593752386,0
9992,0.11162052124824412,0
2469,0.11144541556773889,0
902,0.11139450501259829,0
3665,0.11139033054819743,0
50,0.11136328367259198,0
4776,0.11135338590450453,0
8357,0.1113424196901486,0
9232,0.11133051977897698,0
8324,0.11125060451765338,0
947,0.11125055561864276,0
6208,0.11124491932545254,0
2991,0.1112383324807706,0
6267,0.1111095475867241,0
7554,0.11109611701800173,0
9137,0.1110900268761274,0
1822,0.11102978064032071,0
6395,0.11095632574422065,0
492,0.11095394924379116,0
8957,0.11089835529126542,0
8281,0.11081495664198689,0
2341,0.11074977987774484,0
3490,0.1107258112073989,0
5496,0.11067082265884676,0
8273,0.11059790921905514,0
7322,0.11059790356443346,0
9361,0.11049459240057666,0
1708,0.11043625116819235,0
3438,0.1103890356979814,0
7428,0.1103883393968037,0
7682,0.11020897150840497,0
9613,0.11019811998536867,0
6420,0.1101880750410635,0
568,0.11016402200489751,0
8826,0.1100423461721495,0
2533,0.10987779548179571,0
8760,0.1098676887965431,0
7428,0.10976263569242645,0
5264,0.10975817344477286,0
9474,0.10972951894556039,0
7384,0.10969678103861799,0
299,0.10966028732995435,0
5417,0.1096490523670615,0
7311,0.10961663085112129,0
8257,0.10957420763541435,0
4079,0.10953261864710355,0
1352,0.1095315838048481,0
9549,0.10951692203618153,0
3139,0.10950344897654095,0
7672,0.10949254045700373,0
2738,0.10949145968370631,0
8592,0.10948369752274421,0
3898,0.10941767845787755,0
8699,0.10939012197056754,0
793,0.10931005963909775,0
6317,0.1092735106744548,0
6760,0.1090342218851134,0
4776,0.10902796496796295,0
2833,0.10898568411300445,0
2900,0.10892719208477024,0
7050,0.10873779224199277,0
6106,0.10855771994702951,0
6008,0.10851266616483952,0
299,0.10841013544644035,0
1808,0.10838170522664559,0
7263,0.10831079159424914,0
6,0.10819877537522203,0
7251,0.10816073128533192,0
4081,0.10813192002924367,0
7131,0.1080537120904531,0
5496,0.10759224474447465,0
4741,0.10745285047592035,0
2129,0.10732705942737461,0
3597,0.10727104475421168,0
8758,0.10726129082295868,0
7471,0.10724267973151431,0
4477,0.10717721312852715,0
1472,0.10710365756427997,0
2129,0.10707034368415498,0
7554,0.10704814059751616,0
1954,0.10693866684332709,0
876,0.10684100711425114,0
533,0.10680992515196405,0
9064,0.10676903568028781,0
3568,0.10674779684621591,0
4986,0.10669303793492012,0
3347,0.10665961510005406,0
6148,0.10664588929033879,0
6127,0.10656684285079965,0
2284,0.10653090812931564,0
4880,0.10652478284458207,0
6857,0.10649852127811378,0
7450,0.10636463753511129,0
6208,0.10634785954239213,0
6008,0.10632267436706597,0
2900,0.10611003320292105,0
5474,0.10597689362300951,0
2281,0.10591043054954671,0
4284,0.10588255555890726,0
6395,0.10583727747244649,0
2068,0.10581762677401714,0
873,0.10581569396227243,0
6106,0.10577012051531821,0
1365,0.10558975726017734,0
8433,0.10551443476472905,0
7914,0.10550405769341424,0
5813,0.10546367133379768,0
2221,0.10533277771237094,0
4446,0.10528122473810535,0
9745,0.10527616138879864,0
6760,0.10520982556218812,0
2393,0.10517132841012924,0
373,0.10498293135507633,0
1077,0.10493636644870982,0
83,0.10483864017933921,0
988,0.10479565275226871,0
9472,0.10467288234219543,0
4048,0.10467262733602334,0
2049,0.10466370236228965,0
1156,0.10463678493414863,0
9235,0.10457393397227871,0
7863,0.10449924822697162,0
6533,0.10432803756186318,0
7673,0.10429567254720648,0
4880,0.10428431753194245,0
9472,0.10414639505759647,0
2111,0.1040780454961066,0
4982,0.10384754119867387,0
3846,0.1037863133432325,0
292,0.10368381771285563,0
5238,0.10362384949044967,0
3883,0.1035905380143896,0
7098,0.10350408981333586,0
5138,0.10340488915800637,0
373,0.10335940562371271,0
8108,0.10331378525964945,0
4859,0.10324952449263003,0
7189,0.10304069169853702,0
3438,0.10298279029098577,0
6459,0.102873924961816,0
2976,0.10280358460710423,0
9881,0.10276451007529802,0
6374,0.10274024675543746,0
6750,0.10272710576704329,0
6476,0.10272035693974971,0
373,0.10268170823645657,0
7732,0.10244997633975012,0
6214,0.1023852486874968,0
9336,0.1023674105020096,0
5589,0.1022954141765612,0
1117,0.10228901975113809,0
6299,0.10222753002606653,0
2341,0.10222167911674478,0
4883,0.10221944623840955,0
8108,0.10219705082660994,0
3447,0.10219620421315012,0
9745,0.10217967365091839,0
1117,0.10212498621088165,0
6878,0.10201724971355437,0
3733,0.10197305374220166,0
7647,0.10178050585751734,0
7512,0.10176488013739743,0
9474,0.10156759156601333,0
4739,0.10153144149338918,0
2190,0.1014652373880888,0
7131,0.10145900842119786,0
6941,0.10137219047665627,0
2726,0.10123027304108524,0
2738,0.10119003771016054,0
6851,0.10117220333985884,0
1767,0.10108715349631983,0
5054,0.10108166250192034,0
1767,0.1010270290746084,0
5664,0.10097963769034837,0
7131,0.10097692315847305,0
6898,0.10074507035188068,0
5373,0.10071813644782902,0
7514,0.10061627088847509,0
9616,0.10033056110357323,0
6907,0.10026209638071047,0
793,0.10019987985175717,0
7829,0.1001286014744857,0
6106,0.10012114972585894,0
7056,0.1000304135555189,0
4181,0.0999358090338067,0
9235,0.09989947237251197,0
9616,0.09979497414622594,0
5127,0.09977091265288966,0
1067,0.09975478590467202,0
2383,0.09975430334653783,0
873,0.09959101712164106,0
6395,0.0995677868682958,0
3932,0.09947290933229867,0
7358,0.09941925508768197,0
9464,0.0994015869301165,0
8297,0.09925388787965383,0
638,0.09922319436494328,0
4739,0.09919150302996597,0
4528,0.09914302507282609,0
7308,0.09913080834393243,0
6567,0.09906623737340392,0
9881,0.09902657511206847,0
6959,0.0990131775097396,0
2603,0.09897006859909424,0
8572,0.09892388108896082,0
8553,0.09884300037401662,0
8553,0.09883268611553993,0
8038,0.09864326035382516,0
9825,0.09862498806068236,0
3270,0.09858690658034332,0
2312,0.09846920674853238,0
6395,0.0983929649941219,0
5332,0.09831974383609196,0
3555,0.09824076679362684,0
480,0.09812421916938825,0
5237,0.09808371776471038,0
5720,0.09773118800982188,0
9623,0.09758598524350458,0
5237,0.09757896392296207,0
7358,0.09756856920907864,0
9472,0.09754609277836808,0
2006,0.097460683493414,0
8329,0.09742139177576829,0
5692,0.09739444994402387,0
6280,0.09735447365556872,0
6567,0.09735211132796404,0
7319,0.09725349035244717,0
2541,0.09721126153023067,0
8474,0.09715950484848171,0
6700,0.09705782634505497,0
4816,0.09684739690461758,0
6459,0.09683333061553107,0
4653,0.09671898568384478,0
8952,0.09662648535695652,0
4446,0.0965240684855426,0
7783,0.09643889957231595,0
2288,0.0964196569231577,0
5474,0.09611651401787899,0
3555,0.09610021200273498,0
9641,0.09602463436083035,0
2918,0.09593180662163522,0
784,0.09584928751652126,0
3220,0.09584842527721499,0
3846,0.09584553695301187,0
3996,0.09577404896169021,0
9774,0.09561305520409873,0
7350,0.09549365344515896,0
9261,0.09537759424398606,0
6323,0.09525589832361063,0
851,0.09517279163587794,0
5899,0.09515393900731435,0
9261,0.09511974883135797,0
338,0.09507570484997128,0
4859,0.09505126595464358,0
6145,0.09498929534567993,0
2305,0.09496444658875475,0
7358,0.09483274431188429,0
8351,0.09476084403365435,0
6959,0.09475954231229294,0
1739,0.09471002976101106,0
5268,0.09465709936280227,0
3503,0.09455312914910036,0
2068,0.09436653331530376,0
6146,0.09436350857409005,0
3555,0.0943268466473983,0
9132,0.0942336698287796,0
386,0.0940381646329901,0
8652,0.09402779689205538,0
4974,0.09400886881435064,0
787,0.09388704319931725,0
3597,0.0938825580125472,0
6959,0.0938174674190532,0
612,0.09372494017915765,0
3939,0.09359851705321134,0
2178,0.0935893481518213,0
9641,0.0935883852738471,0
4477,0.09351739651421476,0
1993,0.09346619780740693,0
3081,0.09346022737511368,0
4284,0.09308547604771975,0
807,0.09308431885534853,0
5238,0.09301730535813686,0
8365,0.093007061740583,0
9147,0.09298526182509008,0
2284,0.09290384823459814,0
2971,0.09281134736352535,0
967,0.09261804589061952,0
8671,0.0924979743157613,0
4711,0.09229510364272785,0
4859,0.09226775143809669,0
6961,0.09220721787647623,0
9232,0.09212396219244905,0
2901,0.09204367767436467,0
5286,0.0920309987353152,0
1083,0.09202125514432595,0
3393,0.09189212761708192,0
8722,0.09184580070294662,0
3139,0.09182507240522719,0
9508,0.09171699731716701,0
2680,0.09157128862559455,0
1037,0.09157032633823826,0
9826,0.09138377992760792,0
2006,0.09124783023867536,0
1037,0.09113115239474923,0
9152,0.09105788244264226,0
2769,0.0910547292738524,0
6367,0.09091844683287954,0
6145,0.09086521406156266,0
634,0.09082379075301902,0
5373,0.09065713526603124,0
3298,0.09047231770307093,0
5899,0.09014268079378718,0
3761,0.0898915746481775,0
807,0.08975605157061685,0
9826,0.08975209490393957,0
6707,0.08964073647981305,0
3555,0.0894539233766635,0
7514,0.08921821975311968,0
3891,0.08909637568960924,0
2068,0.08906549360075812,0
4695,0.0890019996579602,0
103,0.08849585988349563,0
8329,0.08838907028410113,0
6323,0.08785021753309591,0
1354,0.08783400780161754,0
4653,0.08761984656920502,0
5645,0.0874471572844233,0
3197,0.08737025506749811,0
8322,0.08700110515251547,0
6836,0.0869454909921698,0
1083,0.08666545972602864,0
7137,0.08664302012517218,0
1230,0.08650620600342977,0
3666,0.08625911071809589,0
6737,0.08621056368769092,0
7086,0.08616053145743587,0
5986,0.08614371545083702,0
9641,0.08610475909300941,0
5986,0.08588124982643747,0
1633,0.08556262029688909,0
6442,0.08545046499416988,0
4057,0.08534028450973039,0
1011,0.0850753016136403,0
5700,0.08499681204293597,0
758,0.08490686397729794,0
6127,0.08481394869517402,0
4057,0.08474308812240894,0
9818,0.08453322159151623,0
3666,0.0845063129646199,0
7963,0.08377801884506886,0
3842,0.08370805061038006,0
7419,0.08362228377971209,0
3197,0.08358769398781538,0
282,0.08352456685710757,0
9656,0.08347229931938784,0
6367,0.08346833678149743,0
5238,0.0832994831276313,0
7263,0.08328835925317248,0
6233,0.08327735498647883,0
3135,0.08306399543895254,0
2001,0.08301322759599974,0
941,0.08290527950174671,0
1605,0.08277886894297434,0
9336,0.08272249071926494,0
4558,0.08265977350851575,0
1633,0.08251624836662118,0
9132,0.08248951206188979,0
2305,0.08243612364111753,0
3553,0.08233411853021892,0
4200,0.08231186858405208,0
3694,0.08229577482909474,0
3666,0.08223046445357637,0
7704,0.08201982612062249,0
9442,0.08197395285479543,0
2358,0.08193650672768174,0
237,0.0816682293722874,0
3368,0.08146763673870648,0
668,0.08144574278761765,0
5869,0.08136748013990035,0
7308,0.08093330019034305,0
8329,0.08074657248600428,0
2412,0.08072177004328905,0
5406,0.08069820231202314,0
2027,0.08065992804033285,0
7672,0.08055649794976882,0
7051,0.08029945130781857,0
3255,0.08022085551154425,0
1122,0.07973083639918406,0
6707,0.07964846552152394,0
1689,0.07962025580533819,0
5491,0.0794973341492056,0
807,0.07949463615446901,0
3712,0.07934987334626237,0
4057,0.07890707405970936,0
5491,0.07875168847915374,0
3894,0.07871262787589954,0
282,0.07857864618950738,0
5491,0.07816449762034862,0
9817,0.07810412406227828,0
1766,0.07799769498727026,0
8676,0.07796749906451357,0
5243,0.07780793636934985,0
9586,0.0777172496595195,0
5275,0.0771001386716719,0
5243,0.0770832468471492,0
2826,0.07681472846383718,0
3851,0.07676055364991917,0
2526,0.07649292817095026,0
6123,0.07647669545556364,0
1709,0.07588030436977065,0
6707,0.07569295793425121,0
6737,0.07553279093540184,0
2526,0.07537746093998211,0
3842,0.07531145874274557,0
4389,0.07523509832078844,0
902,0.07512848478922841,0
9118,0.07512753288330956,0
1934,0.07512685809621841,0
4367,0.07511328441557988,0
9225,0.07493332190143932,0
798,0.0748468635225043,0
3989,0.07450322319775413,0
983,0.07437388836014654,0
9743,0.07418907092351473,0
4558,0.07417440874173853,0
6285,0.07387246430391277,0
4904,0.07382867434253725,0
7094,0.07366475509511021,0
7263,0.07350450042756969,0
3062,0.07343540708924641,0
1709,0.07328795655717713,0
1838,0.07326004015756254,0
3553,0.073213264037968,0
9436,0.07315609324987993,0
9774,0.07314587810875492,0
3842,0.07304628076175249,0
1122,0.07274754635118964,0
2781,0.07269359207858715,0
4151,0.07267004045550793,0
3368,0.07261904815701978,0
5090,0.0725317141057257,0
3989,0.07253014042708457,0
5709,0.07231513842152212,0
8209,0.07230906175908847,0
9436,0.07209014312914458,0
3135,0.07206234092943178,0
7963,0.07195041607460867,0
4325,0.07193479118338889,0
7678,0.07190922398041087,0
8118,0.07179078608412423,0
3989,0.0717691082183382,0
6355,0.0717580972800937,0
7337,0.07173957003638504,0
3654,0.07151665729354455,0
9081,0.07125143939816081,0
9774,0.07073642512133886,0
2781,0.07057447262375503,0
2781,0.06997680466021641,0
5613,0.06983831430874719,0
4720,0.06931849661627668,0
6694,0.068981807767365,0
594,0.06875800190607309,0
329,0.068742343155173,0
1605,0.06849520012318386,0
9261,0.06846823487811037,0
2503,0.06841278904493342,0
4325,0.06811198547173004,0
9389,0.06806784695328444,0
1945,0.06803957136204548,0
3930,0.06796651293600976,0
3164,0.06768489668655987,0
4720,0.06724010152584893,0
8436,0.0671456562750019,0
583,0.06708179834824908,0
4389,0.06669217785843799,0
3000,0.06668856579189063,0
3220,0.06609089984859756,0
8436,0.06603222736139155,0
1575,0.06597312562920762,0
7086,0.065120143246034,0
5141,0.06473509611996209,0
9389,0.06435713566221035,0
7389,0.06345686621914286,0
876,0.0634445996373657,0
329,0.06293266269647323,0
4167,0.0623695004427524,0
8004,0.06236093891342348,0
3541,0.06181176599075291,0
7618,0.06090847857535052,0
2781,0.060380692128060694,0
5310,0.05952050656117156,0
3631,0.05923129202198482,0
7005,0.0586434254937679,0
652,0.057801633936101666,0
7678,0.057254633790986505,0
5613,0.05723477359324153,0
4221,0.0565125850752539,0
8654,0.05644249833825231,0
9389,0.05615188714071163,0
807,0.055437037121127984,0
5692,0.05501254652104086,0
6673,0.05455273969791109,0
7618,0.05426520157807481,0
7618,0.05387739682047029,0
652,0.05320969969103216,0
9708,0.052526544217662396,0
7678,0.05231324221809926,0
9492,0.05223270237256631,0
9990,0.05155451730449837,0
6560,0.050788780249781514,0
6673,0.05028477719989929,0
5310,0.04951956841939054,0
1092,0.04928581324743306,0
1659,0.04891132832253241,0
1153,0.048180301315193144,0
2329,0.04783893034999567,0
8091,0.04594672919432244,0
1086,0.045591388079629445,0
1961,0.04526690333021982,0
2826,0.044299132871364506,0
8693,0.04322917940300508,0
8039,0.043172176726609265,0
1086,0.04291087127864807,0
8214,0.03947929117876772,0
1086,0.038487960181404685,0
8038,0.03428969292907197,0
8038,0.033049689529472494,0
